CustomerId,Total_Amount,Avg_Amount,Std_Amount,Max_Amount,Min_Amount,Transaction_Count,Unique_Products,Unique_Categories,Fraud_Rate,Avg_PricingStrategy,Recency_Days,Avg_Transaction_Hour,Cluster,is_high_risk
CustomerId_1,-10000.0,-10000.0,0.0,-10000.0,-10000.0,1,1,1,0.0,4.0,83,16.0,0,1
CustomerId_10,-10000.0,-10000.0,0.0,-10000.0,-10000.0,1,1,1,0.0,4.0,83,16.0,0,1
CustomerId_1001,20000.0,4000.0,6558.963332722634,10000.0,-5000.0,5,3,2,0.0,2.0,89,7.8,0,1
CustomerId_1002,4225.0,384.09090909090907,560.4989660196449,1500.0,-75.0,11,3,2,0.0,2.909090909090909,25,13.454545454545455,1,0
CustomerId_1003,20000.0,3333.3333333333335,6030.478145774734,10000.0,-5000.0,6,4,2,0.0,2.0,11,14.333333333333334,1,0
CustomerId_1004,2000.0,2000.0,0.0,2000.0,2000.0,1,1,1,0.0,4.0,52,18.0,0,1
CustomerId_1005,48800.0,5422.222222222223,5983.6815126178335,10000.0,-5000.0,9,3,2,0.0,2.2222222222222223,46,10.11111111111111,0,1
CustomerId_1006,1000.0,1000.0,0.0,1000.0,1000.0,1,1,1,0.0,2.0,64,7.0,0,1
CustomerId_1007,28000.0,28000.0,0.0,28000.0,28000.0,1,1,1,0.0,2.0,81,6.0,0,1
CustomerId_1008,20000.0,10000.0,0.0,10000.0,10000.0,2,1,1,0.0,2.0,65,13.0,0,1
CustomerId_1009,500.0,500.0,0.0,500.0,500.0,1,1,1,0.0,4.0,27,6.0,1,0
CustomerId_1010,26335.0,3762.1428571428573,4971.798816946486,10000.0,-1000.0,7,4,3,0.0,2.0,41,11.428571428571429,0,1
CustomerId_1012,124906.0,1687.918918918919,3441.4863138083697,22000.0,-1100.0,74,4,2,0.0,1.472972972972973,4,16.04054054054054,1,0
CustomerId_1014,763880.0,95485.0,119332.84340149493,300000.0,1000.0,8,1,1,0.0,2.0,49,9.125,0,1
CustomerId_1016,20000.0,4000.0,6745.368781616021,10000.0,-5000.0,5,3,2,0.0,2.0,4,18.0,1,0
CustomerId_1020,292195.0,1439.384236453202,2500.4482251946347,10000.0,-100.0,203,6,3,0.0,2.0,26,11.911330049261084,1,0
CustomerId_1021,5000.0,5000.0,0.0,5000.0,5000.0,1,1,1,0.0,2.0,77,19.0,0,1
CustomerId_1022,7000.0,7000.0,0.0,7000.0,7000.0,1,1,1,0.0,2.0,34,13.0,1,0
CustomerId_1025,17200.0,1075.0,1803.6536992079898,5000.0,-1000.0,16,4,2,0.0,2.125,11,15.75,1,0
CustomerId_1027,26770.0,1912.142857142857,3484.2705418482087,10000.0,-50.0,14,6,3,0.0,2.0,0,12.857142857142858,1,0
CustomerId_1028,500.0,500.0,0.0,500.0,500.0,1,1,1,0.0,2.0,25,9.0,1,0
CustomerId_1029,51000.0,5666.666666666667,8692.669325356856,20000.0,-5000.0,9,5,3,0.0,2.0,7,9.666666666666666,1,0
CustomerId_1030,2350.0,293.75,713.8614811612364,1000.0,-1000.0,8,3,2,0.0,2.0,30,12.0,1,0
CustomerId_1031,106838.8,2136.776,4615.395748241059,23000.0,-5000.0,50,8,4,0.0,2.4,14,12.4,1,0
CustomerId_1032,2000.0,1000.0,0.0,1000.0,1000.0,2,2,2,0.0,3.0,33,1.0,1,0
CustomerId_1033,950.0,475.0,742.4621202458749,1000.0,-50.0,2,2,2,0.0,2.0,66,9.0,0,1
CustomerId_1034,40508.0,2531.75,7896.613345816885,28000.0,-5000.0,16,6,4,0.0,2.0,8,10.8125,1,0
CustomerId_1036,-50.0,-16.666666666666668,1000.4165798972613,1000.0,-1000.0,3,2,2,0.0,2.0,90,9.0,0,1
CustomerId_1038,19000.0,3800.0,6685.805860178712,10000.0,-5000.0,5,3,2,0.0,2.0,11,13.0,1,0
CustomerId_1039,248895.0,8296.5,10395.940284387541,22050.0,-5000.0,30,5,3,0.0,1.9333333333333333,11,11.2,1,0
CustomerId_1040,50000.0,50000.0,0.0,50000.0,50000.0,1,1,1,0.0,2.0,37,6.0,0,1
CustomerId_1043,14000.0,2333.3333333333335,6976.14984548545,10000.0,-5000.0,6,3,2,0.0,1.6666666666666667,46,19.0,0,1
CustomerId_1044,21848.5,1365.53125,2064.1874064527988,6000.0,-622.0,16,6,3,0.0,2.25,47,15.5625,0,1
CustomerId_1048,1000.0,1000.0,0.0,1000.0,1000.0,1,1,1,0.0,2.0,42,7.0,0,1
CustomerId_1050,5000.0,5000.0,0.0,5000.0,5000.0,1,1,1,0.0,2.0,53,18.0,0,1
CustomerId_1052,56900.0,8128.571428571428,18504.47822246589,50000.0,-1000.0,7,3,2,0.0,2.0,23,11.285714285714286,1,0
CustomerId_1053,13788.0,1969.7142857142858,1911.4446294435452,4000.0,-12.0,7,3,2,0.0,2.0,89,4.857142857142857,0,1
CustomerId_1054,159000.0,3057.6923076923076,6112.9647232247835,30000.0,-1000.0,52,4,2,0.0,2.0,4,17.596153846153847,1,0
CustomerId_1055,5850.0,1170.0,1338.6560424545207,3000.0,-100.0,5,3,2,0.0,2.0,81,9.8,0,1
CustomerId_1056,5500.0,1375.0,1108.6778913041726,3000.0,500.0,4,2,2,0.0,2.0,55,11.5,0,1
CustomerId_1057,4504.0,2252.0,3886.258869401265,5000.0,-496.0,2,2,2,0.0,2.0,90,6.0,0,1
CustomerId_1058,13815.0,476.37931034482756,597.271917841752,2000.0,-100.0,29,5,3,0.0,2.8275862068965516,4,13.724137931034482,1,0
CustomerId_1059,40000.0,4444.444444444444,6463.573143221772,10000.0,-5000.0,9,3,2,0.0,2.0,11,13.333333333333334,1,0
CustomerId_1063,13325.0,1110.4166666666667,1608.6590383033788,5000.0,-1000.0,12,4,2,0.0,2.0,1,13.25,1,0
CustomerId_1064,191650.0,4563.0952380952385,6424.71627468643,20000.0,-5000.0,42,7,4,0.0,2.0,5,15.619047619047619,1,0
CustomerId_1068,500.0,500.0,0.0,500.0,500.0,1,1,1,0.0,4.0,52,14.0,0,1
CustomerId_1070,5000.0,5000.0,0.0,5000.0,5000.0,1,1,1,0.0,2.0,25,15.0,1,0
CustomerId_1071,236290.0,33755.71428571428,57242.85162275515,120000.0,-1610.0,7,4,3,0.0,2.2857142857142856,2,11.285714285714286,1,0
CustomerId_1073,1000.0,1000.0,0.0,1000.0,1000.0,1,1,1,0.0,1.0,71,17.0,0,1
CustomerId_1074,167500.0,3641.304347826087,5656.405458001928,10000.0,-14500.0,46,5,2,0.0,2.0652173913043477,4,11.065217391304348,1,0
CustomerId_1078,19000.0,3166.6666666666665,7626.707459098367,10000.0,-5000.0,6,3,2,0.0,1.6666666666666667,46,21.0,0,1
CustomerId_1079,20000.0,20000.0,0.0,20000.0,20000.0,1,1,1,0.0,1.0,44,18.0,0,1
CustomerId_1080,5000.0,5000.0,0.0,5000.0,5000.0,1,1,1,0.0,2.0,30,6.0,1,0
CustomerId_1081,1500.0,750.0,353.5533905932738,1000.0,500.0,2,2,1,0.0,4.0,13,19.0,1,0
CustomerId_1082,19000.0,3800.0,6685.805860178712,10000.0,-5000.0,5,3,2,0.0,2.0,46,13.0,0,1
CustomerId_1083,500.0,500.0,0.0,500.0,500.0,1,1,1,0.0,2.0,31,17.0,1,0
CustomerId_1084,10000.0,10000.0,0.0,10000.0,10000.0,1,1,1,0.0,2.0,70,16.0,0,1
CustomerId_1085,2900.0,725.0,1517.3990905493517,2000.0,-1000.0,4,3,2,0.0,2.0,57,20.0,0,1
CustomerId_1086,77576.0,2424.25,4114.986567610265,15000.0,-250.0,32,7,3,0.0,2.0,4,9.875,1,0
CustomerId_1087,40000.0,4444.444444444444,6463.573143221772,10000.0,-5000.0,9,3,2,0.0,2.0,32,19.11111111111111,1,0
CustomerId_1089,169651.5,1116.1282894736842,1695.0127365720368,10000.0,-175.0,152,4,2,0.0,2.0,36,11.631578947368421,1,0
CustomerId_1091,3000.0,1500.0,707.1067811865476,2000.0,1000.0,2,2,2,0.0,3.0,24,18.0,1,0
CustomerId_1092,65000.0,4062.5,5801.9393309478855,10000.0,-5000.0,16,4,2,0.0,2.0,18,11.375,1,0
CustomerId_1093,42620.0,774.9090909090909,1912.920128366163,5200.0,-3500.0,55,5,2,0.0,3.0545454545454547,32,16.6,1,0
CustomerId_1094,32460.0,4637.142857142857,9189.939633979675,20000.0,-5000.0,7,5,3,0.0,2.0,24,15.428571428571429,1,0
CustomerId_1095,4875.0,443.1818181818182,764.5334287239268,2000.0,-1000.0,11,4,2,0.0,2.3636363636363638,11,9.909090909090908,1,0
CustomerId_1096,1949226.0,2486.2576530612246,17819.372756509856,202000.0,-13000.0,784,10,4,0.0,2.00765306122449,6,10.558673469387756,1,0
CustomerId_1098,20000.0,20000.0,0.0,20000.0,20000.0,1,1,1,0.0,2.0,2,10.0,1,0
CustomerId_1099,6180.0,686.6666666666666,843.8601779915912,2000.0,-1000.0,9,3,2,0.0,2.0,24,16.555555555555557,1,0
CustomerId_11,-10000.0,-10000.0,0.0,-10000.0,-10000.0,1,1,1,0.0,4.0,83,16.0,0,1
CustomerId_1101,60000.0,6666.666666666667,5873.670062235366,15000.0,1000.0,9,1,1,0.0,2.0,52,11.11111111111111,0,1
CustomerId_1102,60000.0,4285.714285714285,6169.759644097497,10000.0,-5000.0,14,3,2,0.0,2.0,5,9.857142857142858,1,0
CustomerId_1103,30000.0,30000.0,0.0,30000.0,30000.0,1,1,1,0.0,2.0,47,13.0,0,1
CustomerId_1104,40000.0,4000.0,9321.420969406376,21000.0,-5000.0,10,5,3,0.0,1.6,4,20.3,1,0
CustomerId_1105,500.0,500.0,0.0,500.0,500.0,1,1,1,0.0,4.0,26,20.0,1,0
CustomerId_1106,10000.0,10000.0,0.0,10000.0,10000.0,1,1,1,0.0,2.0,87,1.0,0,1
CustomerId_1108,50000.0,3571.4285714285716,8741.715073003834,20000.0,-5000.0,14,3,2,0.0,2.7142857142857144,1,14.857142857142858,1,0
CustomerId_1109,39800.0,4975.0,6193.718015630262,10500.0,-5000.0,8,3,2,0.0,2.0,46,12.0,0,1
CustomerId_1111,-20.0,-6.666666666666667,1000.0666644445926,1000.0,-1000.0,3,2,2,0.0,2.6666666666666665,68,16.0,0,1
CustomerId_1112,20000.0,3333.3333333333335,6088.2400303098,10000.0,-5000.0,6,3,2,0.0,2.0,11,14.0,1,0
CustomerId_1113,29700.0,1291.304347826087,3184.930860313962,10000.0,-5000.0,23,6,2,0.0,2.0,64,14.652173913043478,0,1
CustomerId_1114,52925.0,928.5087719298245,963.8325492311376,2000.0,-1000.0,57,3,3,0.0,3.087719298245614,0,10.75438596491228,1,0
CustomerId_1116,5960.0,745.0,1039.2717230280607,2000.0,-1000.0,8,5,2,0.0,2.5,4,17.375,1,0
CustomerId_1117,4000.0,4000.0,0.0,4000.0,4000.0,1,1,1,0.0,2.0,73,7.0,0,1
CustomerId_1118,70000.0,2916.6666666666665,6412.736421045005,11000.0,-5000.0,24,3,2,0.0,2.3333333333333335,0,12.375,1,0
CustomerId_1119,5450.0,778.5714285714286,410.13934914158835,1000.0,-50.0,7,3,2,0.0,2.5714285714285716,26,9.285714285714286,1,0
CustomerId_1120,1960.0,980.0,1442.497833620557,2000.0,-40.0,2,2,2,0.0,3.0,62,3.0,0,1
CustomerId_1121,12097.02,1728.1457142857143,2428.372158867315,5000.0,-1000.0,7,3,2,0.0,2.857142857142857,15,17.714285714285715,1,0
CustomerId_1122,1850000.0,1850000.0,0.0,1850000.0,1850000.0,1,1,1,1.0,2.0,64,5.0,0,1
CustomerId_1123,1000.0,1000.0,0.0,1000.0,1000.0,1,1,1,0.0,4.0,46,2.0,0,1
CustomerId_1124,19000.0,3166.6666666666665,7626.707459098367,10000.0,-5000.0,6,3,2,0.0,1.6666666666666667,32,14.166666666666666,1,0
CustomerId_1125,5000.0,5000.0,0.0,5000.0,5000.0,1,1,1,0.0,2.0,31,6.0,1,0
CustomerId_1127,92135.0,2490.135135135135,2946.553053637062,10000.0,-500.0,37,6,3,0.0,2.0,4,13.054054054054054,1,0
CustomerId_1129,1000.0,500.0,0.0,500.0,500.0,2,2,2,0.0,3.0,74,9.0,0,1
CustomerId_1130,3960.0,990.0,1833.1393836803572,3000.0,-1000.0,4,2,2,0.0,3.0,77,19.0,0,1
CustomerId_1131,16550.0,1504.5454545454545,2194.9321795279398,5000.0,-1000.0,11,4,3,0.0,1.6363636363636365,1,10.909090909090908,1,0
CustomerId_1134,3380.0,375.55555555555554,430.80915470516385,1000.0,-50.0,9,3,2,0.0,3.111111111111111,0,16.77777777777778,1,0
CustomerId_1135,71000.0,5071.428571428572,10547.561043011032,40000.0,-1000.0,14,5,2,0.0,2.142857142857143,23,9.571428571428571,1,0
CustomerId_1137,80000.0,4000.0,8911.199340392432,20700.0,-5000.0,20,3,2,0.0,2.8,53,11.55,0,1
CustomerId_1140,3750.0,1250.0,3269.174207655505,5000.0,-1000.0,3,2,2,0.0,2.6666666666666665,44,21.0,0,1
CustomerId_1141,145465.0,2968.673469387755,5077.606347925152,10000.0,-5000.0,49,5,2,0.0,2.0,8,11.10204081632653,1,0
CustomerId_1145,9500.0,2375.0,1887.4586088176875,5000.0,500.0,4,1,1,0.0,2.0,38,11.75,0,1
CustomerId_1146,19000.0,3166.6666666666665,7626.707459098367,10000.0,-5000.0,6,3,2,0.0,1.6666666666666667,46,14.0,0,1
CustomerId_1147,80000.0,4444.444444444444,5843.268849682788,10000.0,-5000.0,18,4,2,0.0,2.0,11,10.0,1,0
CustomerId_1150,2000.0,1000.0,0.0,1000.0,1000.0,2,1,1,0.0,0.0,73,18.0,0,1
CustomerId_1153,3000.0,3000.0,0.0,3000.0,3000.0,1,1,1,0.0,2.0,57,12.0,0,1
CustomerId_1154,5475.0,608.3333333333334,846.869234297716,2500.0,-75.0,9,5,3,0.0,2.888888888888889,0,14.0,1,0
CustomerId_1156,1488224.0,4044.086956521739,8121.07295048366,49000.0,-10000.0,368,10,4,0.0,2.005434782608696,1,12.141304347826088,1,0
CustomerId_1158,30000.0,3750.0,7094.061903149301,10700.0,-5000.0,8,3,2,0.0,2.75,88,14.0,0,1
CustomerId_1159,20000.0,4000.0,6745.368781616021,10000.0,-5000.0,5,3,2,0.0,2.0,4,14.0,1,0
CustomerId_1160,48890.0,3259.3333333333335,6929.972651632974,11000.0,-5000.0,15,4,3,0.0,2.6666666666666665,0,13.466666666666667,1,0
CustomerId_1161,2500.0,2500.0,0.0,2500.0,2500.0,1,1,1,0.0,2.0,24,17.0,1,0
CustomerId_1162,4465.0,637.8571428571429,1176.4277040503353,2300.0,-1000.0,7,3,2,0.0,2.0,5,13.285714285714286,1,0
CustomerId_1163,50000.0,3571.4285714285716,7303.4689936125105,11000.0,-5000.0,14,3,2,0.0,2.7142857142857144,0,11.214285714285714,1,0
CustomerId_1164,19000.0,3166.6666666666665,7626.707459098367,10000.0,-5000.0,6,3,2,0.0,2.6666666666666665,67,18.0,0,1
CustomerId_1165,54000.0,10800.0,14515.508947329405,30000.0,-5000.0,5,3,2,0.0,2.0,35,9.4,1,0
CustomerId_1169,-50.0,-16.666666666666668,1000.4165798972613,1000.0,-1000.0,3,2,2,0.0,2.6666666666666665,4,7.666666666666667,1,0
CustomerId_1170,107074.0,5948.555555555556,14101.364348768951,54600.0,-5000.0,18,4,3,0.0,2.0,9,12.222222222222221,1,0
CustomerId_1171,3925.0,654.1666666666666,1373.9010760119036,2500.0,-1000.0,6,4,3,0.0,2.3333333333333335,44,9.333333333333334,0,1
CustomerId_1172,235759.7,2806.6630952380956,4417.996239581807,19500.0,-1000.0,84,10,5,0.0,2.0238095238095237,13,11.392857142857142,1,0
CustomerId_1174,1000.0,1000.0,0.0,1000.0,1000.0,1,1,1,0.0,4.0,89,21.0,0,1
CustomerId_1175,8942702.5,37106.64937759336,359409.4007452866,5000000.0,-10000.0,241,10,5,0.008298755186721992,2.099585062240664,0,9.900414937759336,1,0
CustomerId_1177,28878.0,7219.5,12439.0,25878.0,1000.0,4,1,1,0.0,2.0,3,19.0,1,0
CustomerId_1179,900.0,300.0,1539.4804318340653,2000.0,-1000.0,3,2,2,0.0,2.6666666666666665,20,11.0,1,0
CustomerId_1180,143406.0,2140.3880597014927,3254.1012488914794,11000.0,-5000.0,67,7,4,0.0,2.0,11,13.552238805970148,1,0
CustomerId_1182,10000.0,2500.0,6757.711644237764,10000.0,-5000.0,4,2,2,0.0,2.5,5,9.0,1,0
CustomerId_1183,45075.0,2504.1666666666665,5054.265016096918,11000.0,-5000.0,18,6,4,0.0,2.2222222222222223,19,11.88888888888889,1,0
CustomerId_1184,1000.0,1000.0,0.0,1000.0,1000.0,1,1,1,0.0,2.0,74,6.0,0,1
CustomerId_1186,5900.0,1475.0,2665.0515942472857,5000.0,-1000.0,4,3,2,0.0,2.0,76,17.0,0,1
CustomerId_1187,39000.0,5571.428571428572,9431.456989902512,20000.0,-5000.0,7,4,2,0.0,2.0,54,5.0,0,1
CustomerId_1189,3000.0,1500.0,707.1067811865476,2000.0,1000.0,2,1,1,0.0,2.0,37,6.0,0,1
CustomerId_1190,80000.0,5333.333333333333,6183.695920571712,10000.0,-5000.0,15,3,2,0.0,2.0,11,13.2,1,0
CustomerId_1191,20500.0,3416.6666666666665,6200.134407145273,10000.0,-5000.0,6,4,2,0.0,2.0,4,14.333333333333334,1,0
CustomerId_1192,41565.0,1889.3181818181818,3086.743659222275,10000.0,-250.0,22,5,3,0.0,3.0,4,11.772727272727273,1,0
CustomerId_1193,9000.0,2250.0,6601.767440112787,10000.0,-5000.0,4,2,2,0.0,2.5,53,11.0,0,1
CustomerId_1194,9000.0,2250.0,6601.767440112787,10000.0,-5000.0,4,2,2,0.0,2.5,54,8.0,0,1
CustomerId_1195,19000.0,3166.6666666666665,6047.037842337905,10000.0,-5000.0,6,2,2,0.0,2.6666666666666665,53,10.666666666666666,0,1
CustomerId_1196,19000.0,3166.6666666666665,6266.31204670392,10000.0,-5000.0,6,2,2,0.0,2.6666666666666665,47,7.0,0,1
CustomerId_1197,9000.0,2250.0,6601.767440112787,10000.0,-5000.0,4,2,2,0.0,2.5,54,9.0,0,1
CustomerId_1198,9000.0,2250.0,6601.767440112787,10000.0,-5000.0,4,2,2,0.0,2.5,54,8.0,0,1
CustomerId_12,-10000.0,-10000.0,0.0,-10000.0,-10000.0,1,1,1,0.0,4.0,83,16.0,0,1
CustomerId_1200,9000.0,2250.0,6601.767440112787,10000.0,-5000.0,4,2,2,0.0,2.5,47,7.0,0,1
CustomerId_1201,542517.5,3135.9393063583816,8880.120804886395,83170.0,-5000.0,173,8,4,0.0,2.1965317919075145,1,11.520231213872833,1,0
CustomerId_1202,130000.0,4482.758620689655,6598.813148996527,11000.0,-5000.0,29,3,2,0.0,2.896551724137931,0,10.172413793103448,1,0
CustomerId_1203,38530.0,856.2222222222222,1996.2786844172297,12000.0,-5000.0,45,5,2,0.0,2.8,0,13.066666666666666,1,0
CustomerId_1204,9000.0,2250.0,6601.767440112787,10000.0,-5000.0,4,2,2,0.0,2.5,46,12.0,0,1
CustomerId_1208,19770.0,2196.6666666666665,3365.0334322261942,10000.0,-100.0,9,5,3,0.0,2.0,84,12.555555555555555,0,1
CustomerId_1209,30000.0,5000.0,6511.528238439882,10000.0,-5000.0,6,3,2,0.0,2.0,19,7.0,1,0
CustomerId_1210,25000.0,8333.333333333334,25181.01136438593,36500.0,-12000.0,3,2,2,0.0,2.0,76,9.666666666666666,0,1
CustomerId_1211,200000.0,100000.0,0.0,100000.0,100000.0,2,1,1,0.0,2.0,84,7.0,0,1
CustomerId_1212,39000.0,2294.1176470588234,4928.992111506582,20000.0,-1000.0,17,4,2,0.0,2.0,50,10.882352941176471,0,1
CustomerId_1214,104825.0,2382.3863636363635,5690.768175619785,26500.0,-1000.0,44,5,2,0.0,2.0454545454545454,6,12.295454545454545,1,0
CustomerId_1215,1000.0,1000.0,0.0,1000.0,1000.0,1,1,1,0.0,2.0,73,16.0,0,1
CustomerId_1217,29000.0,3222.222222222222,6255.553088612104,10000.0,-5000.0,9,2,2,0.0,2.6666666666666665,47,6.666666666666667,0,1
CustomerId_1218,139055.0,1931.3194444444443,1964.8128235863244,5000.0,-250.0,72,5,2,0.0,2.0833333333333335,0,14.88888888888889,1,0
CustomerId_1219,3850.0,641.6666666666666,841.080654079421,2000.0,-50.0,6,3,2,0.0,2.0,25,13.333333333333334,1,0
CustomerId_1220,40000.0,3076.923076923077,5488.040610599537,10000.0,-5000.0,13,4,2,0.0,2.0,18,12.538461538461538,1,0
CustomerId_1221,20000.0,4000.0,6745.368781616021,10000.0,-5000.0,5,3,2,0.0,2.0,5,9.0,1,0
CustomerId_1222,82980.0,1844.0,7714.81533685792,52000.0,-1000.0,45,7,4,0.0,2.6666666666666665,9,13.022222222222222,1,0
CustomerId_1223,21500.0,7166.666666666667,11116.804097101529,20000.0,500.0,3,1,1,0.0,2.0,3,8.666666666666666,1,0
CustomerId_1224,10000.0,10000.0,0.0,10000.0,10000.0,1,1,1,0.0,2.0,5,7.0,1,0
CustomerId_1225,1000.0,1000.0,0.0,1000.0,1000.0,1,1,1,0.0,2.0,8,22.0,1,0
CustomerId_1226,10700.0,1337.5,2290.4693842092715,6000.0,-1000.0,8,3,2,0.0,2.0,43,11.875,0,1
CustomerId_1227,73233.6,2816.6769230769232,3686.5900224796023,10000.0,-5000.0,26,5,2,0.0,2.1538461538461537,13,9.961538461538462,1,0
CustomerId_1228,20000.0,4000.0,6745.368781616021,10000.0,-5000.0,5,3,2,0.0,2.0,11,17.0,1,0
CustomerId_1229,-50.0,-16.666666666666668,1000.4165798972613,1000.0,-1000.0,3,2,2,0.0,2.6666666666666665,15,10.0,1,0
CustomerId_1231,2000.0,2000.0,0.0,2000.0,2000.0,1,1,1,0.0,4.0,36,8.0,0,1
CustomerId_1232,5000.0,5000.0,0.0,5000.0,5000.0,1,1,1,0.0,2.0,15,8.0,1,0
CustomerId_1233,1000.0,1000.0,0.0,1000.0,1000.0,1,1,1,0.0,4.0,27,13.0,1,0
CustomerId_1234,40000.0,3333.3333333333335,7270.404932243312,10700.0,-5000.0,12,3,2,0.0,2.6666666666666665,53,13.333333333333334,0,1
CustomerId_1235,19000.0,3166.6666666666665,6104.643041707408,10000.0,-5000.0,6,4,2,0.0,2.0,46,13.0,0,1
CustomerId_1236,8765.0,1095.625,2169.185886620666,5000.0,-1000.0,8,4,2,0.0,2.0,44,7.25,0,1
CustomerId_1237,1000.0,1000.0,0.0,1000.0,1000.0,1,1,1,0.0,2.0,28,7.0,1,0
CustomerId_1238,20000.0,4000.0,6745.368781616021,10000.0,-5000.0,5,3,2,0.0,2.0,4,19.0,1,0
CustomerId_1240,34000.0,5666.666666666667,7527.72652709081,15000.0,-5000.0,6,3,2,0.0,2.0,44,16.0,0,1
CustomerId_1241,30000.0,4285.714285714285,6102.302453836194,10000.0,-5000.0,7,3,2,0.0,2.0,25,15.0,1,0
CustomerId_1242,842504.0,5542.789473684211,9263.462969135824,31000.0,-5000.0,152,8,4,0.0,2.0,5,8.519736842105264,1,0
CustomerId_1244,5000.0,5000.0,0.0,5000.0,5000.0,1,1,1,0.0,2.0,87,8.0,0,1
CustomerId_1245,135000.0,4655.172413793103,6136.98310054335,15000.0,-5000.0,29,5,3,0.0,2.0,4,15.137931034482758,1,0
CustomerId_1246,79000.0,4157.894736842105,6048.536626460769,10000.0,-5000.0,19,4,2,0.0,2.0,25,14.421052631578947,1,0
CustomerId_1247,60000.0,4615.384615384615,9197.26826779254,21000.0,-5000.0,13,3,2,0.0,2.769230769230769,0,13.615384615384615,1,0
CustomerId_1250,661899.15,2424.539010989011,4614.518775738537,39000.0,-5000.0,273,9,5,0.0,2.0,3,12.527472527472527,1,0
CustomerId_1252,80000.0,4210.526315789473,6058.317949255305,10000.0,-5000.0,19,4,2,0.0,2.0,12,7.947368421052632,1,0
CustomerId_1253,20000.0,4000.0,6745.368781616021,10000.0,-5000.0,5,3,2,0.0,2.0,12,8.0,1,0
CustomerId_1256,20000.0,3333.3333333333335,7814.516406449389,11000.0,-5000.0,6,3,2,0.0,1.6666666666666667,32,17.0,1,0
CustomerId_1257,17025.0,1418.75,1903.8359901190877,5000.0,-70.0,12,5,3,0.0,2.0,12,10.5,1,0
CustomerId_1258,30000.0,4285.714285714285,6163.448323633065,10000.0,-5000.0,7,3,2,0.0,2.0,11,18.0,1,0
CustomerId_1259,17213.5,1075.84375,1617.5299246974278,5000.0,-75.0,16,4,2,0.0,2.0,68,12.9375,0,1
CustomerId_1260,40000.0,4444.444444444444,6463.573143221772,10000.0,-5000.0,9,3,2,0.0,2.0,5,7.666666666666667,1,0
CustomerId_1262,10040.0,1115.5555555555557,791.5034919555173,2000.0,-40.0,9,4,2,0.0,2.0,25,13.777777777777779,1,0
CustomerId_1263,19000.0,3800.0,6685.805860178712,10000.0,-5000.0,5,3,2,0.0,2.0,53,15.0,0,1
CustomerId_1265,250500.0,2582.4742268041236,4735.234238514465,24000.0,-5000.0,97,5,2,0.0,2.020618556701031,21,11.103092783505154,1,0
CustomerId_1266,9470.0,473.5,476.74085424396253,1195.0,-50.0,20,4,2,0.0,2.8,15,12.4,1,0
CustomerId_1267,-20.0,-6.666666666666667,1000.0666644445926,1000.0,-1000.0,3,2,2,0.0,2.6666666666666665,24,19.0,1,0
CustomerId_1268,1000000.0,1000000.0,0.0,1000000.0,1000000.0,1,1,1,0.0,2.0,15,10.0,1,0
CustomerId_1269,2000.0,666.6666666666666,3785.9388972001825,5000.0,-2000.0,3,2,2,0.0,2.0,75,9.0,0,1
CustomerId_1270,50904.0,1542.5454545454545,1915.43306282987,5000.0,-1000.0,33,5,3,0.0,2.0,9,11.333333333333334,1,0
CustomerId_1271,5550.0,925.0,503.7360419902471,1400.0,-50.0,6,3,2,0.0,2.0,17,13.166666666666666,1,0
CustomerId_1272,4500.0,1500.0,866.0254037844386,2000.0,500.0,3,2,2,0.0,2.6666666666666665,53,12.333333333333334,0,1
CustomerId_1273,19000.0,3166.6666666666665,7626.707459098367,10000.0,-5000.0,6,3,2,0.0,2.6666666666666665,67,19.0,0,1
CustomerId_1274,5000.0,5000.0,0.0,5000.0,5000.0,1,1,1,0.0,2.0,43,7.0,0,1
CustomerId_1275,712156.5,2814.8478260869565,9503.242723171974,50000.0,-5000.0,253,9,5,0.0,2.007905138339921,0,11.944664031620553,1,0
CustomerId_1276,581500.0,6761.627906976744,21603.4755842374,120000.0,-5000.0,86,4,3,0.0,2.5348837209302326,5,9.813953488372093,1,0
CustomerId_1277,160910.0,2681.8333333333335,7224.056208761435,35000.0,-5000.0,60,6,4,0.0,2.0,1,12.75,1,0
CustomerId_1279,29000.0,4142.857142857143,7425.823667638301,10000.0,-5000.0,7,3,2,0.0,1.5714285714285714,53,19.142857142857142,0,1
CustomerId_1280,105203.0,2390.9772727272725,3286.966782214027,15000.0,-1000.0,44,5,3,0.0,1.4090909090909092,21,10.840909090909092,1,0
CustomerId_1281,180000.0,6000.0,9098.806287753849,20700.0,-5000.0,30,4,2,0.0,2.0,4,10.6,1,0
CustomerId_1282,10000.0,10000.0,0.0,10000.0,10000.0,1,1,1,0.0,4.0,12,13.0,1,0
CustomerId_1283,17905.0,942.3684210526316,382.45685457844144,1500.0,-75.0,19,3,2,0.0,2.210526315789474,74,8.578947368421053,0,1
CustomerId_1285,2950.0,737.5,525.0,1000.0,-50.0,4,3,2,0.0,2.0,75,18.25,0,1
CustomerId_1286,74269.0,2652.464285714286,3371.4044631626152,11000.0,-622.0,28,5,4,0.0,2.0,16,13.357142857142858,1,0
CustomerId_1287,29000.0,4142.857142857143,7425.823667638301,10000.0,-5000.0,7,3,2,0.0,2.857142857142857,61,6.0,0,1
CustomerId_1288,16370.0,1169.2857142857142,837.3260029193141,2000.0,-50.0,14,4,2,0.0,2.0,1,11.071428571428571,1,0
CustomerId_1294,64178.0,5348.166666666667,6787.470031185584,20000.0,-1000.0,12,4,3,0.0,2.0,4,11.416666666666666,1,0
CustomerId_1295,92150.0,6143.333333333333,6625.676964514286,17000.0,-5000.0,15,5,3,0.0,2.0,61,8.466666666666667,0,1
CustomerId_1296,-525.0,-175.0,761.1668673819164,500.0,-1000.0,3,2,2,0.0,2.6666666666666665,51,10.0,0,1
CustomerId_1297,5000.0,5000.0,0.0,5000.0,5000.0,1,1,1,0.0,2.0,64,10.0,0,1
CustomerId_1298,407980.0,20399.0,43873.992044202416,160000.0,-5000.0,20,6,3,0.0,2.0,28,10.15,1,0
CustomerId_1299,216780.0,6021.666666666667,14360.298743410596,50000.0,-1000.0,36,6,3,0.0,2.0,28,12.194444444444445,1,0
CustomerId_13,-10000.0,-10000.0,0.0,-10000.0,-10000.0,1,1,1,0.0,4.0,83,16.0,0,1
CustomerId_1300,20000.0,3333.3333333333335,6088.2400303098,10000.0,-5000.0,6,3,2,0.0,2.0,19,6.0,1,0
CustomerId_1301,90000.0,5000.0,6240.28656958863,10000.0,-5000.0,18,3,2,0.0,2.0,11,13.0,1,0
CustomerId_1302,7740285.0,430015.8333333333,1235636.027663308,5000000.0,-1000.0,18,5,3,0.16666666666666666,2.111111111111111,24,11.222222222222221,1,0
CustomerId_1303,100000.0,4761.9047619047615,6268.211562357815,10000.0,-5000.0,21,3,2,0.0,2.0,4,8.571428571428571,1,0
CustomerId_1304,150000.0,50000.0,0.0,50000.0,50000.0,3,1,1,0.0,1.0,19,16.333333333333332,1,0
CustomerId_1306,61860.0,1014.0983606557377,1984.3446668435909,10000.0,-1000.0,61,6,2,0.0,2.0,64,9.78688524590164,0,1
CustomerId_1307,253650.0,14920.588235294117,32368.421430189534,100000.0,-1000.0,17,4,2,0.0,1.4705882352941178,25,14.588235294117647,1,0
CustomerId_1308,148558.0,9903.866666666667,25991.4281745421,100000.0,-1000.0,15,5,3,0.0,2.0,34,9.133333333333333,1,0
CustomerId_1310,10000.0,10000.0,0.0,10000.0,10000.0,1,1,1,0.0,2.0,12,6.0,1,0
CustomerId_1311,41740.0,1264.8484848484848,1393.6521741725078,5000.0,-175.0,33,5,2,0.0,2.0,20,13.848484848484848,1,0
CustomerId_1312,1000.0,1000.0,0.0,1000.0,1000.0,1,1,1,0.0,2.0,18,12.0,1,0
CustomerId_1313,19000.0,3166.6666666666665,7626.707459098367,10000.0,-5000.0,6,3,2,0.0,1.6666666666666667,46,20.0,0,1
CustomerId_1316,30000.0,15000.0,7071.067811865475,20000.0,10000.0,2,1,1,0.0,2.0,15,7.5,1,0
CustomerId_1317,45000.0,4500.0,6186.903731090195,11000.0,-5000.0,10,3,2,0.0,2.0,9,19.0,1,0
CustomerId_1318,4986.0,712.2857142857143,1130.3754117232786,2000.0,-1000.0,7,3,2,0.0,2.0,64,10.142857142857142,0,1
CustomerId_1320,10000.0,5000.0,0.0,5000.0,5000.0,2,1,1,0.0,1.0,78,14.5,0,1
CustomerId_1321,60000.0,30000.0,28284.2712474619,50000.0,10000.0,2,2,2,0.0,3.0,62,10.5,0,1
CustomerId_1322,2950.0,491.6666666666667,842.8621872326856,1000.0,-1000.0,6,3,2,0.0,2.0,61,12.5,0,1
CustomerId_1323,60000.0,4000.0,6020.797289396148,10000.0,-5000.0,15,4,2,0.0,2.0,11,12.8,1,0
CustomerId_1324,674696.0,14993.244444444445,35146.98168933866,160000.0,-5000.0,45,7,4,0.0,2.0,4,11.488888888888889,1,0
CustomerId_1325,41280.0,8256.0,10833.867268893413,26000.0,-220.0,5,3,3,0.0,2.0,48,14.6,0,1
CustomerId_1326,13000.0,4333.333333333333,1154.7005383792514,5000.0,3000.0,3,1,1,0.0,2.0,46,13.0,0,1
CustomerId_1328,1000.0,1000.0,0.0,1000.0,1000.0,1,1,1,0.0,2.0,22,8.0,1,0
CustomerId_1329,32000.0,4571.428571428572,8263.517065131184,20000.0,-5000.0,7,4,3,0.0,2.0,1,13.142857142857142,1,0
CustomerId_1330,40000.0,5714.285714285715,9516.902257112266,20000.0,-5000.0,7,4,2,0.0,2.0,11,14.714285714285714,1,0
CustomerId_1331,66000.0,5500.0,5916.079783099616,10000.0,-5000.0,12,3,2,0.0,2.0,18,11.833333333333334,1,0
CustomerId_1332,3000.0,1500.0,707.1067811865476,2000.0,1000.0,2,2,2,0.0,2.0,82,19.0,0,1
CustomerId_1335,200848.5,1777.4203539823009,4404.376749004483,20000.0,-10000.0,113,9,5,0.0,2.3185840707964602,11,12.256637168141593,1,0
CustomerId_1338,22000.0,11000.0,12727.922061357855,20000.0,2000.0,2,1,1,0.0,2.0,76,11.0,0,1
CustomerId_1339,19000.0,3800.0,6685.805860178712,10000.0,-5000.0,5,3,2,0.0,2.0,46,13.0,0,1
CustomerId_1341,21560.0,1960.0,2140.1869077255847,5000.0,-200.0,11,5,2,0.0,2.0,59,9.090909090909092,0,1
CustomerId_1343,1000.0,1000.0,0.0,1000.0,1000.0,1,1,1,0.0,4.0,51,8.0,0,1
CustomerId_1349,8000.0,1142.857142857143,377.9644730092272,2000.0,1000.0,7,2,2,0.0,1.1428571428571428,53,6.0,0,1
CustomerId_1351,95100.0,6340.0,14258.721641758173,50000.0,-1500.0,15,4,2,0.0,2.0,79,14.933333333333334,0,1
CustomerId_1353,2000000.0,2000000.0,0.0,2000000.0,2000000.0,1,1,1,0.0,2.0,21,12.0,1,0
CustomerId_1355,10000.0,2000.0,0.0,2000.0,2000.0,5,2,2,0.0,1.6,57,15.8,0,1
CustomerId_1356,5000.0,5000.0,0.0,5000.0,5000.0,1,1,1,0.0,2.0,89,9.0,0,1
CustomerId_1357,100.0,100.0,0.0,100.0,100.0,1,1,1,0.0,4.0,26,19.0,1,0
CustomerId_1358,1950.0,325.0,986.6610360199697,2000.0,-1000.0,6,3,2,0.0,2.0,1,20.833333333333332,1,0
CustomerId_1359,40000.0,4444.444444444444,6463.573143221772,10000.0,-5000.0,9,3,2,0.0,2.0,11,15.666666666666666,1,0
CustomerId_1360,10000.0,10000.0,0.0,10000.0,10000.0,1,1,1,0.0,2.0,65,13.0,0,1
CustomerId_1361,10500.0,1166.6666666666667,2260.530911091463,7000.0,-350.0,9,2,2,0.0,3.111111111111111,81,11.0,0,1
CustomerId_1362,80000.0,4000.0,7156.153038874272,11000.0,-5000.0,20,3,2,0.0,2.8,1,10.8,1,0
CustomerId_1363,5000.0,5000.0,0.0,5000.0,5000.0,1,1,1,0.0,2.0,53,15.0,0,1
CustomerId_1365,18500.0,4625.0,6209.87117418711,10000.0,-1000.0,4,3,2,0.0,2.0,32,14.5,1,0
CustomerId_1366,900.0,180.0,843.0599029724993,1000.0,-1000.0,5,3,2,0.0,2.8,22,15.0,1,0
CustomerId_1367,20000.0,3333.3333333333335,6088.2400303098,10000.0,-5000.0,6,4,2,0.0,2.0,4,11.0,1,0
CustomerId_1369,19000.0,3166.6666666666665,7626.707459098367,10000.0,-5000.0,6,3,2,0.0,2.6666666666666665,67,19.0,0,1
CustomerId_1370,112850.0,16121.42857142857,23193.818449873972,50000.0,-150.0,7,3,3,0.0,2.2857142857142856,65,13.428571428571429,0,1
CustomerId_1372,500.0,500.0,0.0,500.0,500.0,1,1,1,0.0,2.0,18,14.0,1,0
CustomerId_1373,10000.0,10000.0,0.0,10000.0,10000.0,1,1,1,0.0,2.0,38,10.0,0,1
CustomerId_1375,30000.0,10000.0,8660.254037844386,20000.0,5000.0,3,1,1,0.0,2.0,15,9.0,1,0
CustomerId_1376,220000.0,110000.0,127279.22061357855,200000.0,20000.0,2,1,1,0.0,2.0,39,5.5,0,1
CustomerId_1377,-20.0,-6.666666666666667,1000.0666644445926,1000.0,-1000.0,3,2,2,0.0,1.6666666666666667,22,11.0,1,0
CustomerId_1378,50000.0,3846.153846153846,8060.667402539258,15000.0,-5000.0,13,3,2,0.0,2.769230769230769,0,14.076923076923077,1,0
CustomerId_1379,1000.0,1000.0,0.0,1000.0,1000.0,1,1,1,0.0,4.0,84,10.0,0,1
CustomerId_1380,80000.0,4000.0,7262.013639842819,11000.0,-5000.0,20,3,2,0.0,2.8,0,9.95,1,0
CustomerId_1381,5000.0,5000.0,0.0,5000.0,5000.0,1,1,1,0.0,2.0,62,5.0,0,1
CustomerId_1382,12995.0,649.75,897.6262189504986,3000.0,-1000.0,20,5,2,0.0,2.0,1,10.8,1,0
CustomerId_1384,7000.0,2333.3333333333335,577.3502691896258,3000.0,2000.0,3,2,2,0.0,2.0,24,5.333333333333333,1,0
CustomerId_1385,50000.0,50000.0,0.0,50000.0,50000.0,1,1,1,0.0,2.0,17,13.0,1,0
CustomerId_1386,1000.0,1000.0,0.0,1000.0,1000.0,1,1,1,0.0,2.0,82,8.0,0,1
CustomerId_1387,21900.0,608.3333333333334,769.1755883504661,3000.0,-1000.0,36,7,3,0.0,2.0,9,13.75,1,0
CustomerId_1389,100000.0,100000.0,0.0,100000.0,100000.0,1,1,1,0.0,2.0,55,12.0,0,1
CustomerId_1390,500.0,500.0,0.0,500.0,500.0,1,1,1,0.0,4.0,21,14.0,1,0
CustomerId_1392,11260.0,2252.0,2489.4818738042663,4800.0,-240.0,5,3,2,0.0,2.4,49,15.8,0,1
CustomerId_1393,200.0,100.0,7212.489168102785,5200.0,-5000.0,2,2,2,0.0,3.0,64,17.0,0,1
CustomerId_1394,10000.0,10000.0,0.0,10000.0,10000.0,1,1,1,0.0,2.0,71,9.0,0,1
CustomerId_1395,20000.0,4000.0,6745.368781616021,10000.0,-5000.0,5,3,2,0.0,2.0,5,9.0,1,0
CustomerId_1396,29800.0,4257.142857142857,6127.222628798234,10000.0,-5000.0,7,2,2,0.0,2.857142857142857,67,4.714285714285714,0,1
CustomerId_1397,6800.0,680.0,1369.8033111038646,4000.0,-1000.0,10,3,2,0.0,2.0,0,11.2,1,0
CustomerId_1398,216771.0,5041.186046511628,10694.189856125065,45000.0,-220.0,43,5,4,0.0,2.0,6,15.767441860465116,1,0
CustomerId_14,-10000.0,-10000.0,0.0,-10000.0,-10000.0,1,1,1,0.0,4.0,83,16.0,0,1
CustomerId_1400,500.0,500.0,0.0,500.0,500.0,1,1,1,0.0,4.0,49,4.0,0,1
CustomerId_1402,9960.0,1660.0,2166.4717861075414,5000.0,-1000.0,6,3,2,0.0,2.0,32,6.666666666666667,1,0
CustomerId_1404,4000.0,2000.0,0.0,2000.0,2000.0,2,1,1,0.0,2.0,4,15.5,1,0
CustomerId_1406,490.0,245.0,360.62445840513925,500.0,-10.0,2,2,2,0.0,3.0,85,14.5,0,1
CustomerId_1407,85980.0,4776.666666666667,6531.834261792732,13000.0,-5000.0,18,4,3,0.0,2.0,11,10.61111111111111,1,0
CustomerId_1408,1000.0,1000.0,0.0,1000.0,1000.0,1,1,1,0.0,2.0,48,19.0,0,1
CustomerId_1409,29889.0,1245.375,1915.7042935216775,5000.0,-1000.0,24,4,3,0.0,2.8333333333333335,4,7.458333333333333,1,0
CustomerId_1410,55000.0,4230.7692307692305,5035.7694902541325,10000.0,-5000.0,13,4,2,0.0,2.0,4,14.76923076923077,1,0
CustomerId_1411,7000.0,1166.6666666666667,408.24829046386304,2000.0,1000.0,6,2,2,0.0,1.8333333333333333,34,10.333333333333334,1,0
CustomerId_1413,491358.4,3509.7028571428573,6719.642394025806,40000.0,-5000.0,140,7,3,0.0,2.2714285714285714,2,12.82857142857143,1,0
CustomerId_1414,10000.0,2500.0,6757.711644237764,10000.0,-5000.0,4,2,2,0.0,2.5,4,13.25,1,0
CustomerId_1415,21273.0,409.09615384615387,1649.0091767734211,5000.0,-2000.0,52,7,3,0.0,3.0384615384615383,0,9.634615384615385,1,0
CustomerId_1417,7000.0,3500.0,2121.3203435596424,5000.0,2000.0,2,1,1,0.0,2.0,35,4.0,1,0
CustomerId_1418,3500.0,3500.0,0.0,3500.0,3500.0,1,1,1,0.0,4.0,23,13.0,1,0
CustomerId_1419,34225.0,3802.777777777778,5534.782691709264,10000.0,-5000.0,9,5,2,0.0,2.2222222222222223,26,11.222222222222221,1,0
CustomerId_1420,11850.0,1185.0,1680.2513039555852,5000.0,-1000.0,10,5,3,0.0,2.0,61,12.3,0,1
CustomerId_1421,29810.0,2981.0,6228.605069444611,20000.0,-1000.0,10,4,2,0.0,2.2,13,9.1,1,0
CustomerId_1422,14000.0,4666.666666666667,7252.153703096296,13020.0,-20.0,3,3,2,0.0,2.0,88,14.0,0,1
CustomerId_1423,8360.0,597.1428571428571,883.2843306609763,3000.0,-50.0,14,3,2,0.0,2.0,83,14.357142857142858,0,1
CustomerId_1424,20000.0,4000.0,6745.368781616021,10000.0,-5000.0,5,3,2,0.0,2.0,19,8.8,1,0
CustomerId_1425,58890.0,1635.8333333333333,5203.837251765003,30000.0,-1000.0,36,6,3,0.0,2.0,0,11.944444444444445,1,0
CustomerId_1426,10000.0,10000.0,0.0,10000.0,10000.0,1,1,1,0.0,2.0,83,9.0,0,1
CustomerId_1427,120000.0,4000.0,7655.424040598882,20000.0,-5000.0,30,3,2,0.0,2.8,53,12.233333333333333,0,1
CustomerId_1429,181640.0,5045.555555555556,9732.19999924975,40000.0,-5000.0,36,4,2,0.0,2.0,4,12.5,1,0
CustomerId_1431,5000.0,5000.0,0.0,5000.0,5000.0,1,1,1,0.0,2.0,63,15.0,0,1
CustomerId_1432,2000.0,2000.0,0.0,2000.0,2000.0,1,1,1,0.0,2.0,90,3.0,0,1
CustomerId_1435,110000.0,3793.103448275862,5542.687011761068,10000.0,-5000.0,29,4,2,0.0,2.0,11,9.96551724137931,1,0
CustomerId_1436,9000.0,2250.0,6601.767440112787,10000.0,-5000.0,4,2,2,0.0,2.5,54,7.0,0,1
CustomerId_1437,20000.0,20000.0,0.0,20000.0,20000.0,1,1,1,0.0,2.0,37,16.0,0,1
CustomerId_1438,145071.0,4533.46875,8857.15637023158,29000.0,-5000.0,32,7,3,0.0,2.1875,3,13.71875,1,0
CustomerId_1439,500.0,500.0,0.0,500.0,500.0,1,1,1,0.0,2.0,53,14.0,0,1
CustomerId_1440,440.0,110.0,837.4962686484042,950.0,-1000.0,4,3,2,0.0,2.5,1,11.25,1,0
CustomerId_1441,1000.0,1000.0,0.0,1000.0,1000.0,1,1,1,0.0,2.0,56,13.0,0,1
CustomerId_1442,40000.0,4444.444444444444,6463.573143221772,10000.0,-5000.0,9,4,2,0.0,2.0,11,16.0,1,0
CustomerId_1443,2000.0,1000.0,0.0,1000.0,1000.0,2,1,1,0.0,1.0,32,5.0,1,0
CustomerId_1444,500.0,500.0,0.0,500.0,500.0,1,1,1,0.0,4.0,57,11.0,0,1
CustomerId_1445,500.0,500.0,0.0,500.0,500.0,1,1,1,0.0,2.0,28,11.0,1,0
CustomerId_1447,9850.0,1231.25,1847.186567265395,5000.0,-1000.0,8,4,2,0.0,2.0,74,7.25,0,1
CustomerId_1448,3500.0,1166.6666666666667,577.3502691896257,1500.0,500.0,3,1,1,0.0,2.0,13,18.666666666666668,1,0
CustomerId_1449,492768.0,18250.666666666668,43571.03462340372,150000.0,-2000.0,27,6,5,0.0,2.5555555555555554,14,15.814814814814815,1,0
CustomerId_1450,60725.0,6747.222222222223,16366.268876700164,50000.0,-1000.0,9,4,2,0.0,2.0,26,11.88888888888889,1,0
CustomerId_1451,18550.0,1030.5555555555557,2436.9417242355757,10000.0,-1000.0,18,5,3,0.0,2.0,22,16.0,1,0
CustomerId_1452,24600.0,2236.3636363636365,3194.61194115114,10000.0,-250.0,11,3,2,0.0,2.0,30,11.0,1,0
CustomerId_1453,20175.0,1834.090909090909,2613.2420651193206,7000.0,-1000.0,11,4,2,0.0,2.1818181818181817,10,18.636363636363637,1,0
CustomerId_1454,60000.0,4285.714285714285,6877.2598683417,11000.0,-5000.0,14,3,2,0.0,2.857142857142857,0,11.642857142857142,1,0
CustomerId_1455,1000.0,1000.0,0.0,1000.0,1000.0,1,1,1,0.0,2.0,76,12.0,0,1
CustomerId_1458,500.0,500.0,0.0,500.0,500.0,1,1,1,0.0,2.0,41,13.0,0,1
CustomerId_1459,10000.0,10000.0,0.0,10000.0,10000.0,1,1,1,0.0,2.0,45,19.0,0,1
CustomerId_1461,65600.0,1561.904761904762,2612.7608872843903,10000.0,-1000.0,42,5,2,0.0,2.0,18,15.476190476190476,1,0
CustomerId_1464,10000.0,2500.0,6757.711644237764,10000.0,-5000.0,4,2,2,0.0,2.5,11,14.0,1,0
CustomerId_1466,38200.0,5457.142857142857,6181.654887071677,10700.0,-5000.0,7,3,2,0.0,2.0,18,19.714285714285715,1,0
CustomerId_1467,-13500.0,-1687.5,1589.6428170234615,-600.0,-5500.0,8,3,2,0.0,3.5,0,11.375,1,0
CustomerId_1468,400864.0,26724.266666666666,28193.687255601504,70000.0,-1000.0,15,4,3,0.0,1.2666666666666666,20,10.666666666666666,1,0
CustomerId_1472,224496.0,3401.4545454545455,5290.541755541946,10050.0,-14000.0,66,7,4,0.0,2.121212121212121,4,13.212121212121213,1,0
CustomerId_1474,10000.0,10000.0,0.0,10000.0,10000.0,1,1,1,0.0,2.0,71,10.0,0,1
CustomerId_1475,16740.0,2092.5,3703.6806017798026,11000.0,-220.0,8,4,3,0.0,2.0,81,9.375,0,1
CustomerId_1476,14000.0,1750.0,3414.3604295471127,10000.0,-1000.0,8,3,2,0.0,2.0,75,8.5,0,1
CustomerId_1477,115075.4,1984.058620689655,3275.502078992743,10070.0,-5000.0,58,7,4,0.0,2.0,10,16.103448275862068,1,0
CustomerId_1478,10000.0,2500.0,6757.711644237764,10000.0,-5000.0,4,2,2,0.0,2.5,5,4.25,1,0
CustomerId_1479,20000.0,3333.3333333333335,6161.709719442054,10000.0,-5000.0,6,4,2,0.0,2.0,18,16.0,1,0
CustomerId_1480,120000.0,4137.931034482759,5930.996892422979,10000.0,-5000.0,29,4,2,0.0,2.0,4,9.068965517241379,1,0
CustomerId_1481,19000.0,1461.5384615384614,3555.87271555532,10000.0,-5000.0,13,5,2,0.0,2.0,59,14.307692307692308,0,1
CustomerId_1482,24000.0,2400.0,4135.214625627066,10000.0,-5000.0,10,4,2,0.0,2.0,59,9.1,0,1
CustomerId_1483,9930.0,1103.3333333333333,1637.0075595427163,3555.0,-1000.0,9,4,2,0.0,2.0,43,13.333333333333334,0,1
CustomerId_1484,2970.0,371.25,746.2178444854903,1500.0,-1000.0,8,4,2,0.0,2.0,11,5.375,1,0
CustomerId_1485,100000.0,4347.826086956522,6055.491089252449,10000.0,-5000.0,23,4,2,0.0,2.0,12,9.217391304347826,1,0
CustomerId_1486,20000.0,3333.3333333333335,7814.516406449389,11000.0,-5000.0,6,3,2,0.0,1.6666666666666667,32,15.0,1,0
CustomerId_1487,6500.0,812.5,530.3300858899107,2000.0,500.0,8,2,2,0.0,1.125,66,9.0,0,1
CustomerId_1488,20000.0,4000.0,6745.368781616021,10000.0,-5000.0,5,3,2,0.0,2.0,32,10.2,1,0
CustomerId_1489,90000.0,15000.0,7745.966692414834,20000.0,5000.0,6,2,2,0.0,1.6666666666666667,50,12.166666666666666,0,1
CustomerId_1490,30000.0,10000.0,8660.254037844386,20000.0,5000.0,3,2,2,0.0,2.6666666666666665,59,16.0,0,1
CustomerId_1492,3350.0,1116.6666666666667,1663.079472945696,3000.0,-150.0,3,2,2,0.0,2.0,81,11.666666666666666,0,1
CustomerId_1494,93375.0,3219.8275862068967,9233.855068902561,50000.0,-1000.0,29,4,2,0.0,2.0,1,11.03448275862069,1,0
CustomerId_1495,9950.0,1990.0,2837.3403038761494,5000.0,-1000.0,5,3,2,0.0,2.0,81,13.4,0,1
CustomerId_1496,50000.0,50000.0,0.0,50000.0,50000.0,1,1,1,0.0,2.0,77,6.0,0,1
CustomerId_1498,3420.0,855.0,2185.734049085875,4000.0,-1000.0,4,3,2,0.0,3.0,2,9.5,1,0
CustomerId_1499,34000.0,4250.0,5092.010548749033,10000.0,-5000.0,8,3,2,0.0,2.0,74,18.0,0,1
CustomerId_15,-10000.0,-10000.0,0.0,-10000.0,-10000.0,1,1,1,0.0,4.0,83,16.0,0,1
CustomerId_1501,20000.0,4000.0,6745.368781616021,10000.0,-5000.0,5,3,2,0.0,2.0,5,8.0,1,0
CustomerId_1502,5000.0,5000.0,0.0,5000.0,5000.0,1,1,1,0.0,4.0,52,14.0,0,1
CustomerId_1503,296471.0,4006.364864864865,16625.54046629934,101500.0,-5000.0,74,7,4,0.0,2.054054054054054,19,11.378378378378379,1,0
CustomerId_1504,109450.0,10945.0,31340.71234034096,100000.0,-1000.0,10,4,2,0.0,2.0,1,10.2,1,0
CustomerId_1505,226410.0,1951.8103448275863,4020.883874092304,20000.0,-1000.0,116,8,4,0.0,2.0172413793103448,5,9.956896551724139,1,0
CustomerId_1506,5000.0,5000.0,0.0,5000.0,5000.0,1,1,1,0.0,2.0,46,21.0,0,1
CustomerId_1507,950.0,475.0,742.4621202458749,1000.0,-50.0,2,2,2,0.0,2.0,6,16.0,1,0
CustomerId_1508,80000.0,3809.5238095238096,5808.261767680995,10000.0,-5000.0,21,4,2,0.0,2.0,12,9.333333333333334,1,0
CustomerId_1509,60429.0,3554.6470588235293,6073.434591946065,10000.0,-5000.0,17,3,2,0.0,2.588235294117647,5,12.647058823529411,1,0
CustomerId_1510,216279.0,2325.5806451612902,4194.390111059265,20000.0,-644.0,93,6,4,0.0,2.021505376344086,58,9.526881720430108,0,1
CustomerId_1511,3950.0,987.5,2168.0924795773817,4000.0,-1000.0,4,3,2,0.0,2.0,24,12.75,1,0
CustomerId_1512,133435.0,4169.84375,4480.445413553283,15000.0,-1000.0,32,4,2,0.0,1.9375,0,10.09375,1,0
CustomerId_1513,19000.0,3166.6666666666665,7626.707459098367,10000.0,-5000.0,6,3,2,0.0,1.6666666666666667,46,19.0,0,1
CustomerId_1514,4350.0,483.3333333333333,738.1353195722313,1400.0,-1000.0,9,4,2,0.0,2.2222222222222223,76,11.555555555555555,0,1
CustomerId_1515,143285.0,2046.9285714285713,2931.5459754911262,11000.0,-5000.0,70,9,5,0.0,2.0285714285714285,4,13.585714285714285,1,0
CustomerId_1516,20975.0,2996.4285714285716,5840.241657589831,10500.0,-5000.0,7,3,2,0.0,2.0,32,18.0,1,0
CustomerId_1517,25000.0,2272.7272727272725,3860.5934541443003,10000.0,-5000.0,11,4,2,0.0,2.0,20,9.545454545454545,1,0
CustomerId_1518,9000.0,2250.0,6601.767440112787,10000.0,-5000.0,4,2,2,0.0,2.5,47,7.75,0,1
CustomerId_1520,97920.0,4896.0,6085.470530612021,10000.0,-5000.0,20,3,2,0.0,2.0,12,9.6,1,0
CustomerId_1521,1000.0,1000.0,0.0,1000.0,1000.0,1,1,1,0.0,2.0,86,13.0,0,1
CustomerId_1523,278854.0,19918.14285714286,52557.29452973882,200000.0,-1000.0,14,3,2,0.0,2.0,17,13.785714285714286,1,0
CustomerId_1524,10000.0,2000.0,5567.764362830022,10000.0,-5000.0,5,3,2,0.0,2.4,5,9.0,1,0
CustomerId_1525,1000.0,1000.0,0.0,1000.0,1000.0,1,1,1,0.0,2.0,71,21.0,0,1
CustomerId_1526,500.0,500.0,0.0,500.0,500.0,1,1,1,0.0,4.0,32,17.0,1,0
CustomerId_1528,11780.0,2356.0,4906.493656370097,11000.0,-1000.0,5,4,3,0.0,2.4,37,16.4,0,1
CustomerId_1529,27386.0,978.0714285714286,1352.6555754589215,5000.0,-1000.0,28,6,2,0.0,2.0714285714285716,82,6.571428571428571,0,1
CustomerId_1531,3000.0,3000.0,0.0,3000.0,3000.0,1,1,1,0.0,2.0,62,12.0,0,1
CustomerId_1532,592356.0,29617.8,65032.14365106407,180000.0,-5000.0,20,7,5,0.0,2.2,44,12.1,0,1
CustomerId_1533,145930.0,1621.4444444444443,5431.227138245644,50000.0,-1000.0,90,6,3,0.0,2.2777777777777777,4,13.533333333333333,1,0
CustomerId_1535,60212748.0,8601821.142857144,3309916.123615392,9880000.0,1095860.0,7,1,1,0.8571428571428571,2.0,2,11.142857142857142,1,0
CustomerId_1537,99171.0,4132.125,4594.306176623976,10001.0,-5000.0,24,5,3,0.0,2.0,18,13.583333333333334,1,0
CustomerId_1538,70000.0,4666.666666666667,6125.668087956572,10000.0,-5000.0,15,3,2,0.0,2.0,11,15.666666666666666,1,0
CustomerId_1540,19000.0,3800.0,6685.805860178712,10000.0,-5000.0,5,3,2,0.0,2.0,74,17.0,0,1
CustomerId_1541,78400.0,2703.448275862069,3718.0527505883542,15000.0,-2000.0,29,4,3,0.0,2.0,45,12.482758620689655,0,1
CustomerId_1542,10000.0,2000.0,5667.892024377317,10000.0,-5000.0,5,3,3,0.0,1.8,11,10.0,1,0
CustomerId_1543,20000.0,4000.0,6745.368781616021,10000.0,-5000.0,5,3,2,0.0,2.0,11,13.0,1,0
CustomerId_1545,242985.0,3471.214285714286,12157.945838478929,60000.0,-1629.0,70,6,4,0.0,1.9714285714285715,13,16.757142857142856,1,0
CustomerId_1546,320000.0,6400.0,8997.48264113641,20000.0,-5000.0,50,4,2,0.0,2.0,4,14.26,1,0
CustomerId_1547,104250.0,2004.8076923076924,2900.926654103596,10000.0,-1000.0,52,4,2,0.0,1.9423076923076923,52,13.73076923076923,0,1
CustomerId_1550,60000.0,4285.714285714285,6203.9512400575,10000.0,-5000.0,14,3,2,0.0,2.0,5,9.857142857142858,1,0
CustomerId_1554,31725.0,1220.1923076923076,1840.1225398158845,5000.0,-1000.0,26,5,2,0.0,1.8846153846153846,2,11.961538461538462,1,0
CustomerId_1557,120000.0,4800.0,6244.9979983983985,10000.0,-5000.0,25,3,2,0.0,2.0,4,10.84,1,0
CustomerId_1561,20000.0,4000.0,6745.368781616021,10000.0,-5000.0,5,3,2,0.0,2.0,4,13.8,1,0
CustomerId_1562,3750.0,1250.0,3269.174207655505,5000.0,-1000.0,3,2,2,0.0,2.6666666666666665,67,6.0,0,1
CustomerId_1564,17530.0,626.0714285714286,3141.1985672913834,12000.0,-5000.0,28,6,3,0.0,2.5,58,12.321428571428571,0,1
CustomerId_1565,59600.0,3505.8823529411766,5186.1860490435665,15000.0,-300.0,17,3,2,0.0,2.0,54,8.588235294117647,0,1
CustomerId_1566,1000.0,1000.0,0.0,1000.0,1000.0,1,1,1,0.0,4.0,22,23.0,1,0
CustomerId_1567,1000500.0,333500.0,288386.4594602181,500000.0,500.0,3,2,2,0.6666666666666666,2.0,20,9.666666666666666,1,0
CustomerId_1568,22840.0,1522.6666666666667,2754.856663802173,10000.0,-1000.0,15,7,3,0.0,2.1333333333333333,25,10.933333333333334,1,0
CustomerId_1569,5000.0,5000.0,0.0,5000.0,5000.0,1,1,1,0.0,2.0,34,21.0,1,0
CustomerId_1570,29000.0,3222.222222222222,5124.153046547736,10000.0,-5000.0,9,3,2,0.0,2.2222222222222223,53,19.0,0,1
CustomerId_1571,10000.0,10000.0,0.0,10000.0,10000.0,1,1,1,0.0,2.0,39,7.0,0,1
CustomerId_1572,60000.0,4615.384615384615,6357.914510519697,10000.0,-5000.0,13,3,2,0.0,2.0,11,11.23076923076923,1,0
CustomerId_1573,19000.0,3166.6666666666665,7626.707459098367,10000.0,-5000.0,6,3,2,0.0,2.6666666666666665,67,18.0,0,1
CustomerId_1576,246592.0,2709.802197802198,9369.563800139471,80000.0,-5000.0,91,12,7,0.0,1.967032967032967,37,11.54945054945055,1,0
CustomerId_1577,5250.0,1750.0,2839.4541729001367,5000.0,-250.0,3,3,2,0.0,2.0,86,15.333333333333334,0,1
CustomerId_1578,80000.0,6666.666666666667,9374.36866561092,20000.0,-5000.0,12,4,2,0.0,2.0,68,13.916666666666666,0,1
CustomerId_1579,90000.0,4500.0,7667.429405231621,15000.0,-5000.0,20,3,2,0.0,2.6,0,15.5,1,0
CustomerId_1580,5932.0,988.6666666666666,944.2047800486221,2000.0,-40.0,6,4,3,0.0,2.5,41,20.166666666666668,0,1
CustomerId_1581,25000.0,1923.076923076923,3639.1743216820137,10000.0,-5000.0,13,4,2,0.0,2.0,25,14.307692307692308,1,0
CustomerId_1583,7730.0,858.8888888888889,1150.276536799352,1800.0,-1000.0,9,2,2,0.0,3.111111111111111,35,10.333333333333334,1,0
CustomerId_1584,239214.0,4054.4745762711864,9510.749514240102,50000.0,-5000.0,59,7,4,0.0,1.847457627118644,0,11.05084745762712,1,0
CustomerId_1587,18955.0,1263.6666666666667,1646.646447726264,5000.0,-100.0,15,5,3,0.0,2.0,85,14.0,0,1
CustomerId_1588,123640.0,3746.6666666666665,14155.694672698568,80000.0,-5000.0,33,7,5,0.0,2.0606060606060606,30,11.454545454545455,1,0
CustomerId_1591,35000.0,3888.8888888888887,6527.71867585538,10000.0,-5000.0,9,3,2,0.0,1.7777777777777777,19,11.555555555555555,1,0
CustomerId_1593,50000.0,3846.153846153846,8060.667402539258,15000.0,-5000.0,13,3,2,0.0,2.769230769230769,0,13.615384615384615,1,0
CustomerId_1594,374500.0,4207.865168539326,5422.548350911915,13000.0,-5000.0,89,6,3,0.0,2.0,4,10.786516853932584,1,0
CustomerId_1595,-8050.0,-2012.5,5347.955216716011,1000.0,-10000.0,4,3,2,0.0,2.5,75,6.25,0,1
CustomerId_1597,50000.0,50000.0,0.0,50000.0,50000.0,1,1,1,0.0,4.0,76,15.0,0,1
CustomerId_1599,0.0,0.0,866.0254037844386,500.0,-1000.0,3,2,2,0.0,3.3333333333333335,33,13.0,1,0
CustomerId_1601,-430.0,-143.33333333333334,805.9983457385836,600.0,-1000.0,3,2,2,0.0,2.6666666666666665,58,13.0,0,1
CustomerId_1602,4231510.0,72957.06896551725,367643.93186699913,2000000.0,-1000.0,58,4,2,0.017241379310344827,2.0,12,12.431034482758621,1,0
CustomerId_1604,65225.5,2174.1833333333334,4481.880936891482,14000.0,-1000.0,30,6,3,0.0,2.0,47,13.666666666666666,0,1
CustomerId_1605,1800.0,1800.0,0.0,1800.0,1800.0,1,1,1,0.0,4.0,76,9.0,0,1
CustomerId_1608,20050.0,1253.125,1696.2860165667817,5000.0,-125.0,16,6,3,0.0,2.0,85,18.0,0,1
CustomerId_1609,975.0,195.0,760.0164471904538,1000.0,-1000.0,5,4,2,0.0,2.0,83,17.0,0,1
CustomerId_1610,500.0,500.0,0.0,500.0,500.0,1,1,1,0.0,4.0,21,10.0,1,0
CustomerId_1611,19000.0,3800.0,6685.805860178712,10000.0,-5000.0,5,3,2,0.0,2.0,46,12.0,0,1
CustomerId_1612,20000.0,20000.0,0.0,20000.0,20000.0,1,1,1,0.0,2.0,2,20.0,1,0
CustomerId_1613,80000.0,4444.444444444444,6166.5341798168665,10000.0,-5000.0,18,4,2,0.0,2.0,12,9.61111111111111,1,0
CustomerId_1614,1000.0,200.0,670.820393249937,500.0,-1000.0,5,3,2,0.0,2.8,38,15.0,0,1
CustomerId_1615,10000.0,2000.0,5744.562646538028,10000.0,-5000.0,5,2,2,0.0,2.4,11,18.0,1,0
CustomerId_1617,500.0,500.0,0.0,500.0,500.0,1,1,1,0.0,2.0,1,2.0,1,0
CustomerId_1618,70000.0,5384.615384615385,10935.709560414614,31000.0,-5000.0,13,3,2,0.0,2.769230769230769,0,13.923076923076923,1,0
CustomerId_1619,5000.0,5000.0,0.0,5000.0,5000.0,1,1,1,0.0,2.0,89,6.0,0,1
CustomerId_1620,20000.0,4000.0,6745.368781616021,10000.0,-5000.0,5,3,2,0.0,2.0,25,14.0,1,0
CustomerId_1621,1000.0,1000.0,0.0,1000.0,1000.0,1,1,1,0.0,4.0,25,22.0,1,0
CustomerId_1622,327965.0,2602.8968253968255,5841.643958790182,35000.0,-5000.0,126,9,4,0.0,1.9603174603174602,4,14.992063492063492,1,0
CustomerId_1623,20000.0,4000.0,6745.368781616021,10000.0,-5000.0,5,3,2,0.0,2.0,4,9.8,1,0
CustomerId_1624,75000.0,4166.666666666667,6731.314005102876,10000.0,-5000.0,18,4,3,0.0,2.7777777777777777,53,13.222222222222221,0,1
CustomerId_1625,80000.0,3809.5238095238096,6981.397049438226,10700.0,-5000.0,21,3,2,0.0,2.761904761904762,54,11.619047619047619,0,1
CustomerId_1626,5875.0,451.9230769230769,602.119653327374,1000.0,-1000.0,13,4,2,0.0,2.1538461538461537,23,13.76923076923077,1,0
CustomerId_1627,500.0,500.0,0.0,500.0,500.0,1,1,1,0.0,2.0,3,17.0,1,0
CustomerId_1629,500.0,500.0,0.0,500.0,500.0,1,1,1,0.0,4.0,47,14.0,0,1
CustomerId_1632,329100.0,4839.705882352941,5940.975589663689,11000.0,-5000.0,68,6,3,0.0,2.0,4,11.617647058823529,1,0
CustomerId_1634,93900.0,4942.105263157895,6281.305224365189,10000.0,-5000.0,19,4,3,0.0,2.9473684210526314,53,11.157894736842104,0,1
CustomerId_1635,20000.0,3333.3333333333335,7814.516406449389,11000.0,-5000.0,6,3,2,0.0,1.6666666666666667,32,18.5,1,0
CustomerId_1636,75658.0,2364.3125,4648.06154835089,14500.0,-5000.0,32,5,3,0.0,2.0,7,13.40625,1,0
CustomerId_1637,10000.0,10000.0,0.0,10000.0,10000.0,1,1,1,0.0,2.0,14,4.0,1,0
CustomerId_1638,-525.0,-175.0,761.1668673819164,500.0,-1000.0,3,2,2,0.0,2.6666666666666665,58,17.0,0,1
CustomerId_1639,17440.0,1245.7142857142858,1596.6393277309508,5000.0,-1000.0,14,4,3,0.0,2.0,25,6.928571428571429,1,0
CustomerId_1640,3375.0,421.875,912.7506994167215,2000.0,-1000.0,8,3,2,0.0,2.25,41,14.0,0,1
CustomerId_1641,19000.0,3166.6666666666665,7626.707459098367,10000.0,-5000.0,6,3,2,0.0,1.6666666666666667,53,19.0,0,1
CustomerId_1642,28310.0,2831.0,4818.984332823671,15000.0,-1000.0,10,4,2,0.0,2.0,43,9.6,0,1
CustomerId_1643,19000.0,3800.0,6685.805860178712,10000.0,-5000.0,5,3,2,0.0,2.0,46,20.0,0,1
CustomerId_1645,20000.0,4000.0,6745.368781616021,10000.0,-5000.0,5,3,2,0.0,2.0,4,12.0,1,0
CustomerId_1646,-500.0,-250.0,1060.6601717798212,500.0,-1000.0,2,2,2,0.0,3.0,39,5.0,0,1
CustomerId_1647,16400.0,863.1578947368421,899.2036762947471,2500.0,-1000.0,19,5,3,0.0,2.0,10,15.947368421052632,1,0
CustomerId_1649,-525.0,-175.0,761.1668673819164,500.0,-1000.0,3,2,2,0.0,2.6666666666666665,25,8.0,1,0
CustomerId_1651,20000.0,10000.0,0.0,10000.0,10000.0,2,1,1,0.0,2.0,1,18.0,1,0
CustomerId_1652,5000.0,5000.0,0.0,5000.0,5000.0,1,1,1,0.0,2.0,45,4.0,0,1
CustomerId_1653,1660475.0,276745.8333333333,677653.6302597121,1660000.0,-1000.0,6,4,3,0.16666666666666666,2.0,24,13.166666666666666,1,0
CustomerId_1655,40000.0,4444.444444444444,6463.573143221772,10000.0,-5000.0,9,3,2,0.0,2.0,11,20.0,1,0
CustomerId_1656,1069170.0,11879.666666666666,21448.27214276508,100000.0,-5000.0,90,12,7,0.0,2.2,3,10.877777777777778,1,0
CustomerId_1657,6000.0,2000.0,0.0,2000.0,2000.0,3,2,2,0.0,3.3333333333333335,51,13.0,0,1
CustomerId_1658,103538.0,2407.860465116279,4273.288789130046,12000.0,-5000.0,43,8,5,0.0,2.186046511627907,6,16.25581395348837,1,0
CustomerId_1659,165000.0,55000.0,91810.94705970524,161000.0,500.0,3,3,3,0.0,0.6666666666666666,69,22.0,0,1
CustomerId_1660,1000.0,1000.0,0.0,1000.0,1000.0,1,1,1,0.0,4.0,66,6.0,0,1
CustomerId_1661,51691.0,2584.55,4472.809472391574,11000.0,-5000.0,20,6,4,0.0,2.4,0,9.55,1,0
CustomerId_1663,1693789.0,3528.727083333333,7990.886821801907,50000.0,-5000.0,480,9,5,0.0,2.0,10,16.839583333333334,1,0
CustomerId_1664,1000.0,1000.0,0.0,1000.0,1000.0,1,1,1,0.0,2.0,85,7.0,0,1
CustomerId_1666,50000.0,50000.0,0.0,50000.0,50000.0,1,1,1,0.0,2.0,33,8.0,1,0
CustomerId_1669,-525.0,-175.0,761.1668673819164,500.0,-1000.0,3,2,2,0.0,2.6666666666666665,29,15.0,1,0
CustomerId_1670,229685.0,15312.333333333334,32311.918289136123,120000.0,-1629.0,15,6,4,0.0,2.0,61,13.4,0,1
CustomerId_1671,10000.0,5000.0,0.0,5000.0,5000.0,2,1,1,0.0,1.0,72,14.0,0,1
CustomerId_1672,20250.0,3375.0,3767.45935611786,10000.0,-1000.0,6,4,3,0.0,3.6666666666666665,34,13.5,1,0
CustomerId_1674,20000.0,20000.0,0.0,20000.0,20000.0,1,1,1,0.0,2.0,81,13.0,0,1
CustomerId_1676,164000.0,5125.0,6332.201370262034,15000.0,-5000.0,32,4,2,0.0,2.0,4,14.09375,1,0
CustomerId_1679,9000.0,2250.0,6601.767440112787,10000.0,-5000.0,4,2,2,0.0,2.5,54,7.25,0,1
CustomerId_1680,743150.0,67559.09090909091,147897.88169237215,500000.0,-5000.0,11,3,2,0.09090909090909091,2.1818181818181817,11,12.272727272727273,1,0
CustomerId_1681,50000.0,3846.153846153846,8060.667402539258,15000.0,-5000.0,13,3,2,0.0,2.769230769230769,0,13.846153846153847,1,0
CustomerId_1683,99500.0,8291.666666666666,12384.84839216733,30000.0,-5000.0,12,5,4,0.0,2.0,7,11.666666666666666,1,0
CustomerId_1684,61000.0,4692.307692307692,5963.564585388723,15000.0,-5000.0,13,3,2,0.0,2.0,11,14.23076923076923,1,0
CustomerId_1686,1000.0,1000.0,0.0,1000.0,1000.0,1,1,1,0.0,4.0,6,15.0,1,0
CustomerId_1687,2000.0,2000.0,0.0,2000.0,2000.0,1,1,1,0.0,2.0,60,3.0,0,1
CustomerId_1688,110779.0,6923.6875,7204.237028478449,20000.0,-1000.0,16,4,3,0.0,2.0,23,9.25,1,0
CustomerId_1690,2017630.0,96077.61904761905,138962.67351899797,300000.0,-275.0,21,5,2,0.0,1.4285714285714286,80,13.952380952380953,0,1
CustomerId_1692,11950.0,1707.142857142857,3721.606795841971,10000.0,-1000.0,7,3,2,0.0,2.0,26,14.857142857142858,1,0
CustomerId_1694,100000.0,4545.454545454545,6162.306871134055,10000.0,-5000.0,22,3,2,0.0,2.0,12,7.545454545454546,1,0
CustomerId_1695,785327.0,8180.489583333333,31408.92303420019,250000.0,-5000.0,96,6,3,0.0,2.0,6,13.71875,1,0
CustomerId_1696,29090.0,2644.5454545454545,3370.087131325728,11000.0,-1000.0,11,4,3,0.0,2.0,25,14.272727272727273,1,0
CustomerId_1697,30000.0,3000.0,6429.100507328637,10000.0,-5000.0,10,3,2,0.0,2.6,5,8.8,1,0
CustomerId_1698,499000.0,249500.0,354260.49737446033,500000.0,-1000.0,2,2,2,0.5,3.0,2,20.0,1,0
CustomerId_1699,616150.0,4080.46357615894,9238.590996304458,66856.0,-5000.0,151,5,2,0.0,2.80794701986755,35,13.933774834437086,1,0
CustomerId_1701,70000.0,2800.0,6186.342484322488,10000.0,-5000.0,25,3,2,0.0,2.32,0,13.68,1,0
CustomerId_1702,12080.0,862.8571428571429,1139.0510799070262,3000.0,-150.0,14,3,2,0.0,2.0,88,11.285714285714286,0,1
CustomerId_1703,-525.0,-175.0,761.1668673819164,500.0,-1000.0,3,2,2,0.0,2.6666666666666665,63,21.0,0,1
CustomerId_1705,-50.0,-16.666666666666668,1000.4165798972613,1000.0,-1000.0,3,2,2,0.0,2.6666666666666665,1,18.0,1,0
CustomerId_1707,11000.0,1571.4285714285713,2801.466452719769,5000.0,-1000.0,7,4,2,0.0,2.2857142857142856,25,10.714285714285714,1,0
CustomerId_1708,20000.0,3333.3333333333335,6088.2400303098,10000.0,-5000.0,6,3,2,0.0,2.0,11,11.333333333333334,1,0
CustomerId_1709,851985.0,1625.925572519084,3207.920535895807,23000.0,-5000.0,524,10,4,0.0,2.0,0,12.219465648854962,1,0
CustomerId_1710,2980.0,596.0,1142.838571277676,2000.0,-1000.0,5,3,2,0.0,2.0,21,19.2,1,0
CustomerId_1712,1000.0,1000.0,0.0,1000.0,1000.0,1,1,1,0.0,4.0,38,16.0,0,1
CustomerId_1713,42814.0,910.936170212766,993.1032260426497,3300.0,-1000.0,47,5,2,0.0,2.127659574468085,20,16.19148936170213,1,0
CustomerId_1714,29000.0,4142.857142857143,7425.823667638301,10000.0,-5000.0,7,3,2,0.0,2.857142857142857,61,6.857142857142857,0,1
CustomerId_1716,80000.0,80000.0,0.0,80000.0,80000.0,1,1,1,0.0,4.0,61,18.0,0,1
CustomerId_1717,40000.0,3333.3333333333335,7202.69309902816,11000.0,-5000.0,12,3,2,0.0,2.6666666666666665,0,12.333333333333334,1,0
CustomerId_1719,5000.0,5000.0,0.0,5000.0,5000.0,1,1,1,0.0,2.0,2,6.0,1,0
CustomerId_1720,19000.0,3166.6666666666665,7626.707459098367,10000.0,-5000.0,6,3,2,0.0,1.6666666666666667,46,16.0,0,1
CustomerId_1721,19000.0,3166.6666666666665,7626.707459098367,10000.0,-5000.0,6,3,2,0.0,1.6666666666666667,46,14.0,0,1
CustomerId_1722,1000.0,1000.0,0.0,1000.0,1000.0,1,1,1,0.0,2.0,20,19.0,1,0
CustomerId_1723,800.0,800.0,0.0,800.0,800.0,1,1,1,0.0,2.0,85,10.0,0,1
CustomerId_1724,1000000.0,1000000.0,0.0,1000000.0,1000000.0,1,1,1,0.0,2.0,28,20.0,1,0
CustomerId_1725,25950.0,1297.5,1665.5301826966943,5000.0,-100.0,20,4,2,0.0,1.95,84,10.35,0,1
CustomerId_1726,6880.0,1146.6666666666667,2150.410813464875,5000.0,-1000.0,6,4,2,0.0,2.0,55,9.833333333333334,0,1
CustomerId_1728,4500.0,1500.0,3122.4989991991993,5000.0,-1000.0,3,3,2,0.0,2.0,38,15.0,0,1
CustomerId_1729,40000.0,5000.0,6053.334382210944,10000.0,-5000.0,8,4,2,0.0,2.0,32,13.0,1,0
CustomerId_1730,166430.0,2641.746031746032,7503.213836080088,50000.0,-1500.0,63,5,2,0.0,2.0317460317460316,26,16.761904761904763,1,0
CustomerId_1731,348000.0,15130.434782608696,41346.052738745195,145000.0,-5000.0,23,4,2,0.0,1.9130434782608696,55,10.826086956521738,0,1
CustomerId_1732,161000.0,8944.444444444445,26099.85851262579,80000.0,-5000.0,18,6,3,0.0,2.111111111111111,52,16.166666666666668,0,1
CustomerId_1733,180000.0,4736.8421052631575,6491.9251736970855,15000.0,-5000.0,38,3,2,0.0,2.0,4,13.0,1,0
CustomerId_1735,-17000.0,-5666.666666666667,7505.553499465135,3000.0,-10000.0,3,2,2,0.0,3.3333333333333335,18,4.0,1,0
CustomerId_1736,475.0,237.5,371.23106012293744,500.0,-25.0,2,2,2,0.0,3.0,33,19.0,1,0
CustomerId_1738,20000.0,4000.0,6745.368781616021,10000.0,-5000.0,5,3,2,0.0,2.0,5,7.0,1,0
CustomerId_1739,11391.0,599.5263157894736,428.4543756886883,1000.0,-50.0,19,4,2,0.0,2.0,8,15.368421052631579,1,0
CustomerId_1741,13000.0,4333.333333333333,4932.882862316247,10000.0,1000.0,3,3,3,0.0,2.6666666666666665,39,5.0,0,1
CustomerId_1742,7000.0,2333.3333333333335,1154.7005383792514,3000.0,1000.0,3,2,2,0.0,2.6666666666666665,23,11.0,1,0
CustomerId_1744,5000.0,5000.0,0.0,5000.0,5000.0,1,1,1,0.0,2.0,33,4.0,1,0
CustomerId_1748,64000.0,21333.333333333332,35218.366420567174,62000.0,1000.0,3,2,2,0.0,3.3333333333333335,19,16.0,1,0
CustomerId_1749,950.0,237.5,962.0940702446928,1000.0,-1000.0,4,2,2,0.0,3.0,33,10.5,1,0
CustomerId_1750,25100.0,1195.2380952380952,1400.6877919351587,5000.0,-125.0,21,4,2,0.0,2.0,0,8.333333333333334,1,0
CustomerId_1752,950.0,237.5,962.0940702446928,1000.0,-1000.0,4,2,2,0.0,3.0,22,19.0,1,0
CustomerId_1753,250000.0,250000.0,0.0,250000.0,250000.0,1,1,1,0.0,0.0,67,9.0,0,1
CustomerId_1754,500.0,500.0,0.0,500.0,500.0,1,1,1,0.0,4.0,48,7.0,0,1
CustomerId_1755,5000.0,5000.0,0.0,5000.0,5000.0,1,1,1,0.0,4.0,42,6.0,0,1
CustomerId_1756,5000.0,5000.0,0.0,5000.0,5000.0,1,1,1,0.0,2.0,60,5.0,0,1
CustomerId_1757,950.0,237.5,303.10889132455355,500.0,-25.0,4,2,2,0.0,2.5,69,9.5,0,1
CustomerId_1758,113704.5,1249.5,3741.2426790216814,22000.0,-13000.0,91,8,3,0.0,2.6373626373626373,7,14.241758241758241,1,0
CustomerId_1759,24000.0,2400.0,5896.326540030383,15000.0,-5000.0,10,5,4,0.0,2.0,31,11.4,1,0
CustomerId_1762,15153.0,1515.3,1973.889789223299,5000.0,-1000.0,10,6,3,0.0,2.0,5,9.3,1,0
CustomerId_1763,40000.0,3076.923076923077,6143.581182306436,10000.0,-5000.0,13,4,2,0.0,2.0,18,15.23076923076923,1,0
CustomerId_1764,11000.0,5500.0,6363.961030678927,10000.0,1000.0,2,2,2,0.0,3.0,73,13.5,0,1
CustomerId_1767,294940.0,14044.761904761905,18201.703867783264,50000.0,-2000.0,21,5,3,0.0,1.6666666666666667,1,14.142857142857142,1,0
CustomerId_1768,219052.0,3221.3529411764707,6619.986102737601,30000.0,-5000.0,68,6,4,0.0,2.0,10,12.073529411764707,1,0
CustomerId_1769,10000.0,10000.0,0.0,10000.0,10000.0,1,1,1,0.0,2.0,39,18.0,0,1
CustomerId_1770,14800.0,1850.0,4356.604182158393,10000.0,-5000.0,8,4,3,0.0,2.0,0,15.75,1,0
CustomerId_1773,80206.55,3341.9395833333333,7052.10165040211,24000.0,-1000.0,24,5,3,0.0,2.1666666666666665,4,11.125,1,0
CustomerId_1774,179000.0,4710.526315789473,6405.900551652917,15000.0,-5000.0,38,4,2,0.0,2.0,4,12.710526315789474,1,0
CustomerId_1776,490.0,245.0,360.62445840513925,500.0,-10.0,2,2,2,0.0,3.0,44,7.0,0,1
CustomerId_1782,44908.0,2363.5789473684213,4897.808062068735,20000.0,-1000.0,19,4,3,0.0,2.0,0,13.894736842105264,1,0
CustomerId_1784,40000.0,4444.444444444444,6463.573143221772,10000.0,-5000.0,9,3,2,0.0,2.0,4,9.444444444444445,1,0
CustomerId_1786,150000.0,5172.413793103448,6064.763365524079,10000.0,-5000.0,29,4,2,0.0,2.413793103448276,5,13.517241379310345,1,0
CustomerId_1790,192710.0,7137.407407407408,11411.582372778645,50000.0,-5000.0,27,6,4,0.0,2.0,1,11.37037037037037,1,0
CustomerId_1791,30000.0,5000.0,6511.528238439882,10000.0,-5000.0,6,3,2,0.0,2.0,32,12.0,1,0
CustomerId_1792,1000000.0,1000000.0,0.0,1000000.0,1000000.0,1,1,1,0.0,0.0,75,6.0,0,1
CustomerId_1794,10000.0,1111.111111111111,3838.7642687603407,10000.0,-5000.0,9,3,2,0.0,2.2222222222222223,72,13.88888888888889,0,1
CustomerId_1795,39000.0,3900.0,9122.01244852862,20000.0,-5000.0,10,3,2,0.0,2.8,0,14.3,1,0
CustomerId_1797,8000.0,2666.6666666666665,577.3502691896257,3000.0,2000.0,3,1,1,0.0,3.3333333333333335,43,8.666666666666666,0,1
CustomerId_1798,50000.0,50000.0,0.0,50000.0,50000.0,1,1,1,0.0,2.0,35,14.0,1,0
CustomerId_1800,15000.0,3000.0,6745.368781616021,10000.0,-5000.0,5,3,2,0.0,2.0,12,9.0,1,0
CustomerId_1801,11875.0,659.7222222222222,792.1832679786663,2000.0,-1000.0,18,4,2,0.0,2.111111111111111,12,9.722222222222221,1,0
CustomerId_1802,21000.0,7000.0,5196.152422706632,10000.0,1000.0,3,2,2,0.0,2.0,7,5.0,1,0
CustomerId_1805,343644.25,11849.801724137931,34907.86393668666,190000.0,-5000.0,29,5,3,0.0,1.9310344827586208,41,11.724137931034482,0,1
CustomerId_1806,60000.0,3000.0,4313.381870168087,10000.0,-5000.0,20,5,2,0.0,2.0,70,9.95,0,1
CustomerId_1807,30000.0,5000.0,7745.966692414834,10000.0,-5000.0,6,3,2,0.0,3.0,53,12.0,0,1
CustomerId_1809,56156.42,2955.601052631579,4067.6853813684793,10000.0,-5000.0,19,6,3,0.0,2.3157894736842106,62,13.842105263157896,0,1
CustomerId_1810,85000.0,3695.6521739130435,6983.322878041107,10000.0,-5000.0,23,3,2,0.0,2.4347826086956523,0,13.304347826086957,1,0
CustomerId_1811,1975.0,658.3333333333334,591.7840259193664,1000.0,-25.0,3,2,2,0.0,2.0,84,17.666666666666668,0,1
CustomerId_1812,403794.0,11536.971428571429,57058.337898972124,200000.0,-60000.0,35,8,4,0.0,2.257142857142857,8,12.685714285714285,1,0
CustomerId_1813,19280.0,3856.0,7210.279328847116,16000.0,-1000.0,5,3,3,0.0,2.0,67,15.2,0,1
CustomerId_1815,76505.0,968.4177215189874,1323.9629575691515,5000.0,-250.0,79,4,2,0.0,2.7848101265822787,0,10.113924050632912,1,0
CustomerId_1817,19000.0,3166.6666666666665,7626.707459098367,10000.0,-5000.0,6,3,2,0.0,2.6666666666666665,54,8.0,0,1
CustomerId_1820,14800.0,1480.0,2071.3924463188205,5000.0,-1000.0,10,5,2,0.0,2.0,27,13.7,1,0
CustomerId_1821,10000.0,10000.0,0.0,10000.0,10000.0,1,1,1,0.0,2.0,3,6.0,1,0
CustomerId_1825,120000.0,6315.789473684211,8818.809642393466,20000.0,-5000.0,19,4,2,0.0,2.0,4,13.0,1,0
CustomerId_1827,19000.0,3166.6666666666665,7626.707459098367,10000.0,-5000.0,6,3,2,0.0,1.6666666666666667,53,21.0,0,1
CustomerId_1828,9000.0,1800.0,7661.592523751182,10000.0,-5000.0,5,3,2,0.0,1.6,53,20.0,0,1
CustomerId_1830,2800.0,311.1111111111111,719.2781875680029,1000.0,-1000.0,9,2,2,0.0,2.888888888888889,64,17.444444444444443,0,1
CustomerId_1831,296800.0,21200.0,39865.4853611106,150000.0,-5000.0,14,6,3,0.0,2.0,31,9.0,1,0
CustomerId_1833,784000.0,78400.0,93932.83652577398,240000.0,-5000.0,10,2,2,0.0,2.4,60,12.9,0,1
CustomerId_1835,19000.0,3166.6666666666665,7626.707459098367,10000.0,-5000.0,6,3,2,0.0,1.6666666666666667,46,16.166666666666668,0,1
CustomerId_1836,5000.0,5000.0,0.0,5000.0,5000.0,1,1,1,0.0,2.0,21,7.0,1,0
CustomerId_1838,1000.0,1000.0,0.0,1000.0,1000.0,1,1,1,0.0,4.0,28,20.0,1,0
CustomerId_1839,26628.0,1566.3529411764705,2802.43530124195,10000.0,-500.0,17,4,3,0.0,2.9411764705882355,67,12.764705882352942,0,1
CustomerId_1841,110000.0,5000.0,6218.25270205921,10000.0,-5000.0,22,3,2,0.0,2.0,5,10.090909090909092,1,0
CustomerId_1843,965.0,74.23076923076923,910.5535087559064,2000.0,-1000.0,13,4,3,0.0,2.6153846153846154,61,10.923076923076923,0,1
CustomerId_1844,47175.0,4717.5,5456.622505420974,10500.0,-5000.0,10,4,2,0.0,2.0,39,9.1,0,1
CustomerId_1845,28400.0,2184.6153846153848,2932.745060475525,10000.0,-1000.0,13,4,2,0.0,1.8461538461538463,5,10.692307692307692,1,0
CustomerId_1846,37535.0,2345.9375,10422.491579711957,21000.0,-12000.0,16,7,3,0.0,2.0,15,12.75,1,0
CustomerId_1848,77140.0,5142.666666666667,12650.616600820387,50000.0,-1000.0,15,5,3,0.0,2.0,9,14.0,1,0
CustomerId_1849,60220.0,2076.551724137931,2659.57337591425,10000.0,-250.0,29,5,2,0.0,2.413793103448276,3,11.275862068965518,1,0
CustomerId_1850,1509988.0,1509988.0,0.0,1509988.0,1509988.0,1,1,1,1.0,2.0,22,15.0,1,0
CustomerId_1852,2000.0,2000.0,0.0,2000.0,2000.0,1,1,1,0.0,2.0,21,14.0,1,0
CustomerId_1853,1000.0,1000.0,0.0,1000.0,1000.0,1,1,1,0.0,4.0,54,8.0,0,1
CustomerId_1855,1950.0,390.0,900.2777349240622,1000.0,-1000.0,5,2,2,0.0,3.2,0,17.2,1,0
CustomerId_1856,60600.0,30300.0,42002.14280248092,60000.0,600.0,2,1,1,0.0,2.0,18,17.0,1,0
CustomerId_1858,3696125.0,66002.23214285714,302017.51960609475,2000000.0,-5000.0,56,7,3,0.03571428571428571,2.0357142857142856,32,15.0,1,0
CustomerId_1859,-25.0,-6.25,707.2172579907818,500.0,-1000.0,4,3,2,0.0,2.0,59,13.0,0,1
CustomerId_1860,279920.0,5955.744680851064,5858.465589540472,12000.0,-5000.0,47,6,3,0.0,2.0,1,12.97872340425532,1,0
CustomerId_1861,19000.0,3800.0,6685.805860178712,10000.0,-5000.0,5,3,2,0.0,2.0,53,11.0,0,1
CustomerId_1862,2425.0,485.0,518.8930525647843,1000.0,-50.0,5,4,2,0.0,2.4,83,13.0,0,1
CustomerId_1864,111600.0,4133.333333333333,5747.173218200405,10000.0,-5000.0,27,5,3,0.0,2.0,5,17.444444444444443,1,0
CustomerId_1867,130000.0,4193.548387096775,5869.749312300084,10000.0,-5000.0,31,5,2,0.0,2.0,8,9.741935483870968,1,0
CustomerId_1870,9800.0,2450.0,6481.5121692395205,10000.0,-5000.0,4,3,2,0.0,2.5,88,14.25,0,1
CustomerId_1871,50000.0,2941.176470588235,4019.026440496724,11000.0,-5000.0,17,4,2,0.0,2.0,32,15.235294117647058,1,0
CustomerId_1872,20000.0,5000.0,0.0,5000.0,5000.0,4,2,2,0.0,1.25,12,12.25,1,0
CustomerId_1873,1000.0,1000.0,0.0,1000.0,1000.0,1,1,1,0.0,2.0,88,14.0,0,1
CustomerId_1874,92770.0,4216.818181818182,6491.15323700807,20000.0,-5000.0,22,7,4,0.0,2.272727272727273,9,12.409090909090908,1,0
CustomerId_1875,611180.6,6300.830927835052,8624.547655159477,20000.0,-5000.0,97,5,3,0.0,2.0,5,8.783505154639176,1,0
CustomerId_1876,11000.0,3666.6666666666665,3785.9388972001825,8000.0,1000.0,3,1,1,0.0,2.0,51,14.333333333333334,0,1
CustomerId_1877,180520.0,10028.888888888889,16634.36791312736,70000.0,-5000.0,18,5,3,0.0,2.0,10,13.833333333333334,1,0
CustomerId_1879,1000.0,1000.0,0.0,1000.0,1000.0,1,1,1,0.0,4.0,86,9.0,0,1
CustomerId_1881,229000.0,6542.857142857143,5822.587140473156,10000.0,-5000.0,35,3,2,0.0,2.0,4,13.82857142857143,1,0
CustomerId_1882,6500.0,1625.0,2250.0,5000.0,500.0,4,3,2,0.0,3.0,18,13.75,1,0
CustomerId_1884,10000.0,10000.0,0.0,10000.0,10000.0,1,1,1,0.0,4.0,71,13.0,0,1
CustomerId_1885,150000.0,150000.0,0.0,150000.0,150000.0,1,1,1,0.0,2.0,29,9.0,1,0
CustomerId_1886,7000.0,2333.3333333333335,6658.328118479393,10000.0,-2000.0,3,2,2,0.0,2.0,49,8.0,0,1
CustomerId_1887,1000.0,1000.0,0.0,1000.0,1000.0,1,1,1,0.0,4.0,55,18.0,0,1
CustomerId_1888,10000.0,10000.0,0.0,10000.0,10000.0,1,1,1,0.0,2.0,62,20.0,0,1
CustomerId_1889,338150.4,5047.020895522389,7483.436394576891,35000.0,-5000.0,67,7,3,0.0,2.0,4,10.791044776119403,1,0
CustomerId_1890,80000.0,8888.888888888889,10373.577546396957,20000.0,-5000.0,9,4,2,0.0,2.0,5,8.0,1,0
CustomerId_1891,2008840.0,182621.81818181818,602758.2432421506,2000000.0,-1000.0,11,5,3,0.09090909090909091,2.0,44,9.090909090909092,0,1
CustomerId_1892,10000.0,10000.0,0.0,10000.0,10000.0,1,1,1,0.0,4.0,11,15.0,1,0
CustomerId_1895,10948.0,842.1538461538462,931.6349290498081,2500.0,-100.0,13,5,4,0.0,1.4615384615384615,83,12.384615384615385,0,1
CustomerId_1898,220000.0,3728.813559322034,5536.619497910306,10000.0,-5000.0,59,4,2,0.0,2.0,5,11.254237288135593,1,0
CustomerId_1899,50000.0,5000.0,6342.099196813483,10000.0,-5000.0,10,3,2,0.0,2.0,11,17.5,1,0
CustomerId_1900,30000.0,30000.0,0.0,30000.0,30000.0,1,1,1,0.0,2.0,38,14.0,0,1
CustomerId_1901,80000.0,4705.882352941177,6302.427170169769,10000.0,-5000.0,17,3,2,0.0,2.0,11,11.588235294117647,1,0
CustomerId_1903,10000.0,10000.0,0.0,10000.0,10000.0,1,1,1,0.0,2.0,19,21.0,1,0
CustomerId_1906,190795.0,4437.093023255814,12593.765968798009,60000.0,-5000.0,43,7,4,0.0,2.046511627906977,30,13.511627906976743,1,0
CustomerId_1907,11000.0,5500.0,6363.961030678927,10000.0,1000.0,2,1,1,0.0,2.0,77,17.5,0,1
CustomerId_1908,128387.0,844.6513157894736,1376.9323292026936,10000.0,-125.0,152,6,3,0.0,2.0,25,11.993421052631579,1,0
CustomerId_1911,5216371.0,127228.56097560975,129111.61773017347,280000.0,-3920.0,41,8,5,0.0,1.5121951219512195,20,13.195121951219512,1,0
CustomerId_1913,500.0,500.0,0.0,500.0,500.0,1,1,1,0.0,2.0,76,14.0,0,1
CustomerId_1914,10750.0,2150.0,2642.4420523447625,5000.0,-200.0,5,4,2,0.0,2.0,76,7.6,0,1
CustomerId_1915,4624.0,420.3636363636364,7991.784872889501,17000.0,-10000.0,11,6,3,0.0,3.090909090909091,33,10.363636363636363,1,0
CustomerId_1916,12885.0,805.3125,899.1652957975339,2000.0,-1000.0,16,4,2,0.0,2.0,10,16.25,1,0
CustomerId_1917,320000.0,45714.28571428572,62988.66111111926,160000.0,-5000.0,7,5,4,0.0,2.2857142857142856,36,11.285714285714286,0,1
CustomerId_1918,500.0,500.0,0.0,500.0,500.0,1,1,1,0.0,4.0,64,16.0,0,1
CustomerId_1919,19000.0,3800.0,6685.805860178712,10000.0,-5000.0,5,3,2,0.0,2.0,46,15.0,0,1
CustomerId_1922,20000.0,4000.0,6745.368781616021,10000.0,-5000.0,5,3,2,0.0,2.0,11,13.0,1,0
CustomerId_1923,20000.0,4000.0,6745.368781616021,10000.0,-5000.0,5,3,2,0.0,2.0,5,8.6,1,0
CustomerId_1925,58175.0,1292.7777777777778,2405.5368318724513,15000.0,-1000.0,45,6,3,0.0,2.0444444444444443,25,13.533333333333333,1,0
CustomerId_1927,18800.0,4700.0,6128.621378417825,10000.0,-1000.0,4,3,2,0.0,2.0,31,10.0,1,0
CustomerId_1928,900.0,300.0,606.2177826491071,1000.0,-50.0,3,2,2,0.0,2.6666666666666665,25,15.333333333333334,1,0
CustomerId_1929,904062.01,3490.5869111969114,7703.1316907007395,50000.0,-5000.0,259,10,5,0.0,2.0,0,10.13127413127413,1,0
CustomerId_1930,19000.0,3166.6666666666665,7626.707459098367,10000.0,-5000.0,6,3,2,0.0,1.6666666666666667,46,18.0,0,1
CustomerId_1931,40000.0,4000.0,6164.414002968976,10000.0,-5000.0,10,4,2,0.0,2.0,11,10.0,1,0
CustomerId_1932,29150.0,910.9375,2282.568388368823,11000.0,-5000.0,32,5,3,0.0,2.375,57,17.0625,0,1
CustomerId_1935,1000.0,1000.0,0.0,1000.0,1000.0,1,1,1,0.0,2.0,70,18.0,0,1
CustomerId_1937,240540.0,3590.1492537313434,6660.605244255963,24000.0,-5000.0,67,5,3,0.0,1.9402985074626866,6,13.373134328358208,1,0
CustomerId_1938,73727.0,1117.0757575757575,2206.632333604979,10000.0,-2055.0,66,5,2,0.0,2.121212121212121,32,13.106060606060606,1,0
CustomerId_1942,2900.0,414.2857142857143,796.1963146288555,1000.0,-1000.0,7,2,2,0.0,3.142857142857143,39,13.714285714285714,0,1
CustomerId_1943,55890.0,1074.8076923076924,3903.89222086068,10000.0,-5000.0,52,4,2,0.0,2.1923076923076925,27,14.192307692307692,1,0
CustomerId_1944,68000.0,11333.333333333334,21683.326928003153,50000.0,-11000.0,6,3,3,0.0,2.6666666666666665,6,19.5,1,0
CustomerId_1945,6850.0,1712.5,2786.388044284811,5000.0,-1000.0,4,2,2,0.0,3.0,24,9.0,1,0
CustomerId_1946,80000.0,4000.0,7262.013639842819,11000.0,-5000.0,20,3,2,0.0,2.8,0,10.25,1,0
CustomerId_1947,164530.0,5876.071428571428,18850.028458429388,100000.0,-100.0,28,5,2,0.0,2.0,80,12.464285714285714,0,1
CustomerId_1950,39000.0,4333.333333333333,6442.049363362563,10000.0,-5000.0,9,3,2,0.0,2.0,46,15.11111111111111,0,1
CustomerId_1951,2000.0,1000.0,0.0,1000.0,1000.0,2,1,1,0.0,2.0,37,19.5,0,1
CustomerId_1956,118840.0,1980.6666666666667,3301.394988494484,11000.0,-1000.0,60,6,3,0.0,2.0,1,12.583333333333334,1,0
CustomerId_1961,1000.0,1000.0,0.0,1000.0,1000.0,1,1,1,0.0,2.0,2,10.0,1,0
CustomerId_1963,14450.0,2408.3333333333335,2165.736980029354,5000.0,-50.0,6,3,2,0.0,2.0,85,14.0,0,1
CustomerId_1965,126500.0,5060.0,5732.801089636141,10000.0,-5000.0,25,3,2,0.0,2.0,5,8.36,1,0
CustomerId_1966,10000.0,10000.0,0.0,10000.0,10000.0,1,1,1,0.0,2.0,66,11.0,0,1
CustomerId_1967,8950.0,1790.0,11258.13039540758,20000.0,-11000.0,5,2,2,0.0,3.2,15,16.6,1,0
CustomerId_1968,17650.0,2206.25,5218.335633678068,10000.0,-5000.0,8,4,2,0.0,2.0,2,14.25,1,0
CustomerId_1969,579084.0,5463.056603773585,20162.076796765512,120000.0,-5000.0,106,9,5,0.0,2.0,1,13.235849056603774,1,0
CustomerId_1970,13750.0,1964.2857142857142,2484.068283702209,5000.0,-1000.0,7,3,2,0.0,1.4285714285714286,19,12.714285714285714,1,0
CustomerId_1971,19000.0,3166.6666666666665,7626.707459098367,10000.0,-5000.0,6,3,2,0.0,1.6666666666666667,46,11.0,0,1
CustomerId_1972,-500.0,-250.0,1060.6601717798212,500.0,-1000.0,2,2,2,0.0,3.0,36,9.0,0,1
CustomerId_1973,40000.0,4000.0,6182.41233033047,10000.0,-5000.0,10,4,2,0.0,2.0,5,10.5,1,0
CustomerId_1974,97000.0,3880.0,7724.851670636359,20000.0,-5000.0,25,4,3,0.0,2.64,0,11.8,1,0
CustomerId_1975,19000.0,3166.6666666666665,7626.707459098367,10000.0,-5000.0,6,3,2,0.0,2.1666666666666665,53,20.0,0,1
CustomerId_1976,404177.0,2806.784722222222,9508.915128728373,80000.0,-5000.0,144,8,3,0.0,2.0,0,16.166666666666668,1,0
CustomerId_1978,20000.0,3333.3333333333335,7814.516406449389,11000.0,-5000.0,6,3,2,0.0,1.6666666666666667,32,16.0,1,0
CustomerId_1979,306568.0,1693.745856353591,6898.632414515774,50000.0,-1250.0,181,7,4,0.0,2.0,82,14.187845303867404,0,1
CustomerId_1980,100500.0,50250.0,70357.12472806148,100000.0,500.0,2,2,2,0.0,3.0,0,11.0,1,0
CustomerId_1981,4965.0,620.625,632.0117398321919,1500.0,-75.0,8,3,2,0.0,2.25,42,7.25,0,1
CustomerId_1983,24000.0,1846.1538461538462,3659.37503421358,10000.0,-5000.0,13,4,2,0.0,2.0,60,13.615384615384615,0,1
CustomerId_1984,540000.0,540000.0,0.0,540000.0,540000.0,1,1,1,1.0,2.0,33,13.0,1,0
CustomerId_1985,178584.0,2446.3561643835615,7108.232383749499,40000.0,-7000.0,73,9,4,0.0,1.9452054794520548,0,8.684931506849315,1,0
CustomerId_1986,-500.0,-250.0,1060.6601717798212,500.0,-1000.0,2,2,2,0.0,3.0,36,8.0,0,1
CustomerId_1987,2311966.6,5439.921411764706,11998.507370822303,120000.0,-5000.0,425,6,3,0.0,2.0,0,12.632941176470588,1,0
CustomerId_1988,1912705.0,79696.04166666667,61491.39269882955,200000.0,-5000.0,24,4,3,0.5833333333333334,2.0,18,16.25,1,0
CustomerId_1990,20000.0,3333.3333333333335,7814.516406449389,11000.0,-5000.0,6,3,2,0.0,1.6666666666666667,32,19.0,1,0
CustomerId_1991,10000.0,2500.0,6757.711644237764,10000.0,-5000.0,4,2,2,0.0,1.75,11,14.0,1,0
CustomerId_1994,2995.0,332.77777777777777,672.4354574562859,1000.0,-1000.0,9,3,2,0.0,2.888888888888889,20,16.88888888888889,1,0
CustomerId_1995,947156.64,3407.038273381295,11041.284924524174,102269.0,-5000.0,278,8,4,0.0,2.0,10,12.18705035971223,1,0
CustomerId_1996,53882.0,3367.625,3765.4440176425405,10000.0,-1000.0,16,4,3,0.0,2.0,14,15.625,1,0
CustomerId_1997,3260.0,652.0,437.62998069145124,1000.0,-40.0,5,4,2,0.0,2.4,85,13.2,0,1
CustomerId_1998,20000.0,6666.666666666667,2886.751345948129,10000.0,5000.0,3,1,1,0.0,2.0,12,17.0,1,0
CustomerId_1999,101500.0,50750.0,69650.01794687493,100000.0,1500.0,2,2,2,0.0,3.0,24,8.5,1,0
CustomerId_2,-10000.0,-10000.0,0.0,-10000.0,-10000.0,1,1,1,0.0,4.0,83,16.0,0,1
CustomerId_2001,9770.0,697.8571428571429,1007.3283672966028,2000.0,-1000.0,14,3,2,0.0,2.0,81,9.642857142857142,0,1
CustomerId_2002,5500.0,2750.0,3181.9805153394636,5000.0,500.0,2,2,2,0.0,3.0,10,16.0,1,0
CustomerId_2003,92574.0,6171.6,11944.158170419547,40000.0,-1000.0,15,5,4,0.0,2.0,11,16.466666666666665,1,0
CustomerId_2004,1500.0,750.0,353.5533905932738,1000.0,500.0,2,2,2,0.0,3.0,71,13.0,0,1
CustomerId_2006,720830.0,9611.066666666668,39290.24859466571,300000.0,-5000.0,75,6,4,0.0,2.0,54,11.386666666666667,0,1
CustomerId_2007,500.0,500.0,0.0,500.0,500.0,1,1,1,0.0,2.0,86,7.0,0,1
CustomerId_2008,500.0,500.0,0.0,500.0,500.0,1,1,1,0.0,4.0,82,3.0,0,1
CustomerId_2009,65000.0,4333.333333333333,5948.189000103509,10000.0,-5000.0,15,4,2,0.0,2.0,12,11.866666666666667,1,0
CustomerId_2012,45500.0,2676.470588235294,4558.444006972761,10000.0,-5000.0,17,3,2,0.0,2.1176470588235294,46,13.588235294117647,0,1
CustomerId_2013,351506.0,2407.5753424657532,7176.15944719219,50000.0,-14000.0,146,13,5,0.0,2.4657534246575343,5,11.76027397260274,1,0
CustomerId_2014,20000.0,3333.3333333333335,7814.516406449389,11000.0,-5000.0,6,3,2,0.0,1.6666666666666667,32,16.0,1,0
CustomerId_2015,40000.0,4000.0,6182.41233033047,10000.0,-5000.0,10,3,2,0.0,2.0,4,12.7,1,0
CustomerId_2016,14778.0,985.2,1605.44961214697,5000.0,-1000.0,15,5,2,0.0,2.0,54,10.066666666666666,0,1
CustomerId_2017,119965.0,1411.3529411764705,5519.083148723256,50000.0,-1000.0,85,6,4,0.0,2.0,21,12.576470588235294,1,0
CustomerId_2018,30000.0,3333.3333333333335,7262.9195231669755,11000.0,-5000.0,9,3,2,0.0,2.6666666666666665,1,6.888888888888889,1,0
CustomerId_2019,2000.0,2000.0,0.0,2000.0,2000.0,1,1,1,0.0,4.0,84,10.0,0,1
CustomerId_2020,15000.0,3000.0,6745.368781616021,10000.0,-5000.0,5,4,2,0.0,2.0,11,19.0,1,0
CustomerId_2022,1425.0,356.25,498.48729505708906,1000.0,-50.0,4,2,2,0.0,2.0,83,9.25,0,1
CustomerId_2025,19000.0,3166.6666666666665,7626.707459098367,10000.0,-5000.0,6,3,2,0.0,1.6666666666666667,32,17.0,1,0
CustomerId_2029,1000.0,1000.0,0.0,1000.0,1000.0,1,1,1,0.0,2.0,3,7.0,1,0
CustomerId_2030,2000.0,2000.0,0.0,2000.0,2000.0,1,1,1,0.0,2.0,18,13.0,1,0
CustomerId_2032,239000.0,3567.1641791044776,5660.131384589817,10000.0,-5000.0,67,6,3,0.0,2.6865671641791047,2,11.835820895522389,1,0
CustomerId_2033,105350.0,1386.1842105263158,2070.821595151878,5000.0,-3500.0,76,5,2,0.0,2.1578947368421053,7,15.592105263157896,1,0
CustomerId_2034,54000.0,3600.0,4781.661396866753,10000.0,-5000.0,15,5,3,0.0,2.0,18,16.8,1,0
CustomerId_2035,21680.0,2168.0,3449.0443120764144,10000.0,-1000.0,10,5,2,0.0,2.0,9,12.0,1,0
CustomerId_2036,50000.0,50000.0,0.0,50000.0,50000.0,1,1,1,0.0,2.0,86,5.0,0,1
CustomerId_2039,500.0,500.0,0.0,500.0,500.0,1,1,1,0.0,4.0,56,16.0,0,1
CustomerId_2040,150000.0,150000.0,0.0,150000.0,150000.0,1,1,1,0.0,2.0,1,9.0,1,0
CustomerId_2041,30480.0,4354.285714285715,4444.692929561641,10000.0,-500.0,7,4,2,0.0,2.0,9,11.142857142857142,1,0
CustomerId_2042,90000.0,4500.0,7236.602866858979,10000.0,-5000.0,20,3,2,0.0,2.9,0,11.4,1,0
CustomerId_2046,5000.0,5000.0,0.0,5000.0,5000.0,1,1,1,0.0,2.0,50,7.0,0,1
CustomerId_2048,-1000.0,-1000.0,0.0,-1000.0,-1000.0,1,1,1,0.0,2.0,17,16.0,1,0
CustomerId_2049,1000.0,1000.0,0.0,1000.0,1000.0,1,1,1,0.0,2.0,65,10.0,0,1
CustomerId_2051,310200.0,5085.245901639344,6138.344947013371,10000.0,-5000.0,61,5,2,0.0,2.0,4,12.131147540983607,1,0
CustomerId_2052,278224.0,1412.3045685279187,4230.456330457459,27000.0,-5000.0,197,10,5,0.0,2.0,2,12.532994923857869,1,0
CustomerId_2053,1000.0,1000.0,0.0,1000.0,1000.0,1,1,1,0.0,2.0,15,19.0,1,0
CustomerId_2054,4880.0,610.0,1196.9365659286807,3000.0,-1000.0,8,4,2,0.0,2.0,13,19.875,1,0
CustomerId_2055,34590.0,2882.5,4208.811373988882,11000.0,-1000.0,12,3,3,0.0,2.3333333333333335,29,8.5,1,0
CustomerId_2056,42875.0,2143.75,4503.141264717331,20000.0,-1000.0,20,6,4,0.0,2.8,38,12.65,0,1
CustomerId_2057,19000.0,3166.6666666666665,7626.707459098367,10000.0,-5000.0,6,3,2,0.0,1.6666666666666667,53,19.0,0,1
CustomerId_2059,1100.0,1100.0,0.0,1100.0,1100.0,1,1,1,0.0,2.0,43,7.0,0,1
CustomerId_2061,40000.0,2857.1428571428573,5263.914057884229,10000.0,-5000.0,14,4,2,0.0,2.0,11,15.714285714285714,1,0
CustomerId_2062,44405.0,2612.0588235294117,5590.863377764076,10000.0,-5000.0,17,4,2,0.0,2.823529411764706,4,12.117647058823529,1,0
CustomerId_2063,100000.0,4166.666666666667,5952.103513203047,10000.0,-5000.0,24,4,2,0.0,2.0,12,10.083333333333334,1,0
CustomerId_2064,81095.0,2027.375,2984.4223741037868,11000.0,-350.0,40,7,3,0.0,2.0,17,15.025,1,0
CustomerId_2065,6900.0,985.7142857142857,837.015673745264,2000.0,-50.0,7,3,3,0.0,3.4285714285714284,29,8.142857142857142,1,0
CustomerId_2067,2000.0,2000.0,0.0,2000.0,2000.0,1,1,1,0.0,2.0,0,9.0,1,0
CustomerId_2068,297838.0,2502.840336134454,4999.861459069105,20000.0,-5000.0,119,9,5,0.0,1.7394957983193278,0,13.184873949579831,1,0
CustomerId_2069,235515.0,4710.3,5492.1125605317875,20500.0,-5000.0,50,5,3,0.0,2.44,1,15.64,1,0
CustomerId_2071,10000.0,10000.0,0.0,10000.0,10000.0,1,1,1,0.0,2.0,12,22.0,1,0
CustomerId_2072,141000.0,4147.058823529412,7028.652842779598,11000.0,-5000.0,34,3,2,0.0,2.5294117647058822,0,13.411764705882353,1,0
CustomerId_2073,1000.0,1000.0,0.0,1000.0,1000.0,1,1,1,0.0,2.0,39,5.0,0,1
CustomerId_2074,19000.0,3166.6666666666665,7626.707459098367,10000.0,-5000.0,6,3,2,0.0,1.6666666666666667,53,19.0,0,1
CustomerId_2075,12860.0,1837.142857142857,2096.9876353610534,3500.0,-1000.0,7,2,2,0.0,2.0,17,15.285714285714286,1,0
CustomerId_2076,1500.0,1500.0,0.0,1500.0,1500.0,1,1,1,0.0,2.0,78,11.0,0,1
CustomerId_2078,59930.0,7491.25,12771.07383056391,30000.0,-1000.0,8,4,3,0.0,2.0,23,9.375,1,0
CustomerId_2081,4000.0,4000.0,0.0,4000.0,4000.0,1,1,1,0.0,2.0,51,12.0,0,1
CustomerId_2083,1000.0,1000.0,0.0,1000.0,1000.0,1,1,1,0.0,2.0,28,20.0,1,0
CustomerId_2085,5000.0,5000.0,0.0,5000.0,5000.0,1,1,1,0.0,2.0,70,13.0,0,1
CustomerId_2086,51480.0,17160.0,15311.329138908875,26000.0,-520.0,3,2,2,0.0,2.0,7,17.333333333333332,1,0
CustomerId_2089,9920.0,1653.3333333333333,1385.7945975744985,3000.0,-40.0,6,4,3,0.0,2.6666666666666665,85,16.0,0,1
CustomerId_2093,162000.0,6480.0,9691.577099041553,21000.0,-5000.0,25,4,2,0.0,2.0,5,8.12,1,0
CustomerId_2094,492544.6,3157.337179487179,7646.634548806151,50000.0,-9000.0,156,10,5,0.0,2.0,2,11.01923076923077,1,0
CustomerId_2095,10000.0,10000.0,0.0,10000.0,10000.0,1,1,1,0.0,2.0,2,10.0,1,0
CustomerId_2097,100000.0,33333.333333333336,57951.12883571236,100000.0,-5000.0,3,3,3,0.0,2.6666666666666665,32,17.0,1,0
CustomerId_2098,10000.0,10000.0,0.0,10000.0,10000.0,1,1,1,0.0,2.0,74,18.0,0,1
CustomerId_2099,20000.0,4000.0,6558.963332722634,10000.0,-5000.0,5,3,2,0.0,2.0,88,11.0,0,1
CustomerId_2101,500.0,500.0,0.0,500.0,500.0,1,1,1,0.0,4.0,79,3.0,0,1
CustomerId_2102,39000.0,5571.428571428572,9431.456989902512,20000.0,-5000.0,7,4,2,0.0,2.0,53,14.571428571428571,0,1
CustomerId_2103,19000.0,3166.6666666666665,7626.707459098367,10000.0,-5000.0,6,3,2,0.0,2.6666666666666665,53,13.0,0,1
CustomerId_2104,19000.0,3166.6666666666665,7626.707459098367,10000.0,-5000.0,6,3,2,0.0,2.6666666666666665,67,19.0,0,1
CustomerId_2105,1000.0,1000.0,0.0,1000.0,1000.0,1,1,1,0.0,4.0,19,14.0,1,0
CustomerId_2106,50000.0,3571.4285714285716,8741.715073003834,20000.0,-5000.0,14,3,2,0.0,2.7142857142857144,0,15.928571428571429,1,0
CustomerId_2107,40000.0,5714.285714285715,8385.787295861286,20000.0,-5000.0,7,4,2,0.0,2.0,11,10.428571428571429,1,0
CustomerId_2108,40500.0,20250.0,353.5533905932738,20500.0,20000.0,2,2,1,0.0,4.0,32,6.0,1,0
CustomerId_2109,1000.0,333.3333333333333,1154.7005383792516,1000.0,-1000.0,3,3,2,0.0,2.0,37,7.0,0,1
CustomerId_2110,1000.0,1000.0,0.0,1000.0,1000.0,1,1,1,0.0,2.0,90,8.0,0,1
CustomerId_2111,247368.0,2228.5405405405404,5759.448196081073,50000.0,-5000.0,111,7,3,0.0,1.7207207207207207,0,12.198198198198199,1,0
CustomerId_2115,2000.0,2000.0,0.0,2000.0,2000.0,1,1,1,0.0,2.0,26,5.0,1,0
CustomerId_2116,2000.0,2000.0,0.0,2000.0,2000.0,1,1,1,0.0,4.0,84,19.0,0,1
CustomerId_2117,50000.0,3571.4285714285716,7303.4689936125105,11000.0,-5000.0,14,3,2,0.0,2.7142857142857144,0,13.214285714285714,1,0
CustomerId_2120,20000.0,4000.0,6745.368781616021,10000.0,-5000.0,5,3,2,0.0,2.0,18,16.0,1,0
CustomerId_2122,500.0,500.0,0.0,500.0,500.0,1,1,1,0.0,4.0,8,17.0,1,0
CustomerId_2123,2500.0,625.0,1250.0,2000.0,-1000.0,4,4,2,0.0,2.0,38,5.75,0,1
CustomerId_2126,10300.0,572.2222222222222,1221.61563973364,5000.0,-1000.0,18,5,2,0.0,2.0,0,11.555555555555555,1,0
CustomerId_2127,18650.0,2072.222222222222,2510.496852108053,5000.0,-1000.0,9,5,3,0.0,2.0,0,13.333333333333334,1,0
CustomerId_2130,103476.0,3568.137931034483,7623.147548862224,30000.0,-1000.0,29,6,4,0.0,2.0,11,13.206896551724139,1,0
CustomerId_2133,59800.0,6644.444444444444,8477.633972859277,22000.0,-5000.0,9,3,2,0.0,2.888888888888889,35,11.0,1,0
CustomerId_2134,80000.0,4705.882352941177,6026.137920367747,11000.0,-5000.0,17,4,2,0.0,2.0,32,15.647058823529411,1,0
CustomerId_2135,131300.04,1601.22,3904.8436248748717,10000.0,-5000.0,82,6,2,0.0,2.2439024390243905,3,9.182926829268293,1,0
CustomerId_2136,950.0,475.0,742.4621202458749,1000.0,-50.0,2,2,2,0.0,2.0,60,17.0,0,1
CustomerId_2137,164000.0,4100.0,5648.008498577175,10000.0,-5000.0,40,4,2,0.0,2.0,5,9.025,1,0
CustomerId_2138,80000.0,5714.285714285715,6591.7030766372845,11000.0,-5000.0,14,4,2,0.0,2.0,4,11.428571428571429,1,0
CustomerId_2139,1000.0,1000.0,0.0,1000.0,1000.0,1,1,1,0.0,2.0,53,9.0,0,1
CustomerId_2140,50000.0,3846.153846153846,8060.667402539258,15000.0,-5000.0,13,3,2,0.0,2.769230769230769,0,14.0,1,0
CustomerId_2141,10000.0,10000.0,0.0,10000.0,10000.0,1,1,1,0.0,2.0,63,12.0,0,1
CustomerId_2142,125700.0,4489.285714285715,7006.575709617586,10200.0,-5000.0,28,3,2,0.0,1.5714285714285714,33,10.928571428571429,1,0
CustomerId_2143,500000.0,500000.0,0.0,500000.0,500000.0,1,1,1,1.0,2.0,54,9.0,0,1
CustomerId_2144,17000.0,4250.0,6652.0673478250355,10000.0,-2000.0,4,2,2,0.0,2.0,54,12.0,0,1
CustomerId_2145,70000.0,3684.2105263157896,7318.565672915146,11000.0,-5000.0,19,3,2,0.0,2.736842105263158,0,9.368421052631579,1,0
CustomerId_2147,10000.0,10000.0,0.0,10000.0,10000.0,1,1,1,0.0,2.0,1,15.0,1,0
CustomerId_2148,9000.0,3000.0,13892.443989449805,12000.0,-13000.0,3,2,2,0.0,2.0,32,14.666666666666666,1,0
CustomerId_2149,40000.0,4444.444444444444,6463.573143221772,10000.0,-5000.0,9,3,2,0.0,2.0,11,12.444444444444445,1,0
CustomerId_2150,24137.0,965.48,1373.363544975134,3500.0,-1000.0,25,5,3,0.0,2.56,18,7.72,1,0
CustomerId_2151,6000.0,6000.0,0.0,6000.0,6000.0,1,1,1,0.0,2.0,50,4.0,0,1
CustomerId_2152,-50.0,-16.666666666666668,1000.4165798972613,1000.0,-1000.0,3,2,2,0.0,1.6666666666666667,28,6.0,1,0
CustomerId_2153,500.0,500.0,0.0,500.0,500.0,1,1,1,0.0,4.0,32,6.0,1,0
CustomerId_2154,307922.0,2424.582677165354,4658.105922451411,16000.0,-5000.0,127,7,3,0.0,2.015748031496063,1,13.913385826771654,1,0
CustomerId_2155,19000.0,3800.0,6685.805860178712,10000.0,-5000.0,5,3,2,0.0,2.0,74,17.2,0,1
CustomerId_2156,4060.0,507.5,470.5847426340977,1000.0,-20.0,8,3,2,0.0,2.0,58,15.75,0,1
CustomerId_2157,1000.0,1000.0,0.0,1000.0,1000.0,1,1,1,0.0,4.0,41,5.0,0,1
CustomerId_2158,225000.0,75000.0,108512.67207105353,200000.0,5000.0,3,1,1,0.0,1.3333333333333333,85,7.333333333333333,0,1
CustomerId_2159,4000.0,1333.3333333333333,577.3502691896257,2000.0,1000.0,3,2,2,0.0,2.6666666666666665,35,13.0,1,0
CustomerId_2165,3750.0,1250.0,3269.174207655505,5000.0,-1000.0,3,2,2,0.0,2.6666666666666665,55,1.0,0,1
CustomerId_2166,50000.0,50000.0,0.0,50000.0,50000.0,1,1,1,0.0,2.0,41,6.0,0,1
CustomerId_2167,40000.0,4000.0,6164.414002968976,10000.0,-5000.0,10,3,2,0.0,2.0,25,11.1,1,0
CustomerId_2169,127000.0,31750.0,46176.29261861546,100000.0,2000.0,4,1,1,0.0,2.0,0,8.5,1,0
CustomerId_2170,4000.0,2000.0,0.0,2000.0,2000.0,2,1,1,0.0,1.0,14,14.0,1,0
CustomerId_2171,60000.0,3529.4117647058824,7381.290936032324,11500.0,-5000.0,17,3,2,0.0,2.7058823529411766,1,12.705882352941176,1,0
CustomerId_2172,8990.0,998.8888888888889,1759.0423136215657,5000.0,-1000.0,9,4,2,0.0,2.0,1,20.0,1,0
CustomerId_2173,39000.0,5571.428571428572,6241.184258807054,10000.0,-5000.0,7,3,2,0.0,2.0,4,15.0,1,0
CustomerId_2175,20000.0,3333.3333333333335,6088.2400303098,10000.0,-5000.0,6,4,2,0.0,2.0,19,8.0,1,0
CustomerId_2176,9780.0,3260.0,6714.372643814164,11000.0,-1000.0,3,2,2,0.0,2.0,28,16.0,1,0
CustomerId_2178,361973.0,14478.92,33318.01133511222,120000.0,-1629.0,25,7,4,0.0,2.0,16,13.52,1,0
CustomerId_2179,1000.0,500.0,0.0,500.0,500.0,2,2,1,0.0,4.0,84,5.0,0,1
CustomerId_2181,1000.0,1000.0,0.0,1000.0,1000.0,1,1,1,0.0,4.0,75,16.0,0,1
CustomerId_2183,19000.0,2714.285714285714,4914.749424412389,10000.0,-5000.0,7,3,2,0.0,2.0,74,18.0,0,1
CustomerId_2184,338.0,56.333333333333336,6408.891375789315,10000.0,-10000.0,6,3,3,0.0,1.6666666666666667,58,11.0,0,1
CustomerId_2186,160970.7,1712.454255319149,3244.631261632081,10200.0,-6600.0,94,7,3,0.0,2.0638297872340425,0,13.446808510638299,1,0
CustomerId_2187,45490.0,1229.4594594594594,1537.472575990194,5000.0,-100.0,37,4,2,0.0,2.054054054054054,3,10.45945945945946,1,0
CustomerId_2188,3925.0,490.625,808.651600328773,1500.0,-1000.0,8,4,2,0.0,2.0,77,10.25,0,1
CustomerId_2190,1000.0,1000.0,0.0,1000.0,1000.0,1,1,1,0.0,4.0,35,10.0,1,0
CustomerId_2191,42000.0,14000.0,10392.304845413264,20000.0,2000.0,3,3,2,0.0,2.6666666666666665,63,18.333333333333332,0,1
CustomerId_2192,10000.0,2500.0,6757.711644237764,10000.0,-5000.0,4,2,2,0.0,2.5,11,18.0,1,0
CustomerId_2198,100000.0,100000.0,0.0,100000.0,100000.0,1,1,1,0.0,2.0,65,16.0,0,1
CustomerId_2204,217926.0,31132.285714285714,56783.167370017574,150000.0,-250.0,7,5,3,0.0,2.0,8,10.285714285714286,1,0
CustomerId_2205,116950.0,14618.75,34680.870988197516,100000.0,-1000.0,8,3,2,0.0,2.0,18,12.0,1,0
CustomerId_2206,19000.0,3166.6666666666665,7626.707459098367,10000.0,-5000.0,6,3,2,0.0,1.6666666666666667,53,19.0,0,1
CustomerId_2207,5000.0,5000.0,0.0,5000.0,5000.0,1,1,1,0.0,2.0,81,4.0,0,1
CustomerId_2211,79000.0,8777.777777777777,10353.474993664902,20000.0,-5000.0,9,4,2,0.0,2.0,53,13.0,0,1
CustomerId_2212,114150.0,5188.636363636364,5037.28790923444,15000.0,-5000.0,22,6,4,0.0,2.0,4,11.863636363636363,1,0
CustomerId_2213,234070.8,4980.229787234042,10899.165832618546,45250.0,-5000.0,47,8,4,0.0,1.6170212765957446,0,13.72340425531915,1,0
CustomerId_2214,1810259.0,12314.687074829932,62250.326092979056,700000.0,-5000.0,147,13,6,0.006802721088435374,2.1564625850340136,0,14.489795918367347,1,0
CustomerId_2215,120000.0,60000.0,56568.5424949238,100000.0,20000.0,2,1,1,0.0,2.0,41,11.0,0,1
CustomerId_2216,1867116.0,7911.5084745762715,50463.491870940124,588668.0,-5000.0,236,7,4,0.00847457627118644,2.0084745762711864,1,10.220338983050848,1,0
CustomerId_2217,50000.0,3846.153846153846,7403.221751892369,10000.0,-5000.0,13,3,2,0.0,2.769230769230769,0,11.307692307692308,1,0
CustomerId_2218,2000.0,2000.0,0.0,2000.0,2000.0,1,1,1,0.0,2.0,3,14.0,1,0
CustomerId_2219,11250.0,2250.0,5556.527692723217,10000.0,-5000.0,5,2,2,0.0,2.0,74,8.2,0,1
CustomerId_2221,508870.0,7483.382352941177,9596.378454068688,31200.0,-5000.0,68,5,3,0.0,1.9852941176470589,2,11.088235294117647,1,0
CustomerId_2223,20000.0,4000.0,8215.838362577491,10000.0,-5000.0,5,3,2,0.0,1.6,32,18.2,1,0
CustomerId_2224,29800.0,3311.1111111111113,6765.2502622675465,10700.0,-5000.0,9,3,2,0.0,2.6666666666666665,88,12.222222222222221,0,1
CustomerId_2226,10000.0,10000.0,0.0,10000.0,10000.0,1,1,1,0.0,2.0,13,11.0,1,0
CustomerId_2227,1000.0,1000.0,0.0,1000.0,1000.0,1,1,1,0.0,2.0,34,4.0,1,0
CustomerId_2230,140000.0,4375.0,7486.547074371081,15000.0,-5000.0,32,4,2,0.0,2.40625,0,12.25,1,0
CustomerId_2231,20000.0,4000.0,6745.368781616021,10000.0,-5000.0,5,3,2,0.0,2.0,4,12.0,1,0
CustomerId_2232,19000.0,3166.6666666666665,7626.707459098367,10000.0,-5000.0,6,3,2,0.0,1.6666666666666667,46,12.0,0,1
CustomerId_2233,242290.0,1637.0945945945946,2129.5871668459763,5000.0,-250.0,148,5,3,0.0,2.891891891891892,1,13.797297297297296,1,0
CustomerId_2239,19000.0,3800.0,6685.805860178712,10000.0,-5000.0,5,3,2,0.0,2.0,46,15.0,0,1
CustomerId_2243,29000.0,4142.857142857143,7425.823667638301,10000.0,-5000.0,7,3,2,0.0,1.5714285714285714,46,13.142857142857142,0,1
CustomerId_2244,1000.0,1000.0,0.0,1000.0,1000.0,1,1,1,0.0,2.0,3,19.0,1,0
CustomerId_2245,10000.0,10000.0,0.0,10000.0,10000.0,1,1,1,0.0,2.0,86,14.0,0,1
CustomerId_2246,17180.0,818.0952380952381,1581.3842640156092,5000.0,-1000.0,21,5,2,0.0,2.0,65,9.476190476190476,0,1
CustomerId_2247,13842.0,692.1,799.4279467877409,2000.0,-75.0,20,5,3,0.0,2.0,79,13.35,0,1
CustomerId_2250,50000.0,6250.0,7025.463889106744,14000.0,-5000.0,8,4,2,0.0,2.0,11,9.0,1,0
CustomerId_2253,9000.0,529.4117647058823,4028.1260695704323,10000.0,-10000.0,17,4,2,0.0,2.176470588235294,54,12.058823529411764,0,1
CustomerId_2254,2000.0,2000.0,0.0,2000.0,2000.0,1,1,1,0.0,2.0,85,9.0,0,1
CustomerId_2256,2000.0,1000.0,0.0,1000.0,1000.0,2,1,1,0.0,2.0,56,15.0,0,1
CustomerId_2258,19000.0,3166.6666666666665,7626.707459098367,10000.0,-5000.0,6,3,2,0.0,2.6666666666666665,54,8.0,0,1
CustomerId_2260,110000.0,5000.0,7071.067811865475,10000.0,-5000.0,22,3,2,0.0,3.0,0,10.318181818181818,1,0
CustomerId_2261,4000.0,2000.0,0.0,2000.0,2000.0,2,1,1,0.0,2.0,19,9.0,1,0
CustomerId_2262,69000.0,6272.727272727273,6466.697906828633,10000.0,-5000.0,11,3,2,0.0,1.3636363636363635,40,4.0,0,1
CustomerId_2263,9315.0,1552.5,815.5596238166772,2000.0,-85.0,6,4,2,0.0,2.3333333333333335,7,17.833333333333332,1,0
CustomerId_2265,20000.0,2222.222222222222,4123.947677219541,10000.0,-5000.0,9,6,2,0.0,2.0,73,17.555555555555557,0,1
CustomerId_2266,23768355.5,308679.94155844155,893459.0220826697,5000000.0,-1160.0,77,7,4,0.09090909090909091,1.7142857142857142,1,12.779220779220779,1,0
CustomerId_2267,132561.0,8285.0625,22238.177669550623,90000.0,-5000.0,16,5,4,0.0,2.0,42,9.75,0,1
CustomerId_2268,475.0,237.5,371.23106012293744,500.0,-25.0,2,2,2,0.0,3.0,33,15.0,1,0
CustomerId_2269,19000.0,3166.6666666666665,7626.707459098367,10000.0,-5000.0,6,3,2,0.0,1.6666666666666667,53,19.0,0,1
CustomerId_2272,21000.0,2625.0,4688.51179556401,10000.0,-2000.0,8,4,4,0.0,2.25,74,10.125,0,1
CustomerId_2273,158342.0,9314.235294117647,9206.385824044986,28000.0,-5000.0,17,4,3,0.0,2.0,7,11.117647058823529,1,0
CustomerId_2275,1000.0,1000.0,0.0,1000.0,1000.0,1,1,1,0.0,2.0,71,14.0,0,1
CustomerId_2276,48270.0,661.2328767123288,632.4828614399133,2000.0,-75.0,73,3,2,0.0,2.9863013698630136,3,12.684931506849315,1,0
CustomerId_2277,20000.0,4000.0,6745.368781616021,10000.0,-5000.0,5,3,2,0.0,2.0,11,13.0,1,0
CustomerId_2279,40000.0,5714.285714285715,9516.902257112268,20000.0,-5000.0,7,4,2,0.0,2.0,32,17.0,1,0
CustomerId_2280,1000.0,1000.0,0.0,1000.0,1000.0,1,1,1,0.0,4.0,61,9.0,0,1
CustomerId_2281,1950.0,278.57142857142856,702.1438259936153,1000.0,-1000.0,7,3,2,0.0,2.0,0,9.428571428571429,1,0
CustomerId_2282,-14800.0,-2114.285714285714,1607.7194732794353,-500.0,-5500.0,7,2,1,0.0,4.0,9,11.571428571428571,1,0
CustomerId_2283,1000.0,1000.0,0.0,1000.0,1000.0,1,1,1,0.0,2.0,30,3.0,1,0
CustomerId_2284,15465.0,618.6,716.2045797116909,2500.0,-50.0,25,5,3,0.0,2.16,7,13.68,1,0
CustomerId_2286,500.0,500.0,0.0,500.0,500.0,1,1,1,0.0,4.0,79,17.0,0,1
CustomerId_2287,116275.0,10570.454545454546,29761.86909911283,100000.0,-1000.0,11,5,3,0.0,2.1818181818181817,53,13.363636363636363,0,1
CustomerId_2288,271500.0,3878.5714285714284,7115.056353614768,19900.0,-5000.0,70,5,4,0.0,2.5428571428571427,0,7.785714285714286,1,0
CustomerId_2289,50000.0,2380.9523809523807,5774.73973851801,11000.0,-5000.0,21,3,2,0.0,2.4761904761904763,0,15.0,1,0
CustomerId_2290,20000.0,4000.0,6558.963332722634,10000.0,-5000.0,5,2,2,0.0,2.8,89,0.0,0,1
CustomerId_2291,500.0,125.0,857.846140050767,1010.0,-1000.0,4,2,2,0.0,2.5,74,12.0,0,1
CustomerId_2292,3058000.0,1019333.3333333334,1542945.6676543516,2800000.0,78000.0,3,3,3,0.3333333333333333,2.6666666666666665,44,21.0,0,1
CustomerId_2294,23960.0,1597.3333333333333,2880.762465208192,10000.0,-1000.0,15,5,2,0.0,2.0,66,10.133333333333333,0,1
CustomerId_2295,5900.0,1475.0,1330.100246848585,3000.0,-100.0,4,4,2,0.0,2.0,26,12.0,1,0
CustomerId_2296,2000.0,500.0,0.0,500.0,500.0,4,2,1,0.0,4.0,0,19.0,1,0
CustomerId_2297,21000.0,1105.2631578947369,2328.3664240575113,10000.0,-1000.0,19,3,2,0.0,2.0,4,13.157894736842104,1,0
CustomerId_2298,134092.0,6385.333333333333,19374.82888010455,90000.0,-622.0,21,6,3,0.0,2.0,80,13.857142857142858,0,1
CustomerId_2299,20000.0,2857.1428571428573,5778.655305765966,10000.0,-5000.0,7,4,2,0.0,1.7142857142857142,29,17.857142857142858,1,0
CustomerId_2300,975.0,487.5,724.7844507162113,1000.0,-25.0,2,2,2,0.0,2.0,52,20.0,0,1
CustomerId_2301,772123.1,3271.7080508474573,9330.598571685257,70000.0,-1000.0,236,8,5,0.0,2.0,25,10.038135593220339,1,0
CustomerId_2302,30000.0,5000.0,6511.528238439882,10000.0,-5000.0,6,3,2,0.0,2.0,4,12.0,1,0
CustomerId_2303,13074000.0,1188545.4545454546,1896617.5873716013,5000000.0,-25000.0,11,3,2,0.7272727272727273,2.0,0,16.90909090909091,1,0
CustomerId_2305,4000.0,1333.3333333333333,7767.453465154029,10000.0,-5000.0,3,2,2,0.0,2.6666666666666665,11,14.0,1,0
CustomerId_2306,201820.0,3308.5245901639346,4321.530047743729,12000.0,-1000.0,61,7,4,0.0,2.0,2,9.065573770491802,1,0
CustomerId_2307,2000.0,500.0,0.0,500.0,500.0,4,1,1,0.0,2.0,5,15.0,1,0
CustomerId_2308,144095.0,1000.6597222222222,1740.1570589159555,12000.0,-5000.0,144,5,3,0.0,3.0694444444444446,1,13.159722222222221,1,0
CustomerId_2309,10000.0,10000.0,0.0,10000.0,10000.0,1,1,1,0.0,2.0,29,22.0,1,0
CustomerId_2310,40000.0,4444.444444444444,6463.573143221772,10000.0,-5000.0,9,3,2,0.0,2.0,19,10.333333333333334,1,0
CustomerId_2311,6360.0,489.2307692307692,1046.6152710719568,3500.0,-1000.0,13,6,3,0.0,2.3076923076923075,50,11.461538461538462,0,1
CustomerId_2313,40000.0,5714.285714285715,6237.368187365718,10000.0,-5000.0,7,3,2,0.0,2.0,4,14.428571428571429,1,0
CustomerId_2315,100000.0,4000.0,5916.079783099617,11000.0,-5000.0,25,4,2,0.0,2.0,4,13.76,1,0
CustomerId_2317,1000.0,1000.0,0.0,1000.0,1000.0,1,1,1,0.0,2.0,89,9.0,0,1
CustomerId_2321,42635.0,1639.8076923076924,2381.5423493061094,10000.0,-1000.0,26,5,3,0.0,2.1538461538461537,22,11.692307692307692,1,0
CustomerId_2322,20000.0,4000.0,5533.534132902769,10000.0,-1000.0,5,3,2,0.0,2.0,3,19.4,1,0
CustomerId_2323,31703.0,2264.5,3759.9464552243085,10000.0,-622.0,14,7,4,0.0,2.0,15,11.142857142857142,1,0
CustomerId_2324,520100.0,3210.4938271604938,12443.266263123709,98000.0,-5000.0,162,10,5,0.0,2.037037037037037,63,10.049382716049383,0,1
CustomerId_2325,730000.0,66363.63636363637,34719.656470860216,100000.0,10000.0,11,1,1,0.0,2.0,15,10.181818181818182,1,0
CustomerId_2326,17925.0,1991.6666666666667,2418.7419250511202,5000.0,-1000.0,9,4,2,0.0,2.0,15,14.666666666666666,1,0
CustomerId_2327,9000.0,2250.0,6601.767440112787,10000.0,-5000.0,4,2,2,0.0,2.5,46,14.0,0,1
CustomerId_2328,20000.0,4000.0,6745.368781616021,10000.0,-5000.0,5,2,2,0.0,2.8,5,8.0,1,0
CustomerId_2329,336341.0,10849.709677419354,20867.57453434003,100000.0,-5000.0,31,6,3,0.0,2.2580645161290325,4,14.161290322580646,1,0
CustomerId_2330,20000.0,4000.0,6745.368781616021,10000.0,-5000.0,5,3,2,0.0,2.0,19,8.0,1,0
CustomerId_2332,49796.0,3319.733333333333,6379.075979511527,20000.0,-1000.0,15,5,3,0.0,2.1333333333333333,35,9.466666666666667,1,0
CustomerId_2333,1000.0,1000.0,0.0,1000.0,1000.0,1,1,1,0.0,4.0,37,5.0,0,1
CustomerId_2334,9000.0,2250.0,6601.767440112787,10000.0,-5000.0,4,2,2,0.0,2.5,46,13.0,0,1
CustomerId_2335,5000.0,5000.0,0.0,5000.0,5000.0,1,1,1,0.0,2.0,60,14.0,0,1
CustomerId_2336,9000.0,2250.0,6601.767440112787,10000.0,-5000.0,4,2,2,0.0,2.5,54,9.0,0,1
CustomerId_2338,40000.0,5714.285714285715,6237.368187365718,10000.0,-5000.0,7,3,2,0.0,2.0,4,11.0,1,0
CustomerId_2340,2490.0,415.0,862.1774759294052,1500.0,-1000.0,6,4,2,0.0,2.0,25,14.833333333333334,1,0
CustomerId_2341,-10500.0,-2100.0,4849.742261192856,1800.0,-10000.0,5,3,2,0.0,3.2,65,13.2,0,1
CustomerId_2342,500.0,500.0,0.0,500.0,500.0,1,1,1,0.0,2.0,25,22.0,1,0
CustomerId_2343,127188.0,1987.3125,4132.382055951411,20000.0,-1000.0,64,8,5,0.0,2.0,0,12.953125,1,0
CustomerId_2344,74000.0,24666.666666666668,47961.7903474561,80000.0,-5000.0,3,2,2,0.0,2.6666666666666665,59,13.0,0,1
CustomerId_2345,19000.0,3166.6666666666665,7626.707459098367,10000.0,-5000.0,6,3,2,0.0,1.6666666666666667,46,12.0,0,1
CustomerId_2346,11750.0,5875.0,5833.630944789017,10000.0,1750.0,2,2,2,0.0,3.0,73,17.0,0,1
CustomerId_2347,20000.0,20000.0,0.0,20000.0,20000.0,1,1,1,0.0,2.0,22,17.0,1,0
CustomerId_2348,95120.0,2570.810810810811,5335.610778521976,20000.0,-1005.0,37,5,3,0.0,2.0,18,9.45945945945946,1,0
CustomerId_2349,1124929.5,2324.2345041322315,6853.191202244491,46000.0,-496.0,484,8,4,0.0,2.0041322314049586,32,12.518595041322314,1,0
CustomerId_2352,20000.0,3333.3333333333335,6088.2400303098,10000.0,-5000.0,6,4,2,0.0,2.0,5,8.0,1,0
CustomerId_2353,6279578.0,114174.14545454546,171597.52521033565,800000.0,-1629.0,55,9,4,0.09090909090909091,1.4545454545454546,8,13.072727272727272,1,0
CustomerId_2356,5000.0,5000.0,0.0,5000.0,5000.0,1,1,1,0.0,2.0,41,3.0,0,1
CustomerId_2357,2000.0,2000.0,0.0,2000.0,2000.0,1,1,1,0.0,4.0,88,20.0,0,1
CustomerId_2359,110000.0,36666.666666666664,54848.27557301444,100000.0,5000.0,3,1,1,0.0,2.0,5,9.0,1,0
CustomerId_2360,45990.0,1839.6,2900.552720316135,10000.0,-1000.0,25,4,2,0.0,2.0,55,14.96,0,1
CustomerId_2361,1000.0,1000.0,0.0,1000.0,1000.0,1,1,1,0.0,4.0,28,23.0,1,0
CustomerId_2362,950.0,237.5,962.0940702446928,1000.0,-1000.0,4,3,2,0.0,2.0,52,8.75,0,1
CustomerId_2363,160000.0,5925.925925925926,8700.998731029613,20000.0,-5000.0,27,4,2,0.0,2.0,4,9.481481481481481,1,0
CustomerId_2365,500.0,500.0,0.0,500.0,500.0,1,1,1,0.0,2.0,26,9.0,1,0
CustomerId_2366,1100000.0,183333.33333333334,8164.965809277261,200000.0,180000.0,6,2,2,0.0,0.0,68,14.833333333333334,0,1
CustomerId_2368,40000.0,4444.444444444444,6463.573143221772,10000.0,-5000.0,9,3,2,0.0,2.0,5,10.88888888888889,1,0
CustomerId_2369,3700.0,740.0,1089.954127475097,2000.0,-1000.0,5,4,2,0.0,2.4,36,10.0,0,1
CustomerId_2371,49000.0,6125.0,5986.592162013854,10000.0,-5000.0,8,3,2,0.0,2.0,67,13.0,0,1
CustomerId_2372,5000.0,5000.0,0.0,5000.0,5000.0,1,1,1,0.0,2.0,18,7.0,1,0
CustomerId_2373,140800.0,12800.0,19786.10623644784,50000.0,-5000.0,11,3,2,0.0,2.3636363636363638,18,13.272727272727273,1,0
CustomerId_2374,1450.0,241.66666666666666,693.1209610642768,1000.0,-1000.0,6,3,3,0.0,3.3333333333333335,0,15.833333333333334,1,0
CustomerId_2375,22000.0,7333.333333333333,4618.802153517006,10000.0,2000.0,3,2,2,0.0,2.6666666666666665,13,14.666666666666666,1,0
CustomerId_2376,500.0,500.0,0.0,500.0,500.0,1,1,1,0.0,2.0,86,17.0,0,1
CustomerId_2381,6390.0,580.9090909090909,868.4060633765122,2000.0,-1000.0,11,2,2,0.0,3.090909090909091,65,8.727272727272727,0,1
CustomerId_2384,28250.0,3531.25,5675.633224583844,15000.0,-1000.0,8,3,2,0.0,2.0,1,7.875,1,0
CustomerId_2386,78.0,26.0,1050.8225349696304,1100.0,-1000.0,3,2,2,0.0,2.6666666666666665,44,21.0,0,1
CustomerId_2388,105000.0,52500.0,67175.14421272202,100000.0,5000.0,2,1,1,0.0,2.0,83,13.0,0,1
CustomerId_2389,1000.0,1000.0,0.0,1000.0,1000.0,1,1,1,0.0,2.0,52,19.0,0,1
CustomerId_2391,20000.0,4000.0,6745.368781616021,10000.0,-5000.0,5,3,2,0.0,2.0,4,16.0,1,0
CustomerId_2393,158800.0,7561.9047619047615,10189.724048789358,30000.0,-5000.0,21,5,3,0.0,2.0,33,9.047619047619047,1,0
CustomerId_2396,3250.0,1625.0,883.8834764831844,2250.0,1000.0,2,1,1,0.0,2.0,42,8.5,0,1
CustomerId_2397,500.0,500.0,0.0,500.0,500.0,1,1,1,0.0,4.0,71,17.0,0,1
CustomerId_2398,50000.0,50000.0,0.0,50000.0,50000.0,1,1,1,0.0,2.0,74,5.0,0,1
CustomerId_2400,44000.0,5500.0,11237.691679598363,25000.0,-5000.0,8,4,3,0.0,1.625,46,16.0,0,1
CustomerId_2401,76650.0,5475.0,7578.125148691513,20000.0,-5000.0,14,4,3,0.0,2.0,5,16.857142857142858,1,0
CustomerId_2402,17620.0,927.3684210526316,1194.5982221151603,4000.0,-1000.0,19,5,2,0.0,2.526315789473684,32,13.421052631578947,1,0
CustomerId_2403,80000.0,3809.5238095238096,7151.007255058882,11000.0,-5000.0,21,3,2,0.0,2.761904761904762,0,10.0,1,0
CustomerId_2404,5980.0,1196.0,2282.998028908479,5000.0,-1000.0,5,3,2,0.0,2.0,74,12.4,0,1
CustomerId_2405,2000.0,2000.0,0.0,2000.0,2000.0,1,1,1,0.0,2.0,6,23.0,1,0
CustomerId_2406,18625.0,846.5909090909091,1459.7842195107012,5000.0,-1000.0,22,5,2,0.0,2.909090909090909,8,15.227272727272727,1,0
CustomerId_2407,2930.0,488.3333333333333,1055.6593516218509,2000.0,-1000.0,6,4,2,0.0,2.0,67,8.333333333333334,0,1
CustomerId_2408,59000.0,8428.57142857143,9606.545387688244,20000.0,-5000.0,7,4,2,0.0,2.0,46,11.714285714285714,0,1
CustomerId_2409,1000.0,1000.0,0.0,1000.0,1000.0,1,1,1,0.0,2.0,41,14.0,0,1
CustomerId_2414,220010.0,6470.882352941177,9176.421157426626,20010.0,-5000.0,34,4,2,0.0,2.0,5,15.117647058823529,1,0
CustomerId_2415,5000.0,5000.0,0.0,5000.0,5000.0,1,1,1,0.0,2.0,25,14.0,1,0
CustomerId_2416,114524.0,2009.1929824561403,8161.113919589733,60000.0,-5000.0,57,6,4,0.0,2.0,44,11.947368421052632,0,1
CustomerId_2417,1027145.2,8283.429032258064,22823.50794827926,156000.0,-5000.0,124,8,3,0.0,2.0,2,10.798387096774194,1,0
CustomerId_2419,100000.0,7142.857142857143,9638.5216138731,20000.0,-5000.0,14,4,2,0.0,2.0,32,11.5,1,0
CustomerId_2420,6900.0,383.3333333333333,224.59113177191176,500.0,-25.0,18,4,2,0.0,2.0,85,8.222222222222221,0,1
CustomerId_2422,6095.0,468.84615384615387,759.4749113865718,2000.0,-1000.0,13,3,2,0.0,2.0,5,18.923076923076923,1,0
CustomerId_2423,33980.0,11326.666666666666,18776.584708975523,33000.0,-20.0,3,3,3,0.0,2.6666666666666665,12,11.666666666666666,1,0
CustomerId_2424,53320.0,1367.179487179487,2074.1414821533276,6000.0,-120.0,39,3,2,0.0,2.051282051282051,7,11.384615384615385,1,0
CustomerId_2425,180000.0,5142.857142857143,6015.973136002956,10000.0,-5000.0,35,3,2,0.0,2.0,4,13.17142857142857,1,0
CustomerId_2426,4175.0,695.8333333333334,870.7606827749325,2000.0,-65.0,6,3,2,0.0,3.0,64,7.5,0,1
CustomerId_2427,425200.0,6346.268656716418,6839.398528362,20700.0,-5000.0,67,4,3,0.0,2.343283582089552,1,7.3283582089552235,1,0
CustomerId_2428,1000.0,500.0,0.0,500.0,500.0,2,2,2,0.0,3.0,3,11.0,1,0
CustomerId_2431,20000.0,4000.0,6745.368781616021,10000.0,-5000.0,5,3,2,0.0,2.0,12,7.0,1,0
CustomerId_2432,53000.0,26500.0,33234.018715767736,50000.0,3000.0,2,1,1,0.0,2.0,49,7.5,0,1
CustomerId_2433,220000.0,7333.333333333333,9411.413955600836,20000.0,-5000.0,30,4,2,0.0,2.0,4,10.366666666666667,1,0
CustomerId_2434,17900.0,2983.3333333333335,6908.014668967247,17000.0,-1000.0,6,4,2,0.0,2.0,0,9.333333333333334,1,0
CustomerId_2435,40000.0,3333.3333333333335,8679.477710861025,20000.0,-5000.0,12,3,2,0.0,2.6666666666666665,0,14.75,1,0
CustomerId_2436,2500.0,2500.0,0.0,2500.0,2500.0,1,1,1,0.0,4.0,56,22.0,0,1
CustomerId_2437,60000.0,3333.3333333333335,7228.131318185992,11700.0,-5000.0,18,3,2,0.0,2.3333333333333335,53,9.333333333333334,0,1
CustomerId_2438,49000.0,5444.444444444444,6930.20762876393,10000.0,-5000.0,9,3,2,0.0,1.4444444444444444,46,13.777777777777779,0,1
CustomerId_2440,34950.0,3883.3333333333335,6277.7384462878035,15000.0,-2000.0,9,4,3,0.0,2.0,4,13.88888888888889,1,0
CustomerId_2441,28735.0,926.9354838709677,1964.3008414443357,9000.0,-350.0,31,5,2,0.0,2.838709677419355,0,9.258064516129032,1,0
CustomerId_2443,950.0,237.5,962.0940702446928,1000.0,-1000.0,4,2,2,0.0,3.0,61,7.75,0,1
CustomerId_2444,1000.0,1000.0,0.0,1000.0,1000.0,1,1,1,0.0,4.0,35,13.0,1,0
CustomerId_2445,17743762.0,322613.85454545455,1184937.5072447744,8600000.0,-1000.0,55,3,2,0.03636363636363636,2.0,24,13.727272727272727,1,0
CustomerId_2446,210623.0,3397.1451612903224,5502.02213749941,16000.0,-622.0,62,5,3,0.0,2.032258064516129,75,11.983870967741936,0,1
CustomerId_2447,12600.0,1400.0,1799.5225061109961,5000.0,-150.0,9,4,2,0.0,2.2222222222222223,85,15.555555555555555,0,1
CustomerId_2451,1000.0,1000.0,0.0,1000.0,1000.0,1,1,1,0.0,2.0,82,19.0,0,1
CustomerId_2454,9980.0,665.3333333333334,866.6179473485803,3000.0,-1000.0,15,6,4,0.0,2.1333333333333333,35,12.6,1,0
CustomerId_2455,51000.0,25500.0,34648.23227814083,50000.0,1000.0,2,2,2,0.0,1.5,62,14.0,0,1
CustomerId_2456,12000.0,12000.0,0.0,12000.0,12000.0,1,1,1,0.0,2.0,28,18.0,1,0
CustomerId_2457,52817.0,2400.7727272727275,2423.36420885194,5000.0,-1000.0,22,4,2,0.0,2.0,5,14.818181818181818,1,0
CustomerId_2458,500.0,500.0,0.0,500.0,500.0,1,1,1,0.0,4.0,70,14.0,0,1
CustomerId_2459,818115.0,2050.4135338345864,5421.228838790144,50000.0,-5000.0,399,7,3,0.0,2.080200501253133,23,11.80451127819549,1,0
CustomerId_2461,5450.0,778.5714285714286,410.13934914158835,1000.0,-50.0,7,4,2,0.0,2.0,51,17.285714285714285,0,1
CustomerId_2462,20000.0,4000.0,6745.368781616021,10000.0,-5000.0,5,3,2,0.0,2.0,5,7.0,1,0
CustomerId_2463,6700.0,957.1428571428571,1198.759279223235,3000.0,-150.0,7,2,2,0.0,1.8571428571428572,84,13.571428571428571,0,1
CustomerId_2465,1000.0,1000.0,0.0,1000.0,1000.0,1,1,1,0.0,2.0,53,7.0,0,1
CustomerId_2468,1800.0,900.0,141.4213562373095,1000.0,800.0,2,1,1,0.0,2.0,70,23.0,0,1
CustomerId_2469,120000.0,4285.714285714285,6069.70096802716,11000.0,-5000.0,28,4,2,0.0,2.0,5,9.285714285714286,1,0
CustomerId_2470,20500.0,10250.0,13788.582233137677,20000.0,500.0,2,1,1,0.0,2.0,36,11.5,0,1
CustomerId_2471,1500.0,750.0,353.5533905932738,1000.0,500.0,2,2,2,0.0,3.0,1,2.0,1,0
CustomerId_2474,40000.0,3636.3636363636365,5869.799439039247,10000.0,-5000.0,11,4,2,0.0,2.0,5,10.909090909090908,1,0
CustomerId_2477,611700.5,1973.2274193548387,5375.130091062697,47000.0,-5000.0,310,9,5,0.0,2.0,40,10.303225806451612,1,0
CustomerId_2480,10000.0,10000.0,0.0,10000.0,10000.0,1,1,1,0.0,2.0,15,11.0,1,0
CustomerId_2481,20000.0,3333.3333333333335,6088.2400303098,10000.0,-5000.0,6,3,2,0.0,2.0,4,15.0,1,0
CustomerId_2482,-3835.0,-383.5,826.6735550788272,800.0,-1000.0,10,4,2,0.0,3.0,35,10.9,1,0
CustomerId_2485,5000.0,5000.0,0.0,5000.0,5000.0,1,1,1,0.0,2.0,18,9.0,1,0
CustomerId_2488,80000.0,40000.0,0.0,40000.0,40000.0,2,1,1,0.0,2.0,0,18.5,1,0
CustomerId_2489,10000.0,10000.0,0.0,10000.0,10000.0,1,1,1,0.0,2.0,3,14.0,1,0
CustomerId_2490,5000.0,5000.0,0.0,5000.0,5000.0,1,1,1,0.0,2.0,31,7.0,1,0
CustomerId_2491,311200.0,3661.176470588235,5418.088536112534,11000.0,-5000.0,85,6,3,0.0,2.0,4,11.929411764705883,1,0
CustomerId_2492,19000.0,3166.6666666666665,7626.707459098367,10000.0,-5000.0,6,3,2,0.0,1.6666666666666667,46,11.0,0,1
CustomerId_2493,1000.0,1000.0,0.0,1000.0,1000.0,1,1,1,0.0,4.0,5,14.0,1,0
CustomerId_2494,3900.0,1300.0,3235.737937472687,5000.0,-1000.0,3,2,2,0.0,2.6666666666666665,24,6.0,1,0
CustomerId_2495,2950.0,491.6666666666667,842.8621872326856,1000.0,-1000.0,6,3,2,0.0,2.0,46,20.166666666666668,0,1
CustomerId_2496,30000.0,15000.0,0.0,15000.0,15000.0,2,2,2,0.0,1.5,35,13.0,1,0
CustomerId_2497,280500.0,140250.0,197636.34534164003,280000.0,500.0,2,2,2,0.0,2.0,61,9.0,0,1
CustomerId_2498,16850.0,2808.3333333333335,2745.981913026134,5000.0,-1000.0,6,3,2,0.0,2.0,5,18.0,1,0
CustomerId_2501,119000.0,14875.0,28612.87172884659,80000.0,-5000.0,8,3,2,0.0,2.0,12,12.0,1,0
CustomerId_2503,1500.0,1500.0,0.0,1500.0,1500.0,1,1,1,0.0,4.0,45,21.0,0,1
CustomerId_2504,20000.0,3333.3333333333335,6088.2400303098,10000.0,-5000.0,6,4,2,0.0,2.0,19,8.833333333333334,1,0
CustomerId_2505,6000.0,1500.0,1914.854215512676,3000.0,-1000.0,4,3,3,0.0,2.5,26,15.75,1,0
CustomerId_2506,40000.0,4444.444444444444,6559.556218051475,11000.0,-5000.0,9,3,2,0.0,2.0,11,15.333333333333334,1,0
CustomerId_2508,60000.0,4285.714285714285,6157.27926214882,10000.0,-5000.0,14,4,2,0.0,2.0,12,10.071428571428571,1,0
CustomerId_2512,1000.0,1000.0,0.0,1000.0,1000.0,1,1,1,0.0,4.0,86,15.0,0,1
CustomerId_2513,19000.0,3166.6666666666665,7626.707459098367,10000.0,-5000.0,6,3,2,0.0,1.6666666666666667,46,17.0,0,1
CustomerId_2514,8950.0,559.375,752.5199332908065,2000.0,-1000.0,16,3,2,0.0,2.0,20,12.25,1,0
CustomerId_2515,13470.0,1122.5,3152.846116822646,11000.0,-1000.0,12,2,2,0.0,3.1666666666666665,13,11.5,1,0
CustomerId_2519,36115.0,1203.8333333333333,1221.4114809297996,5000.0,-125.0,30,5,2,0.0,2.0,11,12.966666666666667,1,0
CustomerId_2520,24050.0,1717.857142857143,2097.650438618733,5250.0,-1000.0,14,4,2,0.0,2.0,13,18.928571428571427,1,0
CustomerId_2522,1000.0,1000.0,0.0,1000.0,1000.0,1,1,1,0.0,4.0,56,10.0,0,1
CustomerId_2523,2980.0,596.0,1142.838571277676,2000.0,-1000.0,5,3,2,0.0,2.0,82,21.0,0,1
CustomerId_2525,20000.0,20000.0,0.0,20000.0,20000.0,1,1,1,0.0,2.0,58,15.0,0,1
CustomerId_2526,1000.0,1000.0,0.0,1000.0,1000.0,1,1,1,0.0,4.0,26,2.0,1,0
CustomerId_2527,3980.0,796.0,456.1578674099571,1000.0,-20.0,5,2,2,0.0,3.6,37,10.0,0,1
CustomerId_2528,1695194.3,2779.007049180328,22872.844886611598,508000.0,-5000.0,610,10,5,0.001639344262295082,2.0131147540983605,18,12.668852459016394,1,0
CustomerId_2529,137000.0,2174.6031746031745,4170.904143258129,10000.0,-5000.0,63,6,3,0.0,2.0,18,15.65079365079365,1,0
CustomerId_2530,24000.0,2000.0,3789.938833759242,10000.0,-5000.0,12,4,2,0.0,2.0,60,17.166666666666668,0,1
CustomerId_2531,188005.75,1413.577067669173,2774.7502819289566,14000.0,-5000.0,133,7,4,0.0,2.0601503759398496,2,14.172932330827068,1,0
CustomerId_2532,10000.0,10000.0,0.0,10000.0,10000.0,1,1,1,0.0,2.0,0,14.0,1,0
CustomerId_2534,1000.0,1000.0,0.0,1000.0,1000.0,1,1,1,0.0,2.0,74,6.0,0,1
CustomerId_2535,195100.0,13935.714285714286,28474.350323995568,100000.0,-5000.0,14,5,2,0.0,2.0,58,8.571428571428571,0,1
CustomerId_2536,500.0,500.0,0.0,500.0,500.0,1,1,1,0.0,2.0,32,6.0,1,0
CustomerId_2537,75526.0,5035.066666666667,7549.050228497686,16000.0,-5000.0,15,4,4,0.0,2.0,11,11.133333333333333,1,0
CustomerId_2538,9000.0,2250.0,6601.767440112787,10000.0,-5000.0,4,2,2,0.0,2.5,54,9.0,0,1
CustomerId_2539,40000.0,5000.0,6000.0,10000.0,-5000.0,8,4,2,0.0,2.0,4,11.0,1,0
CustomerId_2541,1000.0,1000.0,0.0,1000.0,1000.0,1,1,1,0.0,2.0,0,15.0,1,0
CustomerId_2543,9000.0,2250.0,6601.767440112787,10000.0,-5000.0,4,2,2,0.0,2.5,54,9.0,0,1
CustomerId_2544,180485.0,1298.453237410072,1379.4106923989898,9000.0,-250.0,139,4,2,0.0,2.0,26,10.62589928057554,1,0
CustomerId_2545,5800.0,644.4444444444445,1017.1788327417052,2000.0,-1000.0,9,5,2,0.0,2.4444444444444446,10,11.444444444444445,1,0
CustomerId_2546,144740.0,1327.8899082568807,2576.518277096444,10000.0,-5000.0,109,7,4,0.0,2.018348623853211,0,13.110091743119266,1,0
CustomerId_2548,39001.0,1147.0882352941176,2557.441087536726,10008.0,-5000.0,34,5,2,0.0,2.0,46,13.588235294117647,0,1
CustomerId_2549,25000.0,3571.4285714285716,5593.363414414826,10000.0,-5000.0,7,4,2,0.0,2.0,11,13.0,1,0
CustomerId_2550,50000.0,4166.666666666667,5886.553758483409,10000.0,-5000.0,12,3,2,0.0,2.0,19,9.916666666666666,1,0
CustomerId_2552,10504.0,1500.5714285714287,956.0346676320298,2000.0,-496.0,7,3,3,0.0,2.0,84,6.857142857142857,0,1
CustomerId_2554,103450.0,20690.0,29119.890109682765,55000.0,-2500.0,5,4,2,0.0,2.4,55,9.0,0,1
CustomerId_2555,42500.0,14166.666666666666,23239.693055919077,41000.0,500.0,3,3,3,0.0,2.6666666666666665,81,13.0,0,1
CustomerId_2556,50000.0,50000.0,0.0,50000.0,50000.0,1,1,1,0.0,2.0,87,7.0,0,1
CustomerId_2557,1500.0,750.0,353.5533905932738,1000.0,500.0,2,2,2,0.0,3.0,13,14.0,1,0
CustomerId_2558,500.0,500.0,0.0,500.0,500.0,1,1,1,0.0,4.0,66,4.0,0,1
CustomerId_2559,1000.0,1000.0,0.0,1000.0,1000.0,1,1,1,0.0,4.0,35,16.0,1,0
CustomerId_2560,20000.0,4000.0,6745.368781616021,10000.0,-5000.0,5,3,2,0.0,2.0,4,11.0,1,0
CustomerId_2561,40000.0,40000.0,0.0,40000.0,40000.0,1,1,1,0.0,2.0,1,14.0,1,0
CustomerId_2562,200250.0,9535.714285714286,24487.424897573157,100000.0,-1000.0,21,5,3,0.0,1.9047619047619047,0,13.714285714285714,1,0
CustomerId_2564,164000.0,4685.714285714285,6062.281790233912,10000.0,-5000.0,35,4,2,0.0,2.0,4,12.657142857142857,1,0
CustomerId_2565,1950.0,487.5,1297.674201536477,2000.0,-1000.0,4,3,2,0.0,2.0,0,9.25,1,0
CustomerId_2569,5695.0,569.5,874.3710437921776,2000.0,-1000.0,10,5,3,0.0,2.2,57,14.0,0,1
CustomerId_2570,500.0,500.0,0.0,500.0,500.0,1,1,1,0.0,4.0,54,15.0,0,1
CustomerId_2571,11890.0,990.8333333333334,1550.4688929091055,5000.0,-1000.0,12,5,2,0.0,1.8333333333333333,16,19.0,1,0
CustomerId_2572,20000.0,10000.0,0.0,10000.0,10000.0,2,1,1,0.0,4.0,4,14.0,1,0
CustomerId_2574,120022.5,2069.353448275862,6107.776617608238,45700.0,-1000.0,58,7,4,0.0,1.9655172413793103,7,11.03448275862069,1,0
CustomerId_2576,-5000.0,-5000.0,0.0,-5000.0,-5000.0,1,1,1,0.0,4.0,54,20.0,0,1
CustomerId_2577,130000.0,18571.428571428572,16681.89780228,50000.0,5000.0,7,2,2,0.0,2.0,82,10.285714285714286,0,1
CustomerId_2579,1000.0,1000.0,0.0,1000.0,1000.0,1,1,1,0.0,4.0,25,15.0,1,0
CustomerId_2580,22002.46,2444.717777777778,3783.619517980692,10000.0,-1000.0,9,5,4,0.0,2.2222222222222223,61,12.0,0,1
CustomerId_2582,40000.0,6666.666666666667,9831.92080250175,20000.0,-5000.0,6,4,2,0.0,2.0,60,12.0,0,1
CustomerId_2584,142568.0,35642.0,70913.45045899262,142000.0,-1000.0,4,3,3,0.0,1.5,20,13.5,1,0
CustomerId_2587,31000.0,15500.0,13435.028842544403,25000.0,6000.0,2,1,1,0.0,2.0,0,8.5,1,0
CustomerId_2588,403603.0,2306.302857142857,5428.693513021813,30000.0,-5000.0,175,9,5,0.0,2.0,54,12.96,0,1
CustomerId_2589,70000.0,4117.64705882353,9013.686488759582,20000.0,-5000.0,17,4,2,0.0,2.0,68,5.117647058823529,0,1
CustomerId_2591,10000.0,10000.0,0.0,10000.0,10000.0,1,1,1,0.0,2.0,40,8.0,0,1
CustomerId_2592,40000.0,6666.666666666667,9831.92080250175,20000.0,-5000.0,6,4,2,0.0,2.0,5,7.0,1,0
CustomerId_2594,1055000.0,351666.6666666667,548482.7557301444,985000.0,35000.0,3,1,1,0.0,1.0,34,8.0,1,0
CustomerId_2595,149819.0,1896.4430379746836,4261.087936638367,19000.0,-1000.0,79,6,3,0.0,2.0253164556962027,49,11.632911392405063,0,1
CustomerId_2596,375.0,93.75,821.6789214772399,900.0,-1000.0,4,3,3,0.0,2.5,67,19.0,0,1
CustomerId_2597,4800.0,1600.0,2163.3307652783938,4000.0,-200.0,3,2,2,0.0,2.6666666666666665,15,16.0,1,0
CustomerId_2598,22670.0,1333.5294117647059,2362.4641298241722,10000.0,-150.0,17,5,3,0.0,2.0,85,9.941176470588236,0,1
CustomerId_2599,20000.0,3333.3333333333335,7814.516406449389,11000.0,-5000.0,6,3,2,0.0,1.6666666666666667,32,19.0,1,0
CustomerId_2600,-1000.0,-1000.0,0.0,-1000.0,-1000.0,1,1,1,0.0,2.0,31,10.0,1,0
CustomerId_2601,21830.0,1819.1666666666667,2231.947613971966,5000.0,-1000.0,12,4,3,0.0,2.0,23,14.833333333333334,1,0
CustomerId_2602,6300.0,484.61538461538464,747.8119793171652,2000.0,-1000.0,13,5,3,0.0,2.923076923076923,77,17.0,0,1
CustomerId_2603,80000.0,5714.285714285715,9019.795080638101,20000.0,-5000.0,14,4,2,0.0,2.0,4,12.928571428571429,1,0
CustomerId_2604,253434.0,3471.698630136986,7678.31310626981,33500.0,-5000.0,73,6,2,0.0,2.0,19,16.328767123287673,1,0
CustomerId_2605,60000.0,5454.545454545455,6202.638734661828,10000.0,-5000.0,11,3,2,0.0,2.0,11,14.090909090909092,1,0
CustomerId_2607,143400.0,937.2549019607843,1433.0174482419757,8000.0,-1000.0,153,5,2,0.0,2.0,0,12.176470588235293,1,0
CustomerId_2609,118630.0,2281.346153846154,9122.097503218227,60000.0,-5000.0,52,7,4,0.0,2.0,39,10.326923076923077,0,1
CustomerId_2610,-50.0,-16.666666666666668,1000.4165798972613,1000.0,-1000.0,3,2,2,0.0,2.6666666666666665,4,19.0,1,0
CustomerId_2612,685635.45,1288.788439849624,4035.56784873629,35000.0,-5000.0,532,6,4,0.0,2.0037593984962405,2,10.528195488721805,1,0
CustomerId_2613,500.0,500.0,0.0,500.0,500.0,1,1,1,0.0,2.0,48,8.0,0,1
CustomerId_2614,40000.0,5714.285714285715,6237.368187365718,10000.0,-5000.0,7,4,2,0.0,2.0,33,11.285714285714286,1,0
CustomerId_2615,29430.0,2263.846153846154,3531.146033187003,10000.0,-1000.0,13,5,2,0.0,2.0,34,8.0,1,0
CustomerId_2616,1880.0,376.0,1151.4686274493108,2000.0,-1000.0,5,3,2,0.0,1.6,2,16.8,1,0
CustomerId_2617,60000.0,6000.0,7241.853660800143,16000.0,-5000.0,10,3,2,0.0,2.0,11,11.7,1,0
CustomerId_2618,19000.0,3166.6666666666665,7626.707459098367,10000.0,-5000.0,6,3,2,0.0,1.6666666666666667,53,19.0,0,1
CustomerId_2619,500.0,500.0,0.0,500.0,500.0,1,1,1,0.0,4.0,26,10.0,1,0
CustomerId_2621,2000.0,2000.0,0.0,2000.0,2000.0,1,1,1,0.0,2.0,71,19.0,0,1
CustomerId_2623,48548.0,3236.5333333333333,4660.636833656758,15000.0,-1000.0,15,4,3,0.0,2.0,45,8.6,0,1
CustomerId_2625,1000.0,1000.0,0.0,1000.0,1000.0,1,1,1,0.0,2.0,82,20.0,0,1
CustomerId_2626,2000.0,2000.0,0.0,2000.0,2000.0,1,1,1,0.0,2.0,90,6.0,0,1
CustomerId_2627,20000.0,4000.0,6745.368781616021,10000.0,-5000.0,5,3,2,0.0,2.0,4,18.0,1,0
CustomerId_2628,10000.0,10000.0,0.0,10000.0,10000.0,1,1,1,0.0,2.0,83,20.0,0,1
CustomerId_2630,159000.0,31800.0,44144.08227611035,80000.0,-5000.0,5,3,3,0.0,2.8,58,9.2,0,1
CustomerId_2631,1000.0,1000.0,0.0,1000.0,1000.0,1,1,1,0.0,2.0,18,21.0,1,0
CustomerId_2632,29935.0,997.8333333333334,2024.1961818142192,10000.0,-1000.0,30,3,2,0.0,2.0,29,13.3,1,0
CustomerId_2633,18980.0,2372.5,3971.037108147658,10000.0,-1000.0,8,3,2,0.0,2.0,61,9.0,0,1
CustomerId_2634,8500.0,2125.0,5452.44593431853,10000.0,-2000.0,4,3,3,0.0,2.0,30,15.5,1,0
CustomerId_2635,50.0,50.0,0.0,50.0,50.0,1,1,1,0.0,2.0,1,7.0,1,0
CustomerId_2636,82000.0,82000.0,0.0,82000.0,82000.0,1,1,1,0.0,2.0,22,11.0,1,0
CustomerId_2637,39000.0,5571.428571428572,9431.456989902512,20000.0,-5000.0,7,4,2,0.0,2.0,54,5.0,0,1
CustomerId_2638,20000.0,4000.0,6745.368781616021,10000.0,-5000.0,5,3,2,0.0,2.0,4,10.0,1,0
CustomerId_2639,5895.0,982.5,1594.659054469011,3000.0,-1000.0,6,4,2,0.0,2.0,16,15.333333333333334,1,0
CustomerId_2641,55030.2,6114.466666666666,8474.81620803661,18000.0,-1000.0,9,4,3,0.0,2.0,3,9.222222222222221,1,0
CustomerId_2642,11386.5,542.2142857142857,707.5851993122201,1800.0,-87.5,21,4,3,0.0,2.2857142857142856,23,15.19047619047619,1,0
CustomerId_2643,589576.85,3904.4824503311256,5392.512587426998,20000.0,-5000.0,151,7,4,0.0,2.0,5,11.821192052980132,1,0
CustomerId_2644,3960.0,396.0,321.8764428230877,1000.0,-20.0,10,2,2,0.0,3.0,0,11.4,1,0
CustomerId_2645,1425.0,712.5,1113.6931803688124,1500.0,-75.0,2,2,2,0.0,3.0,88,16.0,0,1
CustomerId_2647,49694.0,871.8245614035088,972.9801077618445,5000.0,-240.0,57,5,2,0.0,2.0350877192982457,26,16.526315789473685,1,0
CustomerId_2648,-510.0,-170.0,762.6925986267338,500.0,-1000.0,3,2,2,0.0,2.6666666666666665,23,5.0,1,0
CustomerId_2649,956870.0,2665.376044568245,6455.161401215109,50000.0,-5000.0,359,8,4,0.0,1.6295264623955432,0,12.506963788300835,1,0
CustomerId_2651,67675.0,1538.0681818181818,4291.46749659285,25000.0,-1000.0,44,5,3,0.0,2.0,14,12.113636363636363,1,0
CustomerId_2652,2000.0,1000.0,0.0,1000.0,1000.0,2,1,1,0.0,3.0,64,11.0,0,1
CustomerId_2653,40000.0,6666.666666666667,8891.943919451283,20000.0,-5000.0,6,4,2,0.0,2.0,34,7.833333333333333,1,0
CustomerId_2654,7740.0,703.6363636363636,697.1158114298187,2000.0,-100.0,11,3,2,0.0,2.5454545454545454,70,20.545454545454547,0,1
CustomerId_2655,1000.0,1000.0,0.0,1000.0,1000.0,1,1,1,0.0,2.0,5,18.0,1,0
CustomerId_2656,310475.0,62095.0,133113.02105729553,300000.0,-5000.0,5,3,2,0.2,2.0,20,14.4,1,0
CustomerId_2659,111090.0,1821.1475409836066,2637.1421389834463,10500.0,-1000.0,61,4,2,0.0,2.2295081967213113,10,13.049180327868852,1,0
CustomerId_2662,992392.3200000001,8629.498434782608,23309.06974558761,115000.0,-50000.0,115,10,6,0.0,2.0782608695652174,1,11.373913043478261,1,0
CustomerId_2663,4975.0,710.7142857142857,1077.40594551384,2000.0,-1000.0,7,3,2,0.0,1.8571428571428572,5,14.714285714285714,1,0
CustomerId_2664,30000.0,3333.3333333333335,7176.350047203661,10000.0,-5000.0,9,3,2,0.0,2.6666666666666665,0,11.333333333333334,1,0
CustomerId_2665,43600.0,2076.190476190476,5171.90243159176,10000.0,-10000.0,21,5,3,0.0,2.9523809523809526,56,11.80952380952381,0,1
CustomerId_2666,2500.0,2500.0,0.0,2500.0,2500.0,1,1,1,0.0,1.0,36,0.0,0,1
CustomerId_2667,74000.0,24666.666666666668,47961.7903474561,80000.0,-5000.0,3,2,2,0.0,2.6666666666666665,61,9.0,0,1
CustomerId_2668,4470.0,1117.5,867.1168702468351,2000.0,-30.0,4,3,2,0.0,2.0,85,12.5,0,1
CustomerId_2669,990.0,330.0,294.44863728670913,500.0,-10.0,3,2,2,0.0,3.3333333333333335,79,8.0,0,1
CustomerId_2670,30000.0,3333.3333333333335,7262.9195231669755,11000.0,-5000.0,9,3,2,0.0,2.6666666666666665,1,6.888888888888889,1,0
CustomerId_2671,8411.0,1682.2,2127.5676722492285,5000.0,-69.0,5,4,4,0.0,2.0,3,12.4,1,0
CustomerId_2672,188257.25,7240.663461538462,16009.8397538736,50000.0,-1500.0,26,5,2,0.0,2.230769230769231,0,10.0,1,0
CustomerId_2674,100500.0,33500.0,28578.838324886474,50000.0,500.0,3,2,2,0.0,2.6666666666666665,32,19.333333333333332,1,0
CustomerId_2675,17815.0,349.3137254901961,478.64811668682364,2000.0,-1000.0,51,4,2,0.0,2.823529411764706,1,15.431372549019608,1,0
CustomerId_2676,28300.0,1286.3636363636363,1608.1031282214678,5000.0,-1000.0,22,3,2,0.0,2.0,0,10.318181818181818,1,0
CustomerId_2677,40000.0,4000.0,6164.414002968976,10000.0,-5000.0,10,3,2,0.0,2.0,11,13.0,1,0
CustomerId_2678,10000.0,1666.6666666666667,5192.943930629973,10000.0,-5000.0,6,3,2,0.0,2.3333333333333335,2,11.333333333333334,1,0
CustomerId_2679,50000.0,5000.0,6342.099196813483,10000.0,-5000.0,10,3,2,0.0,2.0,11,16.6,1,0
CustomerId_2681,45000.0,7500.0,6123.724356957945,10000.0,-5000.0,6,3,2,0.0,2.0,22,7.333333333333333,1,0
CustomerId_2682,40000.0,3333.3333333333335,4749.800633774649,10000.0,-5000.0,12,4,2,0.0,2.0,39,14.25,0,1
CustomerId_2683,793386.0,10578.48,13695.190580519746,80000.0,-5000.0,75,5,3,0.0,1.6133333333333333,3,13.253333333333334,1,0
CustomerId_2684,1000.0,1000.0,0.0,1000.0,1000.0,1,1,1,0.0,2.0,43,5.0,0,1
CustomerId_2685,80000.0,5714.285714285715,9019.795080638101,20000.0,-5000.0,14,4,2,0.0,2.0,60,6.857142857142857,0,1
CustomerId_2686,980.0,245.0,959.218431849597,1000.0,-1000.0,4,3,2,0.0,2.0,5,8.5,1,0
CustomerId_2687,20000.0,4000.0,6745.368781616021,10000.0,-5000.0,5,3,2,0.0,2.0,18,19.0,1,0
CustomerId_2689,115000.0,5000.0,6075.285253310408,10000.0,-5000.0,23,3,2,0.0,2.0,5,10.043478260869565,1,0
CustomerId_2690,1000.0,1000.0,0.0,1000.0,1000.0,1,1,1,0.0,2.0,60,16.0,0,1
CustomerId_2691,11900.0,2380.0,2433.5159748807896,5000.0,-100.0,5,3,2,0.0,2.0,2,8.2,1,0
CustomerId_2693,4920.0,702.8571428571429,1261.34470950271,3000.0,-1000.0,7,2,2,0.0,1.5714285714285714,5,17.0,1,0
CustomerId_2694,1000.0,1000.0,0.0,1000.0,1000.0,1,1,1,0.0,2.0,35,15.0,1,0
CustomerId_2696,215119.0,811.7698113207547,1931.8227193728706,20000.0,-1000.0,265,6,3,0.0,2.3849056603773584,0,13.8,1,0
CustomerId_2697,31195.0,588.5849056603773,1631.5900035755853,10000.0,-1000.0,53,6,2,0.0,2.641509433962264,0,13.075471698113208,1,0
CustomerId_2698,500.0,500.0,0.0,500.0,500.0,1,1,1,0.0,2.0,45,8.0,0,1
CustomerId_2700,10200.0,1457.142857142857,10633.101952998342,13200.0,-13000.0,7,6,3,0.0,2.2857142857142856,4,13.571428571428571,1,0
CustomerId_2701,60000.0,2857.1428571428573,6010.704736432444,11000.0,-5000.0,21,4,2,0.0,2.5714285714285716,0,15.095238095238095,1,0
CustomerId_2703,500000.0,500000.0,0.0,500000.0,500000.0,1,1,1,1.0,2.0,41,12.0,0,1
CustomerId_2704,100000.0,4166.666666666667,5975.796593554388,10000.0,-5000.0,24,4,2,0.0,2.0,5,8.5,1,0
CustomerId_2705,160000.0,160000.0,0.0,160000.0,160000.0,1,1,1,0.0,4.0,59,12.0,0,1
CustomerId_2706,172524.0,1113.058064516129,3436.937454774991,30000.0,-250.0,155,5,2,0.0,2.412903225806452,6,12.23225806451613,1,0
CustomerId_2707,4464.9,1116.225,894.4039742569722,2000.0,-77.1,4,3,2,0.0,2.0,78,18.25,0,1
CustomerId_2708,450.0,112.5,856.7136822377319,1000.0,-1000.0,4,3,3,0.0,3.0,21,9.5,1,0
CustomerId_2709,8025.0,573.2142857142857,814.1206845492803,3000.0,-50.0,14,5,3,0.0,2.0,74,5.214285714285714,0,1
CustomerId_2710,670108.0,3851.1954022988507,12406.866312012096,100000.0,-5000.0,174,10,5,0.0,2.528735632183908,1,10.0,1,0
CustomerId_2712,500.0,500.0,0.0,500.0,500.0,1,1,1,0.0,4.0,23,10.0,1,0
CustomerId_2713,15000.0,7500.0,3535.5339059327375,10000.0,5000.0,2,2,1,0.0,4.0,21,14.0,1,0
CustomerId_2717,1000.0,1000.0,0.0,1000.0,1000.0,1,1,1,0.0,4.0,29,8.0,1,0
CustomerId_2719,500.0,500.0,0.0,500.0,500.0,1,1,1,0.0,4.0,78,12.0,0,1
CustomerId_2720,19000.0,3166.6666666666665,7626.707459098367,10000.0,-5000.0,6,3,2,0.0,2.6666666666666665,54,8.0,0,1
CustomerId_2722,37000.0,9250.0,17442.76354251241,35000.0,-2000.0,4,3,2,0.0,2.0,45,9.75,0,1
CustomerId_2723,4890.0,1222.5,1530.5853999913454,3000.0,-60.0,4,3,2,0.0,2.0,80,6.25,0,1
CustomerId_2724,20000.0,20000.0,0.0,20000.0,20000.0,1,1,1,0.0,2.0,37,21.0,0,1
CustomerId_2727,5662.5,1415.625,2649.1621120334135,5000.0,-1000.0,4,3,2,0.0,2.5,12,16.75,1,0
CustomerId_2728,1250976.6,2134.7723549488055,5268.094458782343,50000.0,-10000.0,586,10,5,0.0,2.0204778156996586,0,8.361774744027304,1,0
CustomerId_2730,10000.0,10000.0,0.0,10000.0,10000.0,1,1,1,0.0,2.0,71,17.0,0,1
CustomerId_2731,2000000.0,1000000.0,0.0,1000000.0,1000000.0,2,1,1,0.0,2.0,47,21.0,0,1
CustomerId_2732,1000.0,1000.0,0.0,1000.0,1000.0,1,1,1,0.0,2.0,37,11.0,0,1
CustomerId_2733,40000.0,4444.444444444444,6559.556218051475,11000.0,-5000.0,9,3,2,0.0,2.0,11,14.0,1,0
CustomerId_2734,20000.0,5000.0,9695.359714832657,16000.0,-5000.0,4,3,3,0.0,2.0,53,9.5,0,1
CustomerId_2735,12410.0,730.0,798.1619509848862,3000.0,-40.0,17,3,2,0.0,2.235294117647059,1,8.941176470588236,1,0
CustomerId_2736,57750.0,7218.75,11496.457140602677,25000.0,-5000.0,8,4,3,0.0,2.0,31,14.125,1,0
CustomerId_2737,50000.0,3571.4285714285716,7303.4689936125105,11000.0,-5000.0,14,3,2,0.0,2.7142857142857144,0,11.428571428571429,1,0
CustomerId_2738,64880.0,2949.090909090909,2778.3103962676055,10000.0,-1000.0,22,4,2,0.0,2.0,4,13.954545454545455,1,0
CustomerId_2739,363094.0,5952.360655737705,38432.43594935264,300000.0,-5000.0,61,6,3,0.0,2.5901639344262297,1,10.426229508196721,1,0
CustomerId_2740,3900.0,975.0,1844.5866745696717,3000.0,-1000.0,4,3,2,0.0,2.0,46,5.0,0,1
CustomerId_2741,1000.0,1000.0,0.0,1000.0,1000.0,1,1,1,0.0,2.0,50,22.0,0,1
CustomerId_2742,1000.0,1000.0,0.0,1000.0,1000.0,1,1,1,0.0,4.0,80,12.0,0,1
CustomerId_2743,182539.8,2199.2746987951805,4075.5929180751405,20000.0,-5000.0,83,6,3,0.0,2.0,23,13.337349397590362,1,0
CustomerId_2745,75910.0,3300.4347826086955,4901.057843383377,10000.0,-5000.0,23,4,2,0.0,2.0,53,13.782608695652174,0,1
CustomerId_2746,49750.0,3109.375,5769.639467361313,20000.0,-1000.0,16,4,3,0.0,2.0,5,10.75,1,0
CustomerId_2747,123456.0,8818.285714285714,8442.358651727349,18500.0,-5000.0,14,5,3,0.0,3.142857142857143,68,9.285714285714286,0,1
CustomerId_2749,54350.0,2860.5263157894738,7997.805974268617,34500.0,-1000.0,19,5,3,0.0,2.1052631578947367,3,12.263157894736842,1,0
CustomerId_2750,63901.0,2061.3225806451615,3218.2743138427127,14000.0,-644.0,31,5,3,0.0,2.903225806451613,1,10.96774193548387,1,0
CustomerId_2751,580.0,290.0,20916.218587498075,15080.0,-14500.0,2,2,2,0.0,2.0,38,14.5,0,1
CustomerId_2753,279001.0,4810.362068965517,10969.594479380028,55000.0,-5000.0,58,2,2,0.0,2.896551724137931,67,17.310344827586206,0,1
CustomerId_2754,500.0,500.0,0.0,500.0,500.0,1,1,1,0.0,2.0,81,10.0,0,1
CustomerId_2756,60000.0,4615.384615384615,6357.914510519697,10000.0,-5000.0,13,3,2,0.0,2.0,11,14.76923076923077,1,0
CustomerId_2757,39000.0,4333.333333333333,6442.049363362563,10000.0,-5000.0,9,3,2,0.0,2.0,46,11.666666666666666,0,1
CustomerId_2758,50000.0,6250.0,6943.650748294136,10000.0,-5000.0,8,3,2,0.0,2.0,5,9.625,1,0
CustomerId_2759,24000.0,4000.0,6000.0,10000.0,-5000.0,6,3,2,0.0,2.0,5,6.0,1,0
CustomerId_2760,19000.0,3166.6666666666665,7626.707459098367,10000.0,-5000.0,6,3,2,0.0,1.6666666666666667,46,18.0,0,1
CustomerId_2761,40000.0,5714.285714285715,8562.793269221707,20000.0,-5000.0,7,4,2,0.0,2.0,29,16.142857142857142,1,0
CustomerId_2762,15175.0,1264.5833333333333,1681.3812751497628,5000.0,-175.0,12,4,2,0.0,2.1666666666666665,60,14.75,0,1
CustomerId_2764,-2000.0,-222.22222222222223,19368.323222324754,20000.0,-40000.0,9,4,3,0.0,3.111111111111111,3,13.444444444444445,1,0
CustomerId_2767,500.0,500.0,0.0,500.0,500.0,1,1,1,0.0,4.0,80,13.0,0,1
CustomerId_2769,2000.0,666.6666666666666,3785.9388972001825,5000.0,-2000.0,3,2,2,0.0,2.0,55,12.0,0,1
CustomerId_2771,1000.0,1000.0,0.0,1000.0,1000.0,1,1,1,0.0,2.0,28,18.0,1,0
CustomerId_2772,73955.0,1103.8059701492537,1950.836279408071,10000.0,-1000.0,67,4,2,0.0,2.08955223880597,4,10.283582089552239,1,0
CustomerId_2773,27255.0,1009.4444444444445,3722.060144321786,12600.0,-12000.0,27,6,4,0.0,2.1481481481481484,1,12.88888888888889,1,0
CustomerId_2774,667035.0,2912.8165938864627,11458.17239382292,120000.0,-5000.0,229,9,4,0.0,2.183406113537118,15,12.602620087336245,1,0
CustomerId_2775,133950.0,6378.571428571428,12155.148820855418,50000.0,-5000.0,21,6,3,0.0,2.0952380952380953,21,9.857142857142858,1,0
CustomerId_2776,239000.0,15933.333333333334,33274.758057866085,80000.0,-5000.0,15,4,4,0.0,2.2666666666666666,51,13.933333333333334,0,1
CustomerId_2777,20000.0,3333.3333333333335,7814.516406449389,11000.0,-5000.0,6,3,2,0.0,1.6666666666666667,32,12.0,1,0
CustomerId_2778,20000.0,4000.0,6745.368781616021,10000.0,-5000.0,5,3,2,0.0,2.0,11,12.0,1,0
CustomerId_2782,172000.0,3659.574468085106,5203.907063738706,10185.0,-5000.0,47,4,2,0.0,2.0,5,12.042553191489361,1,0
CustomerId_2783,16600.0,1660.0,2117.2978061670965,5000.0,-250.0,10,3,2,0.0,2.6,54,13.5,0,1
CustomerId_2785,19000.0,3166.6666666666665,7626.707459098367,10000.0,-5000.0,6,3,2,0.0,1.6666666666666667,46,11.0,0,1
CustomerId_2786,7418.0,1236.3333333333333,2735.280729041659,6600.0,-1000.0,6,3,3,0.0,2.6666666666666665,39,14.666666666666666,0,1
CustomerId_2787,23000.0,696.969696969697,856.1760363984912,2100.0,-1000.0,33,4,2,0.0,2.9696969696969697,28,9.515151515151516,1,0
CustomerId_2788,20000.0,20000.0,0.0,20000.0,20000.0,1,1,1,0.0,2.0,39,16.0,0,1
CustomerId_2790,980.0,245.0,959.218431849597,1000.0,-1000.0,4,3,2,0.0,2.0,57,19.25,0,1
CustomerId_2791,2000.0,2000.0,0.0,2000.0,2000.0,1,1,1,0.0,2.0,30,19.0,1,0
CustomerId_2793,166765.75,1873.7724719101125,5394.189650211032,23000.0,-12944.0,89,10,5,0.0,2.044943820224719,0,12.48314606741573,1,0
CustomerId_2794,20000.0,4000.0,6745.368781616021,10000.0,-5000.0,5,3,2,0.0,2.0,19,9.0,1,0
CustomerId_2796,1000.0,1000.0,0.0,1000.0,1000.0,1,1,1,0.0,4.0,70,17.0,0,1
CustomerId_2797,227873.0,9494.708333333334,21173.855122233144,100000.0,-5000.0,24,6,3,0.0,2.0833333333333335,17,15.875,1,0
CustomerId_2798,32885.0,714.8913043478261,953.5152735072438,5000.0,-1000.0,46,4,2,0.0,3.0434782608695654,3,10.217391304347826,1,0
CustomerId_2799,950.0,475.0,742.4621202458749,1000.0,-50.0,2,2,2,0.0,2.0,82,14.0,0,1
CustomerId_2800,40000.0,4444.444444444444,6463.573143221772,10000.0,-5000.0,9,3,2,0.0,2.0,11,13.444444444444445,1,0
CustomerId_2801,19000.0,3800.0,6685.805860178712,10000.0,-5000.0,5,3,2,0.0,2.0,46,14.0,0,1
CustomerId_2802,108865.0,2221.734693877551,2105.527584077902,10000.0,-1000.0,49,5,2,0.0,2.0816326530612246,3,14.83673469387755,1,0
CustomerId_2803,3960.0,440.0,1016.021653312566,2000.0,-1000.0,9,4,3,0.0,1.7777777777777777,24,13.11111111111111,1,0
CustomerId_2804,10000.0,10000.0,0.0,10000.0,10000.0,1,1,1,0.0,4.0,15,10.0,1,0
CustomerId_2806,188.0,47.0,755.27213638529,600.0,-1000.0,4,2,2,0.0,2.5,67,6.0,0,1
CustomerId_2807,134914.0,4652.206896551724,7058.913703251424,20000.0,-10000.0,29,5,2,0.0,1.896551724137931,65,14.620689655172415,0,1
CustomerId_2808,12175.0,1014.5833333333334,1546.273318091735,5000.0,-250.0,12,2,2,0.0,2.8333333333333335,1,9.583333333333334,1,0
CustomerId_2809,123270.6,1736.205633802817,3295.085725652123,20000.0,-5000.0,71,8,5,0.0,2.112676056338028,5,9.774647887323944,1,0
CustomerId_2810,320000.0,64000.0,67026.11431375088,160000.0,-5000.0,5,3,3,0.0,1.8,56,10.8,0,1
CustomerId_2811,4000.0,4000.0,0.0,4000.0,4000.0,1,1,1,0.0,2.0,68,9.0,0,1
CustomerId_2812,25000.0,12500.0,3535.5339059327375,15000.0,10000.0,2,1,1,0.0,4.0,15,0.0,1,0
CustomerId_2815,38535.0,602.109375,682.0305843625727,2000.0,-100.0,64,4,3,0.0,2.84375,6,10.671875,1,0
CustomerId_2816,235333.4,1045.9262222222221,1879.224143234298,16000.0,-750.1,225,9,4,0.0,2.986666666666667,1,11.88,1,0
CustomerId_2817,-10000.0,-10000.0,0.0,-10000.0,-10000.0,1,1,1,0.0,4.0,7,9.0,1,0
CustomerId_2818,173967.5,1850.718085106383,2467.007903843521,10000.0,-10000.0,94,7,4,0.0,2.0425531914893615,7,13.659574468085106,1,0
CustomerId_2820,-109909.0,-7327.266666666666,41767.055223784526,58500.0,-115000.0,15,3,3,0.0,2.533333333333333,5,13.266666666666667,1,0
CustomerId_2822,146500.0,9766.666666666666,13282.462479668802,30000.0,-5000.0,15,4,2,0.0,2.933333333333333,16,14.333333333333334,1,0
CustomerId_2824,19000.0,3166.6666666666665,7626.707459098367,10000.0,-5000.0,6,3,2,0.0,1.6666666666666667,46,11.166666666666666,0,1
CustomerId_2825,8900.0,2225.0,3225.2906845740276,5000.0,-1000.0,4,3,2,0.0,2.0,13,15.75,1,0
CustomerId_2826,14000.0,14000.0,0.0,14000.0,14000.0,1,1,1,0.0,4.0,45,6.0,0,1
CustomerId_2827,10000.0,10000.0,0.0,10000.0,10000.0,1,1,1,0.0,2.0,9,13.0,1,0
CustomerId_2828,65000.0,3611.1111111111113,8297.263112822126,20200.0,-5000.0,18,3,2,0.0,2.7777777777777777,0,15.166666666666666,1,0
CustomerId_2829,16000.0,2285.714285714286,5154.748157905347,10000.0,-5000.0,7,3,2,0.0,2.0,59,10.428571428571429,0,1
CustomerId_2831,34000.0,3090.909090909091,4013.590548487612,10000.0,-5000.0,11,3,2,0.0,2.0,60,18.0,0,1
CustomerId_2832,75000.0,37500.0,60104.07640085654,80000.0,-5000.0,2,2,2,0.0,1.5,61,9.0,0,1
CustomerId_2833,9378.0,4689.0,7510.888229763508,10000.0,-622.0,2,2,2,0.0,2.0,43,17.0,0,1
CustomerId_2834,-1000.0,-1000.0,0.0,-1000.0,-1000.0,1,1,1,0.0,2.0,66,13.0,0,1
CustomerId_2835,362750.0,40305.555555555555,96573.14081968018,121000.0,-100000.0,9,2,2,0.0,2.6666666666666665,5,11.444444444444445,1,0
CustomerId_2836,75000.0,3947.3684210526317,5183.158455898041,10000.0,-5000.0,19,4,2,0.0,2.0,4,13.421052631578947,1,0
CustomerId_2838,40622.32,864.3046808510638,930.3341990845597,3000.0,-100.0,47,6,3,0.0,2.595744680851064,21,11.106382978723405,1,0
CustomerId_2839,2900.0,725.0,1517.3990905493517,2000.0,-1000.0,4,2,2,0.0,2.5,18,7.0,1,0
CustomerId_2840,2000.0,2000.0,0.0,2000.0,2000.0,1,1,1,0.0,1.0,64,16.0,0,1
CustomerId_2841,500.0,500.0,0.0,500.0,500.0,1,1,1,0.0,4.0,19,15.0,1,0
CustomerId_2843,19990.0,1665.8333333333333,3054.866336410373,10000.0,-1000.0,12,4,2,0.0,2.0,1,11.416666666666666,1,0
CustomerId_2844,121230.0,5270.869565217391,6729.4535189740045,15000.0,-5000.0,23,3,2,0.0,3.391304347826087,22,10.434782608695652,1,0
CustomerId_2845,719049.0,5406.383458646616,8630.842784018925,34000.0,-5000.0,133,7,4,0.0,2.0,4,8.473684210526315,1,0
CustomerId_2846,260191.0,1782.1301369863013,2887.584885783055,30000.0,-1000.0,146,5,3,0.0,1.9863013698630136,2,11.5,1,0
CustomerId_2847,48500.0,12125.0,19262.98263509574,40000.0,-1000.0,4,3,2,0.0,2.5,42,5.0,0,1
CustomerId_2849,236226.0,19685.5,22636.351181632206,52000.0,-1629.0,12,4,3,0.0,2.1666666666666665,5,10.416666666666666,1,0
CustomerId_2850,15308.0,1913.5,3762.5585140205553,10000.0,-1000.0,8,5,3,0.0,2.0,43,12.5,0,1
CustomerId_2851,800.0,800.0,0.0,800.0,800.0,1,1,1,0.0,2.0,60,21.0,0,1
CustomerId_2852,615808.0,5089.322314049587,8649.406124329073,40000.0,-5000.0,121,8,4,0.0,2.0,0,13.140495867768594,1,0
CustomerId_2853,5700.0,950.0,1150.2173707608488,2000.0,-100.0,6,2,2,0.0,3.0,47,9.0,0,1
CustomerId_2854,19725.0,857.6086956521739,1478.561854675944,6000.0,-1000.0,23,4,2,0.0,2.1739130434782608,4,14.91304347826087,1,0
CustomerId_2855,60000.0,6000.0,5696.002496878354,10000.0,-5000.0,10,3,2,0.0,2.0,11,20.0,1,0
CustomerId_2857,33010.0,717.6086956521739,1113.5986406094207,5000.0,-1000.0,46,3,2,0.0,3.0434782608695654,0,11.326086956521738,1,0
CustomerId_2858,93400.0,3220.689655172414,5493.966125951583,20000.0,-5000.0,29,2,2,0.0,2.8275862068965516,5,8.793103448275861,1,0
CustomerId_2859,197124.72,1340.9844897959183,4060.611508002818,10100.0,-5000.0,147,10,4,0.0,2.4489795918367347,7,11.639455782312925,1,0
CustomerId_2860,2000.0,1000.0,0.0,1000.0,1000.0,2,2,2,0.0,3.0,83,8.5,0,1
CustomerId_2862,85778.0,5361.125,4808.466864119304,10000.0,-1000.0,16,4,3,0.0,2.0,16,13.625,1,0
CustomerId_2864,20000.0,3333.3333333333335,5988.878581726855,10000.0,-5000.0,6,4,2,0.0,2.0,18,15.0,1,0
CustomerId_2865,1000.0,1000.0,0.0,1000.0,1000.0,1,1,1,0.0,2.0,40,21.0,0,1
CustomerId_2866,77380.0,1984.1025641025642,2259.0711504704736,5000.0,-250.0,39,5,3,0.0,3.0256410256410255,0,13.153846153846153,1,0
CustomerId_2868,1015.0,507.5,10.606601717798213,515.0,500.0,2,1,1,0.0,2.0,51,7.5,0,1
CustomerId_2869,1000.0,1000.0,0.0,1000.0,1000.0,1,1,1,0.0,2.0,7,20.0,1,0
CustomerId_2870,4900.0,2450.0,3606.2445840513924,5000.0,-100.0,2,2,2,0.0,3.0,3,13.0,1,0
CustomerId_2871,18370.0,1148.125,1229.1526552873734,4000.0,-40.0,16,3,2,0.0,2.0,25,17.0,1,0
CustomerId_2872,19000.0,3166.6666666666665,7626.707459098367,10000.0,-5000.0,6,3,2,0.0,1.6666666666666667,53,18.0,0,1
CustomerId_2874,1000.0,1000.0,0.0,1000.0,1000.0,1,1,1,0.0,4.0,17,14.0,1,0
CustomerId_2875,10000.0,10000.0,0.0,10000.0,10000.0,1,1,1,0.0,2.0,32,4.0,1,0
CustomerId_2876,1703040.0,4268.270676691729,50183.180157554234,1000000.0,-5000.0,399,10,5,0.0,2.055137844611529,9,17.598997493734334,1,0
CustomerId_2877,3899000.0,229352.9411764706,523017.3205994796,2000000.0,-1000.0,17,3,2,0.058823529411764705,2.0,33,12.294117647058824,1,0
CustomerId_2878,40000.0,4444.444444444444,6463.573143221772,10000.0,-5000.0,9,3,2,0.0,2.0,5,10.88888888888889,1,0
CustomerId_2879,18760.0,670.0,821.9477770200175,3000.0,-150.0,28,4,3,0.0,3.0,0,13.178571428571429,1,0
CustomerId_2880,10000.0,10000.0,0.0,10000.0,10000.0,1,1,1,0.0,2.0,60,14.0,0,1
CustomerId_2881,4950.0,1237.5,2637.9837629017607,5000.0,-1000.0,4,3,2,0.0,2.0,5,18.0,1,0
CustomerId_2883,325949.6,3974.995121951219,8800.560941267528,50000.0,-5000.0,82,9,5,0.0,2.048780487804878,0,10.353658536585366,1,0
CustomerId_2884,4068.25,452.02777777777777,405.58538798191984,1000.0,-31.75,9,5,3,0.0,2.0,8,8.88888888888889,1,0
CustomerId_2885,95500.0,31833.333333333332,50424.03527419571,90000.0,500.0,3,2,2,0.0,2.0,31,6.666666666666667,1,0
CustomerId_2886,77000.0,4277.777777777777,5431.991895033757,10000.0,-5000.0,18,3,2,0.0,2.0,5,17.666666666666668,1,0
CustomerId_2887,8800.0,1760.0,4109.282175757708,9000.0,-1000.0,5,2,2,0.0,1.6,12,9.8,1,0
CustomerId_2888,20000.0,4000.0,6745.368781616021,10000.0,-5000.0,5,3,2,0.0,2.0,5,7.2,1,0
CustomerId_2889,2415833.0,45581.75471698113,34941.36040068014,115000.0,-5000.0,53,7,4,0.0,2.0,44,12.20754716981132,0,1
CustomerId_2890,20000.0,4000.0,6745.368781616021,10000.0,-5000.0,5,3,2,0.0,2.0,18,11.0,1,0
CustomerId_2892,5000.0,5000.0,0.0,5000.0,5000.0,1,1,1,0.0,2.0,0,7.0,1,0
CustomerId_2893,46357.5,15452.5,29798.454553046875,49850.0,-2492.5,3,2,2,0.0,2.6666666666666665,24,7.0,1,0
CustomerId_2894,391000.0,27928.571428571428,21003.531885098557,50000.0,1000.0,14,6,4,0.0,3.5714285714285716,37,10.357142857142858,0,1
CustomerId_2895,63885.0,2366.1111111111113,6166.116208973368,30000.0,-5000.0,27,5,3,0.0,2.962962962962963,2,15.333333333333334,1,0
CustomerId_2896,32000.0,16000.0,19798.98987322333,30000.0,2000.0,2,2,2,0.0,3.0,44,13.5,0,1
CustomerId_2898,950.0,475.0,742.4621202458749,1000.0,-50.0,2,2,2,0.0,3.0,58,10.0,0,1
CustomerId_2900,2000.0,2000.0,0.0,2000.0,2000.0,1,1,1,0.0,2.0,82,4.0,0,1
CustomerId_2901,160000.0,80000.0,0.0,80000.0,80000.0,2,1,1,0.0,4.0,60,19.0,0,1
CustomerId_2902,61000.0,3812.5,8466.049452568377,30000.0,-1000.0,16,4,2,0.0,2.125,15,14.6875,1,0
CustomerId_2904,29000.0,4833.333333333333,5706.721183540218,10000.0,-5000.0,6,3,2,0.0,2.0,18,19.5,1,0
CustomerId_2906,1000.0,1000.0,0.0,1000.0,1000.0,1,1,1,0.0,2.0,74,19.0,0,1
CustomerId_2907,32815.0,1640.75,3014.000347064556,5000.0,-5000.0,20,5,2,0.0,2.4,26,17.85,1,0
CustomerId_2908,60846.0,2098.137931034483,3994.8121958729885,15000.0,-644.0,29,6,3,0.0,1.9655172413793103,64,10.620689655172415,0,1
CustomerId_2909,500.0,500.0,0.0,500.0,500.0,1,1,1,0.0,4.0,37,7.0,0,1
CustomerId_2910,4105.0,586.4285714285714,1404.6491681962032,3500.0,-1000.0,7,4,4,0.0,2.857142857142857,9,6.571428571428571,1,0
CustomerId_2911,56328.0,771.6164383561644,975.2873740330333,4000.0,-160.0,73,5,3,0.0,2.684931506849315,16,13.164383561643836,1,0
CustomerId_2912,5000.0,5000.0,0.0,5000.0,5000.0,1,1,1,0.0,1.0,6,11.0,1,0
CustomerId_2913,51950.0,2078.0,2504.416099612842,5000.0,-1000.0,25,4,2,0.0,2.64,0,8.08,1,0
CustomerId_2914,133108.0,13310.8,17219.593806023546,50000.0,-5000.0,10,5,4,0.0,2.4,31,16.7,1,0
CustomerId_2915,143188.0,14318.8,35789.15074836072,115000.0,-1000.0,10,4,4,0.0,2.2,24,17.1,1,0
CustomerId_2917,176556.0,4904.333333333333,7454.47955834036,25000.0,-5000.0,36,5,3,0.0,2.0555555555555554,18,11.63888888888889,1,0
CustomerId_2918,6140.0,1228.0,1796.0846305227378,3000.0,-1000.0,5,3,2,0.0,2.0,22,9.0,1,0
CustomerId_2919,20000.0,4000.0,6745.368781616021,10000.0,-5000.0,5,3,2,0.0,2.0,4,19.0,1,0
CustomerId_2920,-510.0,-170.0,762.6925986267338,500.0,-1000.0,3,2,2,0.0,2.6666666666666665,42,12.0,0,1
CustomerId_2921,86600.0,3765.217391304348,5098.984631156943,11000.0,-5000.0,23,3,2,0.0,2.0869565217391304,6,10.652173913043478,1,0
CustomerId_2922,20000.0,4000.0,6745.368781616021,10000.0,-5000.0,5,3,2,0.0,2.0,11,13.0,1,0
CustomerId_2923,48860.0,1628.6666666666667,3634.2952011628618,20000.0,-150.0,30,5,2,0.0,2.0,15,8.166666666666666,1,0
CustomerId_2924,500.0,500.0,0.0,500.0,500.0,1,1,1,0.0,2.0,83,15.0,0,1
CustomerId_2925,5000.0,5000.0,0.0,5000.0,5000.0,1,1,1,0.0,2.0,84,18.0,0,1
CustomerId_2926,47700.0,1908.0,2839.4688470439914,10000.0,-1000.0,25,8,4,0.0,2.24,6,13.72,1,0
CustomerId_2927,5000.0,5000.0,0.0,5000.0,5000.0,1,1,1,0.0,2.0,82,15.0,0,1
CustomerId_2928,10000.0,10000.0,0.0,10000.0,10000.0,1,1,1,0.0,4.0,75,6.0,0,1
CustomerId_2930,20000.0,4000.0,6745.368781616021,10000.0,-5000.0,5,3,2,0.0,2.0,4,10.0,1,0
CustomerId_2931,-10.0,-2.5,707.1244586351119,500.0,-1000.0,4,3,2,0.0,2.0,42,8.0,0,1
CustomerId_2932,52540.0,1751.3333333333333,1958.520260093166,5000.0,-250.0,30,4,2,0.0,2.8,0,14.2,1,0
CustomerId_2933,1424000.0,94933.33333333333,70554.40319018942,160000.0,-5000.0,15,2,2,0.0,1.3333333333333333,60,8.6,0,1
CustomerId_2934,75500.0,5807.692307692308,6029.436338838197,20000.0,-200.0,13,3,2,0.0,3.076923076923077,11,11.461538461538462,1,0
CustomerId_2935,9500.0,1055.5555555555557,3989.630656812454,10000.0,-5000.0,9,3,3,0.0,2.888888888888889,7,13.0,1,0
CustomerId_2936,30730.0,1707.2222222222222,1989.35935758092,5000.0,-1000.0,18,4,3,0.0,2.0,2,11.11111111111111,1,0
CustomerId_2937,4900.0,700.0,512.3475382979799,1000.0,-50.0,7,3,2,0.0,2.0,31,16.0,1,0
CustomerId_2938,69200.0,11533.333333333334,17020.771623715144,33000.0,-5000.0,6,3,3,0.0,2.0,43,9.0,0,1
CustomerId_2939,492348.0,12624.307692307691,22643.910102827635,100000.0,-10000.0,39,6,4,0.0,2.8205128205128207,3,9.179487179487179,1,0
CustomerId_2940,35050.0,2920.8333333333335,4021.106718606737,10000.0,-350.0,12,4,2,0.0,2.0,12,10.083333333333334,1,0
CustomerId_2941,245500.0,9092.592592592593,17394.250286228005,52000.0,-5000.0,27,7,4,0.0,2.1481481481481484,27,11.148148148148149,1,0
CustomerId_2943,77778.0,2991.4615384615386,3683.3505858744343,10000.0,-1000.0,26,4,3,0.0,1.5769230769230769,1,13.423076923076923,1,0
CustomerId_2944,1000.0,1000.0,0.0,1000.0,1000.0,1,1,1,0.0,4.0,26,23.0,1,0
CustomerId_2945,46570.0,3880.8333333333335,5956.72646270711,20000.0,-100.0,12,4,2,0.0,2.0,71,14.166666666666666,0,1
CustomerId_2946,18800.0,3133.3333333333335,4292.163401673643,10000.0,-1000.0,6,3,2,0.0,2.0,46,17.166666666666668,0,1
CustomerId_2947,10000.0,10000.0,0.0,10000.0,10000.0,1,1,1,0.0,2.0,35,15.0,1,0
CustomerId_2948,2000.0,2000.0,0.0,2000.0,2000.0,1,1,1,0.0,2.0,6,14.0,1,0
CustomerId_2949,15000.0,5000.0,0.0,5000.0,5000.0,3,1,1,0.0,1.3333333333333333,72,18.0,0,1
CustomerId_2950,73895.0,5684.2307692307695,10132.368891773254,30000.0,-1005.0,13,6,3,0.0,2.0,21,10.076923076923077,1,0
CustomerId_2953,-545.0,-24.772727272727273,1976.8797427552386,3000.0,-5000.0,22,7,3,0.0,2.4545454545454546,15,12.227272727272727,1,0
CustomerId_2954,120000.0,40000.0,17320.508075688773,50000.0,20000.0,3,1,1,0.0,2.0,1,10.666666666666666,1,0
CustomerId_2955,7850.0,1121.4285714285713,837.4600203677103,2000.0,-75.0,7,3,3,0.0,3.0,4,11.714285714285714,1,0
CustomerId_2956,78440.0,3268.3333333333335,4204.9346442387005,10000.0,-100.0,24,4,2,0.0,2.3333333333333335,85,6.958333333333333,0,1
CustomerId_2957,312115.0,13004.791666666666,20016.563330487224,50000.0,-1500.0,24,5,2,0.0,2.0833333333333335,1,11.5,1,0
CustomerId_2959,63374.0,2880.6363636363635,4393.2907022874315,20000.0,-496.0,22,6,4,0.0,2.3636363636363638,4,15.727272727272727,1,0
CustomerId_2961,32355.0,789.1463414634146,1036.5235781441638,5000.0,-1000.0,41,5,3,0.0,2.3902439024390243,1,12.463414634146341,1,0
CustomerId_2962,99108.0,5216.210526315789,10364.135465788566,28000.0,-5000.0,19,5,3,0.0,2.1052631578947367,14,13.526315789473685,1,0
CustomerId_2963,316310.4,2211.9608391608394,6084.371311013704,26000.0,-11000.0,143,7,3,0.0,2.4475524475524475,0,8.692307692307692,1,0
CustomerId_2965,61000.0,7625.0,10809.222252978505,20000.0,-5000.0,8,3,2,0.0,2.0,45,16.5,0,1
CustomerId_2966,9000.0,9000.0,0.0,9000.0,9000.0,1,1,1,0.0,2.0,0,19.0,1,0
CustomerId_2968,20000.0,3333.3333333333335,7814.516406449389,11000.0,-5000.0,6,3,2,0.0,1.6666666666666667,32,17.0,1,0
CustomerId_2969,3875.0,968.75,1803.8587112077264,2500.0,-1000.0,4,3,2,0.0,2.0,12,7.0,1,0
CustomerId_2970,46200.0,1925.0,2659.3195435642197,10000.0,-1000.0,24,5,4,0.0,2.0,9,12.708333333333334,1,0
CustomerId_2971,20000.0,4000.0,6745.368781616021,10000.0,-5000.0,5,3,2,0.0,2.0,11,14.0,1,0
CustomerId_2972,2325.0,258.3333333333333,676.156416814926,1000.0,-1000.0,9,2,2,0.0,2.888888888888889,49,12.11111111111111,0,1
CustomerId_2973,124110.0,2068.5,1933.4645070442848,6000.0,-1000.0,60,6,2,0.0,2.0,1,13.166666666666666,1,0
CustomerId_2974,2850.0,1425.0,2227.3863607376247,3000.0,-150.0,2,2,2,0.0,3.0,71,20.0,0,1
CustomerId_2975,36410.0,846.7441860465116,1593.5281624212605,10000.0,-1000.0,43,6,3,0.0,2.4651162790697674,0,13.046511627906977,1,0
CustomerId_2977,128319.0,1322.8762886597938,2032.584732027035,10000.0,-5000.0,97,6,4,0.0,2.1443298969072164,0,13.45360824742268,1,0
CustomerId_2979,74000.0,24666.666666666668,47961.7903474561,80000.0,-5000.0,3,2,2,0.0,2.6666666666666665,59,14.0,0,1
CustomerId_2980,20000.0,4000.0,6745.368781616021,10000.0,-5000.0,5,3,2,0.0,2.0,4,10.0,1,0
CustomerId_2981,235605.1,2804.822619047619,5518.710114884892,28000.0,-5000.0,84,10,4,0.0,2.0952380952380953,4,12.785714285714286,1,0
CustomerId_2982,1000.0,1000.0,0.0,1000.0,1000.0,1,1,1,0.0,2.0,35,15.0,1,0
CustomerId_2983,1500.0,1500.0,0.0,1500.0,1500.0,1,1,1,0.0,4.0,37,20.0,0,1
CustomerId_2984,980.0,490.0,721.2489168102785,1000.0,-20.0,2,2,2,0.0,3.0,85,14.5,0,1
CustomerId_2985,900.0,300.0,1539.4804318340653,2000.0,-1000.0,3,2,2,0.0,2.6666666666666665,7,16.0,1,0
CustomerId_2986,79908.0,6659.0,13177.033367326514,40000.0,-1000.0,12,5,3,0.0,2.0,21,14.0,1,0
CustomerId_2987,142470.0,3166.0,8677.162921349141,43000.0,-5000.0,45,7,3,0.0,2.0,8,14.066666666666666,1,0
CustomerId_2988,2000.0,2000.0,0.0,2000.0,2000.0,1,1,1,0.0,4.0,70,18.0,0,1
CustomerId_2989,2000.0,2000.0,0.0,2000.0,2000.0,1,1,1,0.0,4.0,24,22.0,1,0
CustomerId_2991,80000.0,4705.882352941177,6302.427170169769,10000.0,-5000.0,17,3,2,0.0,2.0,5,8.588235294117647,1,0
CustomerId_2992,20000.0,2857.1428571428573,5580.578567035604,10000.0,-5000.0,7,3,2,0.0,2.0,32,13.0,1,0
CustomerId_2993,59775.0,4269.642857142857,5513.4466618809865,20000.0,-1000.0,14,4,2,0.0,2.142857142857143,4,14.357142857142858,1,0
CustomerId_2994,37025.0,1682.9545454545455,2766.6528940094267,10000.0,-1000.0,22,2,2,0.0,2.909090909090909,0,13.863636363636363,1,0
CustomerId_2995,20000.0,4000.0,6745.368781616021,10000.0,-5000.0,5,3,2,0.0,2.0,11,13.0,1,0
CustomerId_2996,59996.0,3157.684210526316,5188.849766059608,15000.0,-1000.0,19,5,3,0.0,2.0,0,13.68421052631579,1,0
CustomerId_2997,10800.0,830.7692307692307,1081.5764847238925,3000.0,-1000.0,13,4,2,0.0,2.0,40,12.615384615384615,0,1
CustomerId_3,-10000.0,-10000.0,0.0,-10000.0,-10000.0,1,1,1,0.0,4.0,83,16.0,0,1
CustomerId_3000,91700.0,1328.9855072463768,2883.4208620029663,22000.0,-1100.0,69,5,2,0.0,2.7971014492753623,6,12.695652173913043,1,0
CustomerId_3001,500.0,125.0,750.0,500.0,-1000.0,4,2,2,0.0,3.5,38,13.75,0,1
CustomerId_3002,44895.0,1320.4411764705883,3441.8109591104967,20000.0,-400.0,34,3,2,0.0,3.0,0,14.147058823529411,1,0
CustomerId_3003,42145.0,2809.6666666666665,6507.046308938232,26000.0,-50.0,15,5,3,0.0,2.0,14,10.0,1,0
CustomerId_3004,1000.0,1000.0,0.0,1000.0,1000.0,1,1,1,0.0,2.0,15,9.0,1,0
CustomerId_3005,1490.0,212.85714285714286,567.5888854242504,500.0,-1000.0,7,3,2,0.0,2.2857142857142856,55,10.571428571428571,0,1
CustomerId_3007,26960.0,4493.333333333333,9272.123093804712,20000.0,-5000.0,6,4,3,0.0,2.0,35,4.166666666666667,1,0
CustomerId_3008,354525.6,4790.886486486486,10533.492333495804,60000.0,-5000.0,74,8,4,0.0,1.9864864864864864,18,12.5,1,0
CustomerId_3009,13900.0,347.5,390.340088404182,1000.0,-50.0,40,2,2,0.0,3.0,25,15.4,1,0
CustomerId_3011,338979.0,8691.76923076923,13621.98810642778,50000.0,-5000.0,39,5,3,0.0,2.0,0,13.102564102564102,1,0
CustomerId_3012,19000.0,3800.0,6685.805860178712,10000.0,-5000.0,5,3,2,0.0,2.0,11,13.0,1,0
CustomerId_3013,45035.0,900.7,2200.5572137575537,5475.0,-5000.0,50,7,3,0.0,2.26,0,10.58,1,0
CustomerId_3014,500.0,500.0,0.0,500.0,500.0,1,1,1,0.0,2.0,55,12.0,0,1
CustomerId_3015,-20.0,-6.666666666666667,1000.0666644445926,1000.0,-1000.0,3,2,2,0.0,2.6666666666666665,1,15.0,1,0
CustomerId_3016,120000.0,120000.0,0.0,120000.0,120000.0,1,1,1,0.0,2.0,8,11.0,1,0
CustomerId_3020,990.0,330.0,294.44863728670913,500.0,-10.0,3,3,2,0.0,2.0,88,19.0,0,1
CustomerId_3022,843299.0,7955.6509433962265,15589.048558304952,80000.0,-18000.0,106,10,6,0.0,2.018867924528302,4,12.81132075471698,1,0
CustomerId_3026,7000.0,1750.0,500.0,2000.0,1000.0,4,1,1,0.0,2.0,74,16.5,0,1
CustomerId_3027,101000.0,50500.0,70003.57133746821,100000.0,1000.0,2,2,2,0.0,3.0,34,8.0,1,0
CustomerId_3030,787899.5,5751.091240875912,25674.826958164438,172000.0,-5000.0,137,8,5,0.0,2.0291970802919708,0,12.693430656934307,1,0
CustomerId_3031,5425.0,493.1818181818182,1003.7934865480867,3000.0,-1000.0,11,4,2,0.0,2.1818181818181817,48,11.727272727272727,0,1
CustomerId_3032,500.0,500.0,0.0,500.0,500.0,1,1,1,0.0,2.0,40,17.0,0,1
CustomerId_3033,6900.0,862.5,1256.625299306497,3000.0,-1000.0,8,3,2,0.0,2.0,25,7.625,1,0
CustomerId_3034,80880.0,735.2727272727273,1103.8809428315276,5000.0,-125.0,110,5,2,0.0,2.0,15,12.772727272727273,1,0
CustomerId_3035,156795.0,2375.681818181818,6598.104907784195,50000.0,-250.0,66,7,4,0.0,1.9696969696969697,5,13.272727272727273,1,0
CustomerId_3036,50325.0,1170.3488372093022,2315.060072075895,10000.0,-1000.0,43,5,2,0.0,1.9767441860465116,1,13.651162790697674,1,0
CustomerId_3037,50000.0,50000.0,0.0,50000.0,50000.0,1,1,1,0.0,2.0,52,11.0,0,1
CustomerId_3038,3000.0,1000.0,0.0,1000.0,1000.0,3,2,2,0.0,2.0,4,19.333333333333332,1,0
CustomerId_3040,7000.0,1750.0,8995.36917900909,15000.0,-5000.0,4,2,2,0.0,2.0,82,12.5,0,1
CustomerId_3041,495229.5,5502.55,22619.00708065869,200000.0,-1005.0,90,6,3,0.0,2.0,4,12.811111111111112,1,0
CustomerId_3042,5000.0,5000.0,0.0,5000.0,5000.0,1,1,1,0.0,2.0,89,8.0,0,1
CustomerId_3043,14810.0,1139.2307692307693,1403.5161888299301,3500.0,-70.0,13,5,3,0.0,2.0,37,14.846153846153847,0,1
CustomerId_3044,-4465.0,-318.92857142857144,1638.338955456725,2000.0,-3000.0,14,3,2,0.0,2.642857142857143,2,13.714285714285714,1,0
CustomerId_3045,160000.0,80000.0,0.0,80000.0,80000.0,2,1,1,0.0,4.0,61,11.0,0,1
CustomerId_3046,20000.0,3333.3333333333335,6075.4149378183765,10000.0,-5000.0,6,4,2,0.0,2.0,5,9.0,1,0
CustomerId_3047,19000.0,3800.0,6685.805860178712,10000.0,-5000.0,5,3,2,0.0,2.0,46,11.0,0,1
CustomerId_3048,138619.0,1800.2467532467533,3206.5632617289157,15000.0,-5000.0,77,5,4,0.0,2.831168831168831,7,13.558441558441558,1,0
CustomerId_3049,314000.0,62800.0,68386.40215715402,160000.0,-5000.0,5,2,2,0.0,2.4,59,13.4,0,1
CustomerId_3050,20000.0,20000.0,0.0,20000.0,20000.0,1,1,1,0.0,2.0,50,17.0,0,1
CustomerId_3051,60000.0,4615.384615384615,6357.914510519697,10000.0,-5000.0,13,3,2,0.0,2.0,5,6.6923076923076925,1,0
CustomerId_3052,10700.0,891.6666666666666,691.7774646561281,1500.0,-75.0,12,3,2,0.0,2.0,61,15.083333333333334,0,1
CustomerId_3053,100000.0,100000.0,0.0,100000.0,100000.0,1,1,1,0.0,2.0,2,9.0,1,0
CustomerId_3054,19580.0,1030.5263157894738,2307.56840198174,10000.0,-1000.0,19,5,3,0.0,2.0,24,15.157894736842104,1,0
CustomerId_3057,4500.0,562.5,678.1013409302687,1000.0,-1000.0,8,4,2,0.0,2.0,34,9.875,1,0
CustomerId_3058,75580.0,2699.285714285714,4914.112088571812,20000.0,-1000.0,28,5,3,0.0,2.0,82,9.571428571428571,0,1
CustomerId_3061,60000.0,4285.714285714285,7917.153445609014,15000.0,-5000.0,14,3,2,0.0,2.857142857142857,0,13.142857142857142,1,0
CustomerId_3062,500.0,500.0,0.0,500.0,500.0,1,1,1,0.0,4.0,53,8.0,0,1
CustomerId_3063,319000.0,31900.0,41516.93095058395,80000.0,-5000.0,10,5,4,0.0,2.8,59,10.8,0,1
CustomerId_3064,80000.0,3478.2608695652175,7549.0490985613615,16000.0,-5000.0,23,3,2,0.0,2.6956521739130435,0,12.869565217391305,1,0
CustomerId_3066,1119116.0,1828.6209150326797,5212.148702625937,55000.0,-5000.0,612,9,5,0.0,2.003267973856209,0,12.944444444444445,1,0
CustomerId_3067,2000.0,2000.0,0.0,2000.0,2000.0,1,1,1,0.0,2.0,15,15.0,1,0
CustomerId_3068,37795.0,2099.722222222222,2277.4472759585988,5000.0,-1000.0,18,4,2,0.0,2.3333333333333335,54,13.444444444444445,0,1
CustomerId_3069,1000.0,1000.0,0.0,1000.0,1000.0,1,1,1,0.0,2.0,72,12.0,0,1
CustomerId_3072,10000.0,2500.0,6757.711644237764,10000.0,-5000.0,4,2,2,0.0,2.5,11,13.0,1,0
CustomerId_3073,9830.0,893.6363636363636,1634.8594601816558,5000.0,-1000.0,11,5,3,0.0,2.0,62,14.727272727272727,0,1
CustomerId_3074,100000.0,4545.454545454545,7129.5980834243965,11000.0,-5000.0,22,3,2,0.0,2.909090909090909,0,9.818181818181818,1,0
CustomerId_3075,5290042.0,115000.91304347826,203731.48438437036,599392.0,-5000.0,46,6,4,0.15217391304347827,2.6956521739130435,5,12.23913043478261,1,0
CustomerId_3076,980.0,245.0,959.218431849597,1000.0,-1000.0,4,3,2,0.0,2.0,0,20.0,1,0
CustomerId_3077,100000.0,5000.0,6735.608439675779,15000.0,-5000.0,20,3,2,0.0,2.0,4,16.55,1,0
CustomerId_3078,2438140.0,4255.043630017452,22554.029938690896,235000.0,-5000.0,573,6,3,0.0,1.9965095986038395,0,9.68760907504363,1,0
CustomerId_3079,9880.0,1235.0,1298.5926448054668,3500.0,-70.0,8,3,2,0.0,2.0,15,10.375,1,0
CustomerId_3081,22000.0,11000.0,1414.213562373095,12000.0,10000.0,2,2,2,0.0,3.0,27,8.0,1,0
CustomerId_3083,26400.0,977.7777777777778,1636.5908123839286,7000.0,-350.0,27,4,2,0.0,2.888888888888889,49,14.407407407407407,0,1
CustomerId_3084,50000.0,3571.4285714285716,7303.4689936125105,11000.0,-5000.0,14,3,2,0.0,2.7142857142857144,0,11.0,1,0
CustomerId_3085,60000.0,4615.384615384615,6423.115307731152,11000.0,-5000.0,13,3,2,0.0,2.0,11,14.923076923076923,1,0
CustomerId_3087,1800.0,900.0,0.0,900.0,900.0,2,1,1,0.0,2.0,87,17.0,0,1
CustomerId_3088,1076209.0,11957.877777777778,20001.5866240475,70000.0,-5000.0,90,7,5,0.0,2.0,4,9.955555555555556,1,0
CustomerId_3089,266327.0,14795.944444444445,25526.517853060457,67000.0,-1005.0,18,4,4,0.0,1.7222222222222223,68,10.5,0,1
CustomerId_3090,2006200.0,501550.0,998968.8233373453,2000000.0,500.0,4,2,2,0.0,2.5,35,9.0,1,0
CustomerId_3091,288325.0,1610.7541899441342,2939.4302868324803,16000.0,-5000.0,179,7,4,0.0,1.4078212290502794,0,11.41340782122905,1,0
CustomerId_3092,168838.5,2059.006097560976,5682.566904166878,21000.0,-13500.0,82,6,3,0.0,2.5121951219512195,1,10.621951219512194,1,0
CustomerId_3093,20000.0,4000.0,6745.368781616021,10000.0,-5000.0,5,3,2,0.0,2.0,19,8.0,1,0
CustomerId_3096,4000.0,1333.3333333333333,763.7626158259734,2000.0,500.0,3,2,2,0.0,2.0,9,14.333333333333334,1,0
CustomerId_3097,70250.0,1350.9615384615386,5821.069792392415,30000.0,-5000.0,52,5,4,0.0,2.423076923076923,10,9.826923076923077,1,0
CustomerId_3098,50000.0,50000.0,0.0,50000.0,50000.0,1,1,1,0.0,2.0,43,12.0,0,1
CustomerId_3102,1701880.0,8638.984771573603,24754.094528033696,118000.0,-5000.0,197,7,3,0.0,1.868020304568528,24,9.472081218274111,1,0
CustomerId_3103,1780011.0,23117.025974025975,47325.97689679695,200000.0,-10000.0,77,9,4,0.0,2.6233766233766236,6,11.376623376623376,1,0
CustomerId_3104,64400.0,3788.235294117647,3678.889498364482,10000.0,-250.0,17,3,2,0.0,2.235294117647059,1,14.647058823529411,1,0
CustomerId_3105,159548.0,801.748743718593,713.068992855282,3000.0,-100.0,199,7,3,0.0,2.020100502512563,0,12.492462311557789,1,0
CustomerId_3107,10000.0,10000.0,0.0,10000.0,10000.0,1,1,1,0.0,2.0,88,7.0,0,1
CustomerId_3109,20000.0,4000.0,6745.368781616021,10000.0,-5000.0,5,3,2,0.0,2.0,12,8.6,1,0
CustomerId_3110,81000.0,4050.0,7308.790669641016,11000.0,-5000.0,20,3,2,0.0,2.4,0,13.15,1,0
CustomerId_3111,563380.0,5030.178571428572,9909.77058871587,65000.0,-5000.0,112,6,3,0.0,2.0,0,12.9375,1,0
CustomerId_3112,45300.0,1742.3076923076924,3606.346969100236,13000.0,-1000.0,26,6,3,0.0,2.0,43,14.153846153846153,0,1
CustomerId_3113,132083.0,10160.23076923077,11641.91610914233,28000.0,-5000.0,13,4,3,0.0,2.0,22,9.846153846153847,1,0
CustomerId_3115,2925.0,487.5,464.15245340297406,1000.0,-50.0,6,3,2,0.0,3.3333333333333335,84,12.5,0,1
CustomerId_3116,19860.0,584.1176470588235,869.8018501170386,4000.0,-1000.0,34,4,2,0.0,2.0,12,13.323529411764707,1,0
CustomerId_3117,1000.0,1000.0,0.0,1000.0,1000.0,1,1,1,0.0,2.0,45,16.0,0,1
CustomerId_3118,500.0,500.0,0.0,500.0,500.0,1,1,1,0.0,4.0,36,21.0,0,1
CustomerId_3120,98592.0,1860.2264150943397,3148.9975550318413,10000.0,-9000.0,53,7,3,0.0,2.7169811320754715,0,14.81132075471698,1,0
CustomerId_3121,100330.0,1337.7333333333333,4355.148886068055,27000.0,-5000.0,75,3,2,0.0,3.12,1,12.28,1,0
CustomerId_3123,44709.0,784.3684210526316,1494.0899359951882,10000.0,-250.0,57,3,2,0.0,3.0526315789473686,1,13.052631578947368,1,0
CustomerId_3124,158834.0,1784.6516853932585,4221.629236608679,30000.0,-10000.0,89,11,4,0.0,2.1797752808988764,0,11.573033707865168,1,0
CustomerId_3125,15780.0,1434.5454545454545,2353.229116071632,8000.0,-100.0,11,5,3,0.0,2.0,81,13.909090909090908,0,1
CustomerId_3126,83100.0,6925.0,15729.250401141759,50000.0,-2500.0,12,4,3,0.0,2.6666666666666665,50,15.583333333333334,0,1
CustomerId_3127,45000.0,7500.0,2738.6127875258308,10000.0,5000.0,6,1,1,0.0,2.0,18,13.166666666666666,1,0
CustomerId_3128,20000.0,20000.0,0.0,20000.0,20000.0,1,1,1,0.0,2.0,75,11.0,0,1
CustomerId_3130,5200.0,2600.0,1979.8989873223331,4000.0,1200.0,2,1,1,0.0,2.0,1,8.0,1,0
CustomerId_3133,151760.0,30352.0,44428.093814612395,100000.0,-40.0,5,4,3,0.0,3.2,27,10.0,1,0
CustomerId_3135,60000.0,5454.545454545455,8214.665378013111,20000.0,-5000.0,11,4,2,0.0,2.0,11,16.545454545454547,1,0
CustomerId_3137,40000.0,4444.444444444444,6463.573143221772,10000.0,-5000.0,9,3,2,0.0,2.0,11,14.11111111111111,1,0
CustomerId_3138,500.0,500.0,0.0,500.0,500.0,1,1,1,0.0,2.0,21,11.0,1,0
CustomerId_3140,47385.0,877.5,1783.8803237420282,10000.0,-1000.0,54,5,3,0.0,2.740740740740741,41,13.925925925925926,0,1
CustomerId_3141,3930.0,786.0,853.5103982963535,2000.0,-50.0,5,4,2,0.0,2.0,61,15.8,0,1
CustomerId_3143,9920.0,1417.142857142857,995.4180744075038,2000.0,-40.0,7,3,2,0.0,2.0,3,12.571428571428571,1,0
CustomerId_3145,500.0,500.0,0.0,500.0,500.0,1,1,1,0.0,4.0,74,16.0,0,1
CustomerId_3147,20000.0,3333.3333333333335,6088.2400303098,10000.0,-5000.0,6,3,2,0.0,2.0,19,7.0,1,0
CustomerId_3148,5000.0,5000.0,0.0,5000.0,5000.0,1,1,1,0.0,2.0,69,19.0,0,1
CustomerId_3149,1000.0,1000.0,0.0,1000.0,1000.0,1,1,1,0.0,2.0,25,7.0,1,0
CustomerId_3150,45810.0,789.8275862068965,1043.474697075198,3500.0,-1000.0,58,5,2,0.0,2.413793103448276,4,14.310344827586206,1,0
CustomerId_3151,-20.0,-6.666666666666667,1000.0666644445926,1000.0,-1000.0,3,2,2,0.0,2.6666666666666665,22,19.0,1,0
CustomerId_3152,1500.0,1500.0,0.0,1500.0,1500.0,1,1,1,0.0,2.0,14,18.0,1,0
CustomerId_3153,33885.0,1129.5,2115.7522302954094,10000.0,-1000.0,30,4,2,0.0,2.0,20,13.4,1,0
CustomerId_3156,84520.0,3674.782608695652,7443.332507300023,20000.0,-5000.0,23,6,4,0.0,2.0869565217391304,23,13.91304347826087,1,0
CustomerId_3158,1000.0,1000.0,0.0,1000.0,1000.0,1,1,1,0.0,4.0,51,17.0,0,1
CustomerId_3159,20580.0,2572.5,6304.075212568001,18000.0,-1000.0,8,4,4,0.0,2.75,31,10.875,1,0
CustomerId_3160,40000.0,20000.0,0.0,20000.0,20000.0,2,2,2,0.0,2.0,52,19.0,0,1
CustomerId_3162,11820.0,1688.5714285714287,2238.209318267832,5000.0,-1000.0,7,4,2,0.0,2.0,0,8.714285714285714,1,0
CustomerId_3163,91494.5,2079.4204545454545,4539.882491235102,20000.0,-5000.0,44,6,3,0.0,2.409090909090909,2,13.0,1,0
CustomerId_3164,105000.0,4200.0,6776.429738438967,11000.0,-5000.0,25,3,2,0.0,2.8,0,10.52,1,0
CustomerId_3165,98558.0,5187.263157894737,13221.291817208688,41000.0,-10000.0,19,8,5,0.0,1.8421052631578947,13,8.68421052631579,1,0
CustomerId_3166,1000.0,1000.0,0.0,1000.0,1000.0,1,1,1,0.0,1.0,87,13.0,0,1
CustomerId_3167,-1730.0,-192.22222222222223,5514.675370721693,5350.0,-12000.0,9,5,3,0.0,2.2222222222222223,5,12.555555555555555,1,0
CustomerId_3168,8470.0,1210.0,2000.0749985938028,4000.0,-1000.0,7,4,3,0.0,2.5714285714285716,52,22.0,0,1
CustomerId_3169,22500.0,5625.0,5088.794880257342,10000.0,500.0,4,2,2,0.0,2.25,74,17.0,0,1
CustomerId_3170,1000.0,1000.0,0.0,1000.0,1000.0,1,1,1,0.0,4.0,46,8.0,0,1
CustomerId_3171,58160.0,19386.666666666668,35172.269379915386,60000.0,-1000.0,3,2,2,0.0,2.0,76,10.0,0,1
CustomerId_3172,113400.0,5670.0,7513.783824972677,20000.0,-5000.0,20,2,2,0.0,2.9,2,9.7,1,0
CustomerId_3174,221468.6,18455.716666666667,32097.704247835467,72000.0,-5000.0,12,5,3,0.0,2.0,74,10.916666666666666,0,1
CustomerId_3175,23400.0,3342.8571428571427,5292.008800338218,12000.0,-500.0,7,3,2,0.0,2.0,63,11.857142857142858,0,1
CustomerId_3177,20000.0,4000.0,6745.368781616021,10000.0,-5000.0,5,3,2,0.0,2.0,11,11.0,1,0
CustomerId_3178,314000.0,62800.0,68386.40215715402,160000.0,-5000.0,5,2,2,0.0,2.4,59,13.0,0,1
CustomerId_3179,20000.0,4000.0,6745.368781616021,10000.0,-5000.0,5,3,2,0.0,2.0,4,14.0,1,0
CustomerId_3180,195549.0,2414.185185185185,5962.641302541834,30000.0,-12000.0,81,7,3,0.0,2.271604938271605,2,13.802469135802468,1,0
CustomerId_3181,40920.0,2273.3333333333335,5401.398511714623,15000.0,-5000.0,18,5,4,0.0,2.111111111111111,23,10.11111111111111,1,0
CustomerId_3183,40000.0,4444.444444444444,6463.573143221772,10000.0,-5000.0,9,4,2,0.0,2.0,2,8.11111111111111,1,0
CustomerId_3184,30000.0,5000.0,6511.528238439882,10000.0,-5000.0,6,3,2,0.0,2.0,4,11.0,1,0
CustomerId_3187,63790.0,911.2857142857143,1972.5389520068454,5000.0,-5000.0,70,5,2,0.0,2.7142857142857144,0,11.914285714285715,1,0
CustomerId_3188,5000.0,5000.0,0.0,5000.0,5000.0,1,1,1,0.0,2.0,83,8.0,0,1
CustomerId_3189,18000.0,9000.0,11313.70849898476,17000.0,1000.0,2,2,2,0.0,3.0,10,12.0,1,0
CustomerId_319,62000.0,62000.0,0.0,62000.0,62000.0,1,1,1,0.0,2.0,22,11.0,1,0
CustomerId_3190,160000.0,4705.882352941177,6882.430031410047,10200.0,-5000.0,34,3,2,0.0,2.411764705882353,0,10.205882352941176,1,0
CustomerId_3191,20000.0,4000.0,6745.368781616021,10000.0,-5000.0,5,3,2,0.0,2.0,4,10.0,1,0
CustomerId_3192,75000.0,4411.764705882353,6354.711082431401,10000.0,-5000.0,17,3,2,0.0,1.8823529411764706,4,14.352941176470589,1,0
CustomerId_3193,61244.0,6804.888888888889,12604.995165057031,30000.0,-392.0,9,5,3,0.0,2.0,81,14.0,0,1
CustomerId_3194,10000.0,10000.0,0.0,10000.0,10000.0,1,1,1,0.0,2.0,61,16.0,0,1
CustomerId_3196,3530.0,320.90909090909093,663.9006634347422,1135.0,-1000.0,11,4,2,0.0,2.0,60,12.636363636363637,0,1
CustomerId_3197,80000.0,80000.0,0.0,80000.0,80000.0,1,1,1,0.0,4.0,61,9.0,0,1
CustomerId_3198,265709.0,8303.40625,18195.648513577005,75000.0,-5000.0,32,7,3,0.0,2.125,13,13.75,1,0
CustomerId_320,40000.0,20000.0,0.0,20000.0,20000.0,2,1,1,0.0,2.0,26,4.0,1,0
CustomerId_3200,247562.0,5626.409090909091,13783.578239505394,55000.0,-5000.0,44,7,3,0.0,2.0454545454545454,27,15.045454545454545,1,0
CustomerId_3201,40000.0,20000.0,0.0,20000.0,20000.0,2,1,1,0.0,1.0,39,10.5,0,1
CustomerId_3202,1000.0,1000.0,0.0,1000.0,1000.0,1,1,1,0.0,2.0,0,10.0,1,0
CustomerId_3203,79000.0,19750.0,40376.354466444835,80000.0,-5000.0,4,3,3,0.0,2.5,59,11.0,0,1
CustomerId_3204,695912.5,1633.5974178403756,3360.8941668645134,30000.0,-5000.0,426,9,4,0.0,2.032863849765258,0,13.232394366197184,1,0
CustomerId_3205,29210.0,973.6666666666666,2094.400553418787,11000.0,-1000.0,30,3,3,0.0,2.933333333333333,8,14.5,1,0
CustomerId_3206,149000.0,29800.0,45855.20690172491,80000.0,-5000.0,5,2,2,0.0,2.8,59,10.0,0,1
CustomerId_3208,148950.0,7447.5,13632.772770828855,50000.0,-2000.0,20,5,3,0.0,2.0,0,12.1,1,0
CustomerId_3209,77916.25,837.8091397849462,1298.5986193515917,5555.0,-496.0,93,6,3,0.0,2.150537634408602,8,15.03225806451613,1,0
CustomerId_321,200000.0,200000.0,0.0,200000.0,200000.0,1,1,1,0.0,0.0,77,12.0,0,1
CustomerId_3210,75000.0,6250.0,6784.005252999681,10000.0,-5000.0,12,3,2,0.0,2.6666666666666665,67,12.25,0,1
CustomerId_3211,19000.0,3166.6666666666665,7626.707459098367,10000.0,-5000.0,6,3,2,0.0,1.6666666666666667,46,11.0,0,1
CustomerId_3212,1950.0,390.0,900.2777349240622,1000.0,-1000.0,5,3,2,0.0,2.0,5,13.0,1,0
CustomerId_3213,157230.0,2664.915254237288,3052.297457417347,10000.0,-5000.0,59,6,4,0.0,2.0338983050847457,4,14.305084745762711,1,0
CustomerId_3214,500.0,500.0,0.0,500.0,500.0,1,1,1,0.0,2.0,14,2.0,1,0
CustomerId_3215,10000.0,2500.0,6757.711644237764,10000.0,-5000.0,4,2,2,0.0,2.5,4,14.0,1,0
CustomerId_3217,27880.0,2788.0,3919.6932986594184,10000.0,-50.0,10,4,2,0.0,2.0,29,17.8,1,0
CustomerId_3218,290865.0,2237.423076923077,12344.628452947609,100000.0,-5000.0,130,6,2,0.0,2.0,58,14.2,0,1
CustomerId_3219,40000.0,5000.0,8982.363672378064,20000.0,-5000.0,8,4,2,0.0,2.0,81,11.375,0,1
CustomerId_322,500.0,500.0,0.0,500.0,500.0,1,1,1,0.0,4.0,64,12.0,0,1
CustomerId_3220,10980.0,1568.5714285714287,4757.05591226138,10000.0,-5000.0,7,5,4,0.0,2.0,47,13.285714285714286,0,1
CustomerId_3221,26455.0,881.8333333333334,1205.8495955658968,5000.0,-1000.0,30,4,2,0.0,1.9,1,11.2,1,0
CustomerId_3222,86901.0,5793.4,9507.605067223067,25000.0,-1005.0,15,4,3,0.0,2.0,26,15.066666666666666,1,0
CustomerId_3223,63150.0,1403.3333333333333,2671.3845575928326,10000.0,-5000.0,45,4,2,0.0,2.7555555555555555,6,12.133333333333333,1,0
CustomerId_3224,123528.8,2807.4727272727273,7994.2577158905815,36000.0,-5000.0,44,8,5,0.0,2.6818181818181817,26,9.931818181818182,1,0
CustomerId_3225,688734.7,2366.785910652921,4229.210287052554,15000.0,-5000.0,291,7,4,0.0,2.006872852233677,5,11.147766323024054,1,0
CustomerId_3226,18600.0,3720.0,5742.125042177329,10000.0,-1000.0,5,3,3,0.0,2.0,0,10.0,1,0
CustomerId_3229,13260.0,1326.0,3742.976237048682,10000.0,-5000.0,10,4,3,0.0,2.8,8,9.6,1,0
CustomerId_323,747000.0,83000.0,25514.701644346147,100000.0,47000.0,9,2,2,0.0,1.6666666666666667,33,18.77777777777778,1,0
CustomerId_3230,22025.0,1376.5625,2542.5949466047477,10000.0,-1000.0,16,3,2,0.0,2.375,23,15.5,1,0
CustomerId_3231,5000.0,5000.0,0.0,5000.0,5000.0,1,1,1,0.0,2.0,47,8.0,0,1
CustomerId_3232,61005.0,4692.692307692308,8948.309108286096,30000.0,-1000.0,13,6,3,0.0,2.0,27,10.692307692307692,1,0
CustomerId_3233,525319.0,3725.6666666666665,9155.881044963602,80000.0,-5000.0,141,9,4,0.0,2.0851063829787235,0,13.460992907801419,1,0
CustomerId_3234,1000.0,333.3333333333333,1154.7005383792516,1000.0,-1000.0,3,3,2,0.0,2.0,35,21.0,1,0
CustomerId_3235,144652.0,882.0243902439024,1288.359406192296,7000.0,-1000.0,164,8,4,0.0,2.341463414634146,0,12.542682926829269,1,0
CustomerId_3236,500.0,500.0,0.0,500.0,500.0,1,1,1,0.0,2.0,85,10.0,0,1
CustomerId_3237,10000.0,5000.0,0.0,5000.0,5000.0,2,1,1,0.0,2.0,17,8.0,1,0
CustomerId_3238,101826.45,1376.033108108108,2927.3244903026766,20000.0,-644.0,74,6,3,0.0,2.6486486486486487,2,16.783783783783782,1,0
CustomerId_324,1000.0,1000.0,0.0,1000.0,1000.0,1,1,1,0.0,2.0,67,15.0,0,1
CustomerId_3240,950.0,237.5,962.0940702446928,1000.0,-1000.0,4,2,2,0.0,3.0,5,7.0,1,0
CustomerId_3241,118965.0,3050.3846153846152,5759.681710026147,30000.0,-225.0,39,5,2,0.0,2.0,2,11.615384615384615,1,0
CustomerId_3242,19000.0,3800.0,6685.805860178712,10000.0,-5000.0,5,3,2,0.0,2.0,46,19.0,0,1
CustomerId_3243,113918.0,2423.7872340425533,5586.163126465755,33000.0,-462.0,47,5,4,0.0,2.3404255319148937,0,12.957446808510639,1,0
CustomerId_3245,100000.0,4000.0,5655.012525774515,10000.0,-5000.0,25,4,2,0.0,2.0,4,11.36,1,0
CustomerId_3246,14324.0,1193.6666666666667,2003.6406561027552,5000.0,-1000.0,12,3,3,0.0,2.6666666666666665,11,11.75,1,0
CustomerId_3247,7900.0,790.0,442.7188724235731,1000.0,-50.0,10,4,3,0.0,2.0,34,9.1,1,0
CustomerId_3248,1000.0,1000.0,0.0,1000.0,1000.0,1,1,1,0.0,2.0,8,6.0,1,0
CustomerId_3249,20000.0,4000.0,6745.368781616021,10000.0,-5000.0,5,3,2,0.0,2.0,11,16.0,1,0
CustomerId_3250,26550.0,758.5714285714286,1124.1130957785522,4000.0,-200.0,35,5,3,0.0,2.914285714285714,4,12.82857142857143,1,0
CustomerId_3251,13278.0,2655.6,4773.254319643989,10000.0,-1000.0,5,3,3,0.0,2.4,5,10.0,1,0
CustomerId_3252,15000.0,7500.0,3535.5339059327375,10000.0,5000.0,2,2,2,0.0,1.5,5,16.5,1,0
CustomerId_3253,975.0,325.0,303.10889132455355,500.0,-25.0,3,3,2,0.0,2.0,54,5.666666666666667,0,1
CustomerId_3254,2000.0,2000.0,0.0,2000.0,2000.0,1,1,1,0.0,2.0,86,5.0,0,1
CustomerId_3255,60000.0,7500.0,10155.927192672127,20000.0,-5000.0,8,4,2,0.0,2.0,33,6.0,1,0
CustomerId_3256,500.0,500.0,0.0,500.0,500.0,1,1,1,0.0,4.0,67,13.0,0,1
CustomerId_3257,80000.0,5000.0,10076.4411707044,28000.0,-5000.0,16,6,4,0.0,2.125,11,11.5625,1,0
CustomerId_3258,394000.0,78800.0,81515.02928908264,160000.0,-5000.0,5,2,2,0.0,1.6,62,5.8,0,1
CustomerId_3259,39000.0,3545.4545454545455,7501.514998500455,10000.0,-5000.0,11,3,2,0.0,1.6363636363636365,40,13.272727272727273,0,1
CustomerId_3260,1000.0,1000.0,0.0,1000.0,1000.0,1,1,1,0.0,4.0,18,23.0,1,0
CustomerId_3261,19200.0,3840.0,6732.235884162112,10100.0,-5000.0,5,3,2,0.0,2.0,46,12.0,0,1
CustomerId_3262,4470.0,745.0,695.751392380928,1500.0,-20.0,6,3,2,0.0,2.0,70,12.666666666666666,0,1
CustomerId_3263,60000.0,4615.384615384615,6357.914510519697,10000.0,-5000.0,13,3,2,0.0,2.0,11,10.538461538461538,1,0
CustomerId_3265,428469.25,1326.5301857585139,5216.313527019663,50223.0,-1000.0,323,9,5,0.0,2.0061919504643964,34,11.708978328173375,1,0
CustomerId_3266,29000.0,4833.333333333333,6493.586579592719,10000.0,-5000.0,6,3,2,0.0,2.0,74,20.0,0,1
CustomerId_3267,40000.0,3333.3333333333335,5678.241298362042,10000.0,-5000.0,12,4,2,0.0,2.0,25,9.75,1,0
CustomerId_3268,-510.0,-170.0,762.6925986267338,500.0,-1000.0,3,2,2,0.0,2.6666666666666665,33,8.0,1,0
CustomerId_3269,20000.0,4000.0,6745.368781616021,10000.0,-5000.0,5,3,2,0.0,2.0,12,7.6,1,0
CustomerId_327,500.0,500.0,0.0,500.0,500.0,1,1,1,0.0,2.0,52,3.0,0,1
CustomerId_3270,102600.0,4460.869565217391,6650.887782874949,11000.0,-5000.0,23,3,2,0.0,2.608695652173913,0,8.565217391304348,1,0
CustomerId_3271,10080.0,10080.0,0.0,10080.0,10080.0,1,1,1,0.0,2.0,54,5.0,0,1
CustomerId_3272,75992.0,2620.4137931034484,8643.043170737465,46000.0,-18.0,29,5,3,0.0,2.8620689655172415,3,11.724137931034482,1,0
CustomerId_3273,500.0,125.0,750.0,500.0,-1000.0,4,3,2,0.0,2.5,35,18.0,1,0
CustomerId_3274,1000.0,1000.0,0.0,1000.0,1000.0,1,1,1,0.0,2.0,58,9.0,0,1
CustomerId_3275,19000.0,3166.6666666666665,6104.643041707408,10000.0,-5000.0,6,3,2,0.0,2.0,46,10.0,0,1
CustomerId_3276,27190.0,522.8846153846154,538.8125525797409,1500.0,-60.0,52,4,2,0.0,2.9615384615384617,4,12.788461538461538,1,0
CustomerId_3278,20000.0,4000.0,6745.368781616021,10000.0,-5000.0,5,3,2,0.0,2.0,18,14.0,1,0
CustomerId_3279,117995.0,23599.0,24328.20390000051,50000.0,-1005.0,5,3,2,0.0,2.0,40,12.2,0,1
CustomerId_328,248497.25,3654.3713235294117,21982.467097933753,180000.0,-5000.0,68,9,4,0.0,2.1176470588235294,0,15.573529411764707,1,0
CustomerId_3280,3610.0,601.6666666666666,745.6987774340699,1500.0,-75.0,6,2,2,0.0,3.0,65,13.833333333333334,0,1
CustomerId_3282,1000.0,1000.0,0.0,1000.0,1000.0,1,1,1,0.0,4.0,89,12.0,0,1
CustomerId_3285,40000.0,4444.444444444444,6559.556218051475,11000.0,-5000.0,9,3,2,0.0,2.0,5,12.0,1,0
CustomerId_3287,3750.0,1250.0,3269.174207655505,5000.0,-1000.0,3,2,2,0.0,2.6666666666666665,58,9.0,0,1
CustomerId_3288,20000.0,4000.0,6745.368781616021,10000.0,-5000.0,5,3,2,0.0,2.0,11,16.0,1,0
CustomerId_3289,119000.0,3500.0,6938.212152909991,11000.0,-5000.0,34,3,2,0.0,2.3529411764705883,1,9.558823529411764,1,0
CustomerId_329,8640.0,1440.0,1709.2103439892937,3000.0,-150.0,6,3,2,0.0,3.0,33,11.0,1,0
CustomerId_3290,32678.0,3267.8,5779.0014093170885,12000.0,-5000.0,10,3,3,0.0,2.0,77,9.9,0,1
CustomerId_3291,18356.0,6118.666666666667,12022.905028874398,20000.0,-1000.0,3,2,2,0.0,2.0,54,18.0,0,1
CustomerId_3292,77655.0,1273.032786885246,1924.073213846198,9000.0,-250.0,61,4,2,0.0,3.1475409836065573,1,11.426229508196721,1,0
CustomerId_3293,17000.0,8500.0,4949.747468305833,12000.0,5000.0,2,1,1,0.0,2.0,62,15.5,0,1
CustomerId_3294,3000.0,3000.0,0.0,3000.0,3000.0,1,1,1,0.0,2.0,37,15.0,0,1
CustomerId_3295,-13200.0,-6600.0,10465.180361560904,800.0,-14000.0,2,2,2,0.0,3.0,29,17.5,1,0
CustomerId_3296,1000.0,1000.0,0.0,1000.0,1000.0,1,1,1,0.0,2.0,34,14.0,1,0
CustomerId_3297,40000.0,4444.444444444444,6463.573143221772,10000.0,-5000.0,9,3,2,0.0,2.0,11,15.555555555555555,1,0
CustomerId_3298,15650.0,2608.3333333333335,4224.975345095716,10000.0,-1000.0,6,4,2,0.0,2.0,1,16.333333333333332,1,0
CustomerId_3299,206745.0,9845.0,22342.882535608514,100000.0,-5000.0,21,5,3,0.0,2.0,15,11.333333333333334,1,0
CustomerId_330,100975.0,4589.772727272727,6188.192765888293,15000.0,-5000.0,22,4,2,0.0,2.0,2,9.0,1,0
CustomerId_3301,-510.0,-170.0,762.6925986267338,500.0,-1000.0,3,2,2,0.0,2.6666666666666665,52,0.6666666666666666,0,1
CustomerId_3302,-50.0,-16.666666666666668,1000.4165798972613,1000.0,-1000.0,3,2,2,0.0,2.6666666666666665,7,7.0,1,0
CustomerId_3303,24878.0,4146.333333333333,6700.513462912128,15000.0,-2000.0,6,4,3,0.0,2.0,56,14.333333333333334,0,1
CustomerId_3306,1000.0,333.3333333333333,1154.7005383792516,1000.0,-1000.0,3,3,2,0.0,2.0,37,21.333333333333332,0,1
CustomerId_3307,125744.0,2619.6666666666665,5060.580983101132,20000.0,-5000.0,48,6,4,0.0,2.3333333333333335,4,14.625,1,0
CustomerId_3308,80000.0,4705.882352941177,6302.427170169769,10000.0,-5000.0,17,3,2,0.0,2.0,4,16.294117647058822,1,0
CustomerId_3309,60000.0,30000.0,28284.2712474619,50000.0,10000.0,2,1,1,0.0,2.0,5,4.5,1,0
CustomerId_331,6140.0,1228.0,3272.3340294047,7000.0,-1000.0,5,3,3,0.0,2.8,45,11.6,0,1
CustomerId_3310,33440.0,777.6744186046511,633.8528716519627,2500.0,-1000.0,43,4,3,0.0,2.046511627906977,2,14.162790697674419,1,0
CustomerId_3311,19000.0,3166.6666666666665,7626.707459098367,10000.0,-5000.0,6,3,2,0.0,1.6666666666666667,53,15.0,0,1
CustomerId_3313,3900.0,1300.0,3235.737937472687,5000.0,-1000.0,3,2,2,0.0,1.6666666666666667,56,18.0,0,1
CustomerId_3314,1000.0,500.0,0.0,500.0,500.0,2,1,1,0.0,2.0,39,20.0,0,1
CustomerId_3315,23400.0,23400.0,0.0,23400.0,23400.0,1,1,1,0.0,2.0,77,5.0,0,1
CustomerId_3317,40000.0,4444.444444444444,6463.573143221772,10000.0,-5000.0,9,3,2,0.0,2.0,5,11.333333333333334,1,0
CustomerId_3318,10260.0,1026.0,1044.8200270328325,2500.0,-1000.0,10,5,3,0.0,2.4,33,16.0,1,0
CustomerId_332,1000.0,1000.0,0.0,1000.0,1000.0,1,1,1,0.0,2.0,3,15.0,1,0
CustomerId_3320,40000.0,4444.444444444444,6463.573143221772,10000.0,-5000.0,9,3,2,0.0,2.0,11,10.666666666666666,1,0
CustomerId_3321,20000.0,4000.0,6745.368781616021,10000.0,-5000.0,5,3,2,0.0,2.0,5,8.0,1,0
CustomerId_3322,16000.0,2666.6666666666665,6088.2400303098,10000.0,-5000.0,6,5,2,0.0,2.0,4,10.5,1,0
CustomerId_3323,155380.0,8177.894736842105,9167.831331434792,28000.0,-5000.0,19,5,4,0.0,2.0,1,9.894736842105264,1,0
CustomerId_3326,20000.0,3333.3333333333335,7814.516406449389,11000.0,-5000.0,6,3,2,0.0,1.6666666666666667,32,14.333333333333334,1,0
CustomerId_3327,10000.0,10000.0,0.0,10000.0,10000.0,1,1,1,0.0,2.0,64,8.0,0,1
CustomerId_3328,65790.0,1096.5,1840.3726363641595,9000.0,-450.0,60,4,2,0.0,3.066666666666667,0,13.683333333333334,1,0
CustomerId_3329,42272.0,1321.0,3775.3295604917166,13282.0,-11000.0,32,7,4,0.0,2.0625,3,11.21875,1,0
CustomerId_3330,1754601.0,14621.675,57813.16949954016,420000.0,-21000.0,120,10,6,0.0,2.0416666666666665,1,10.116666666666667,1,0
CustomerId_3331,25000.0,8333.333333333334,19731.53144926499,31000.0,-5000.0,3,2,2,0.0,2.0,57,14.0,0,1
CustomerId_3332,33159.0,3014.4545454545455,8315.993210238166,28000.0,-392.0,11,3,3,0.0,1.5454545454545454,60,11.727272727272727,0,1
CustomerId_3333,2000.0,2000.0,0.0,2000.0,2000.0,1,1,1,0.0,2.0,42,12.0,0,1
CustomerId_3334,9233.0,710.2307692307693,393.2353311199613,1100.0,-55.0,13,4,2,0.0,2.0,51,10.538461538461538,0,1
CustomerId_3336,490.0,122.5,854.4150045498967,1000.0,-1000.0,4,3,2,0.0,2.0,6,19.0,1,0
CustomerId_3339,1000.0,333.3333333333333,1154.7005383792516,1000.0,-1000.0,3,3,2,0.0,2.0,35,6.333333333333333,1,0
CustomerId_334,200000.0,6060.606060606061,9323.087585194731,20700.0,-5000.0,33,4,2,0.0,2.0,60,10.424242424242424,0,1
CustomerId_3340,45384.0,3491.076923076923,9054.521802774738,30000.0,-5000.0,13,5,3,0.0,2.4615384615384617,4,11.23076923076923,1,0
CustomerId_3341,-4000.0,-444.44444444444446,3320.8098075285457,5000.0,-5000.0,9,1,1,0.0,3.5555555555555554,15,10.555555555555555,1,0
CustomerId_3343,1000.0,1000.0,0.0,1000.0,1000.0,1,1,1,0.0,2.0,22,16.0,1,0
CustomerId_3344,40000.0,4444.444444444444,6463.573143221772,10000.0,-5000.0,9,3,2,0.0,2.0,11,17.11111111111111,1,0
CustomerId_3345,990.0,198.0,758.959814482954,1000.0,-1000.0,5,3,2,0.0,2.0,0,14.6,1,0
CustomerId_3346,60000.0,7500.0,12247.44871391589,30000.0,-5000.0,8,5,2,0.0,2.0,4,10.0,1,0
CustomerId_3347,3000.0,1500.0,707.1067811865476,2000.0,1000.0,2,2,2,0.0,3.0,33,12.0,1,0
CustomerId_3349,22856.0,2285.6,4765.9097580863,11000.0,-5000.0,10,5,4,0.0,2.0,57,16.8,0,1
CustomerId_335,798472.75,7532.76179245283,21925.09462835588,137000.0,-5000.0,106,8,5,0.0,2.0,7,10.216981132075471,1,0
CustomerId_3352,90000.0,5000.0,6287.241983947006,11000.0,-5000.0,18,3,2,0.0,2.0,4,13.555555555555555,1,0
CustomerId_3353,149242.0,926.9689440993789,2567.6175543253134,13000.0,-10000.0,161,8,3,0.0,2.31055900621118,0,12.409937888198758,1,0
CustomerId_3354,13800.0,2760.0,6854.779354581736,10000.0,-5000.0,5,2,2,0.0,2.8,4,19.0,1,0
CustomerId_3355,20000.0,4000.0,6745.368781616021,10000.0,-5000.0,5,3,2,0.0,2.0,4,18.8,1,0
CustomerId_3356,5000.0,5000.0,0.0,5000.0,5000.0,1,1,1,0.0,4.0,37,5.0,0,1
CustomerId_3357,5960.0,993.3333333333334,1271.3247683682823,2000.0,-1000.0,6,3,2,0.0,3.0,12,14.166666666666666,1,0
CustomerId_3359,-525.0,-175.0,761.1668673819164,500.0,-1000.0,3,2,2,0.0,2.6666666666666665,2,9.0,1,0
CustomerId_336,134560.0,3636.7567567567567,5583.145794887232,20000.0,-1000.0,37,5,2,0.0,2.0,0,12.35135135135135,1,0
CustomerId_3360,19000.0,3166.6666666666665,7626.707459098367,10000.0,-5000.0,6,3,2,0.0,1.6666666666666667,46,16.0,0,1
CustomerId_3361,2000.0,1000.0,0.0,1000.0,1000.0,2,2,2,0.0,3.0,39,5.0,0,1
CustomerId_3363,72350.5,2009.736111111111,2682.5876513069325,10000.0,-5000.0,36,6,3,0.0,2.8333333333333335,1,12.0,1,0
CustomerId_3364,2000.0,2000.0,0.0,2000.0,2000.0,1,1,1,0.0,4.0,34,7.0,1,0
CustomerId_3365,21980.0,4396.0,4398.190537027699,10000.0,-20.0,5,4,3,0.0,2.0,0,12.2,1,0
CustomerId_3366,57300.0,8185.714285714285,10028.696919578431,20000.0,-5000.0,7,3,2,0.0,2.0,5,7.285714285714286,1,0
CustomerId_337,192400.0,27485.714285714286,36288.44759109197,100000.0,-1000.0,7,3,2,0.0,2.0,43,7.571428571428571,0,1
CustomerId_3371,1251763.68,4186.5006020066885,10716.558736491084,100000.0,-14000.0,299,8,3,0.0,2.1872909698996654,0,9.729096989966555,1,0
CustomerId_3373,32000.0,2666.6666666666665,5484.744683430966,15000.0,-5000.0,12,3,3,0.0,2.0,55,10.75,0,1
CustomerId_3374,325308.0,3460.723404255319,6491.115992331208,35000.0,-5000.0,94,6,3,0.0,2.021276595744681,4,12.053191489361701,1,0
CustomerId_3375,300.0,300.0,0.0,300.0,300.0,1,1,1,0.0,4.0,41,12.0,0,1
CustomerId_3376,2000.0,1000.0,0.0,1000.0,1000.0,2,1,1,0.0,2.0,67,15.5,0,1
CustomerId_3377,1950.0,390.0,900.2777349240622,1000.0,-1000.0,5,3,2,0.0,2.0,74,6.8,0,1
CustomerId_3378,80000.0,80000.0,0.0,80000.0,80000.0,1,1,1,0.0,2.0,64,15.0,0,1
CustomerId_3379,94320.0,2143.6363636363635,3268.6965547476298,10000.0,-1000.0,44,4,2,0.0,2.8636363636363638,8,12.431818181818182,1,0
CustomerId_338,55000.0,27500.0,31819.80515339464,50000.0,5000.0,2,1,1,0.0,2.0,37,5.0,0,1
CustomerId_3380,20000.0,4000.0,6745.368781616021,10000.0,-5000.0,5,3,2,0.0,2.0,18,18.0,1,0
CustomerId_3381,0.0,0.0,866.0254037844386,500.0,-1000.0,3,3,2,0.0,2.0,37,6.0,0,1
CustomerId_3385,288382.0,12015.916666666666,8893.301875772755,20000.0,-5000.0,24,5,3,0.0,2.0,23,15.375,1,0
CustomerId_3386,2930.0,488.3333333333333,1055.6593516218509,2000.0,-1000.0,6,4,2,0.0,2.0,63,15.166666666666666,0,1
CustomerId_3387,8000.0,2000.0,0.0,2000.0,2000.0,4,1,1,0.0,2.0,72,9.75,0,1
CustomerId_3388,19000.0,3800.0,6685.805860178712,10000.0,-5000.0,5,3,2,0.0,2.0,11,13.8,1,0
CustomerId_3389,167700.0,1746.875,1746.4691071144841,5000.0,-80.0,96,3,2,0.0,2.0208333333333335,1,14.989583333333334,1,0
CustomerId_3390,45720.0,788.2758620689655,912.3608049201299,2500.0,-1000.0,58,5,2,0.0,2.896551724137931,0,12.327586206896552,1,0
CustomerId_3391,222134.0,1835.8181818181818,3354.2311339560365,12000.0,-5000.0,121,8,4,0.0,2.0165289256198347,3,11.603305785123966,1,0
CustomerId_3392,1490.0,248.33333333333334,689.9396108839285,1000.0,-1000.0,6,3,2,0.0,2.3333333333333335,24,16.166666666666668,1,0
CustomerId_3397,36318.0,1911.4736842105262,3056.8642496741118,10000.0,-1000.0,19,4,3,0.0,2.9473684210526314,0,6.2105263157894735,1,0
CustomerId_3398,44880.0,2805.0,2848.7704950264656,8000.0,-60.0,16,4,3,0.0,2.0,85,11.625,0,1
CustomerId_3399,46135.0,1025.2222222222222,1032.8809860352408,3000.0,-1000.0,45,5,3,0.0,2.0,4,16.933333333333334,1,0
CustomerId_340,7790.0,865.5555555555555,953.4032608386536,2000.0,-100.0,9,3,2,0.0,3.111111111111111,42,10.555555555555555,0,1
CustomerId_3400,490.0,245.0,360.62445840513925,500.0,-10.0,2,2,2,0.0,3.0,78,14.0,0,1
CustomerId_3401,51922.0,3245.125,8684.338085503889,35100.0,-1000.0,16,3,2,0.0,2.75,2,15.5,1,0
CustomerId_3402,3000.0,1500.0,707.1067811865476,2000.0,1000.0,2,2,2,0.0,2.0,8,9.0,1,0
CustomerId_3403,58661.2,2256.2,4513.484147751047,16000.0,-5000.0,26,7,4,0.0,2.076923076923077,10,12.961538461538462,1,0
CustomerId_3404,6940.0,1156.6666666666667,2143.5826708262657,5000.0,-1000.0,6,3,2,0.0,2.0,56,11.833333333333334,0,1
CustomerId_3405,226930.0,1200.6878306878307,4237.97470232703,41500.0,-11000.0,189,7,3,0.0,2.1481481481481484,8,13.164021164021165,1,0
CustomerId_3407,28560.0,2196.923076923077,3767.486749844836,10000.0,-1000.0,13,4,3,0.0,2.0,47,14.846153846153847,0,1
CustomerId_3408,19000.0,3166.6666666666665,7626.707459098367,10000.0,-5000.0,6,3,2,0.0,1.6666666666666667,46,17.0,0,1
CustomerId_341,225587.0,6634.911764705882,12639.751254667053,55000.0,-5000.0,34,7,3,0.0,2.0,1,14.294117647058824,1,0
CustomerId_3410,4900.0,816.6666666666666,1732.2432469681235,4000.0,-1000.0,6,3,2,0.0,2.0,47,6.666666666666667,0,1
CustomerId_3412,19000.0,3166.6666666666665,7626.707459098367,10000.0,-5000.0,6,3,2,0.0,2.6666666666666665,67,20.0,0,1
CustomerId_3413,10350.0,1725.0,1903.0895932666965,5000.0,-250.0,6,4,2,0.0,2.0,76,5.666666666666667,0,1
CustomerId_3414,1000.0,1000.0,0.0,1000.0,1000.0,1,1,1,0.0,2.0,82,8.0,0,1
CustomerId_3415,1388920.0,2948.8747346072187,7520.816917150456,77000.0,-5000.0,471,9,4,0.0,1.9957537154989384,4,13.012738853503185,1,0
CustomerId_3416,3800.0,950.0,1212.4355652982142,2000.0,-100.0,4,2,2,0.0,3.0,83,7.5,0,1
CustomerId_3417,19000.0,3800.0,6685.805860178712,10000.0,-5000.0,5,3,2,0.0,2.0,47,9.0,0,1
CustomerId_3418,20000.0,4000.0,6745.368781616021,10000.0,-5000.0,5,3,2,0.0,2.0,5,7.0,1,0
CustomerId_3419,104785.0,1563.955223880597,3529.2176076585506,20000.0,-1000.0,67,6,3,0.0,2.8955223880597014,0,5.940298507462686,1,0
CustomerId_3420,50000.0,2272.7272727272725,5649.96264784803,11000.0,-5000.0,22,4,2,0.0,2.4545454545454546,0,14.772727272727273,1,0
CustomerId_3421,100000.0,100000.0,0.0,100000.0,100000.0,1,1,1,0.0,2.0,19,1.0,1,0
CustomerId_3422,204271.7,1559.3259541984735,2760.753286238204,10000.0,-5000.0,131,10,4,0.0,2.183206106870229,0,10.65648854961832,1,0
CustomerId_3424,1000.0,500.0,0.0,500.0,500.0,2,2,2,0.0,3.0,50,18.5,0,1
CustomerId_3425,1000.0,1000.0,0.0,1000.0,1000.0,1,1,1,0.0,2.0,61,11.0,0,1
CustomerId_3426,2000.0,2000.0,0.0,2000.0,2000.0,1,1,1,0.0,2.0,59,17.0,0,1
CustomerId_3427,248647.0,2143.5086206896553,4533.80335680606,20000.0,-5000.0,116,5,4,0.0,2.586206896551724,2,12.14655172413793,1,0
CustomerId_3428,19900.0,2842.8571428571427,190.23794624226838,3000.0,2500.0,7,1,1,0.0,2.0,87,8.0,0,1
CustomerId_343,80000.0,4444.444444444444,6166.5341798168665,10000.0,-5000.0,18,4,2,0.0,2.0,11,11.88888888888889,1,0
CustomerId_3430,66805.0,3181.190476190476,6311.973127470107,10800.0,-10000.0,21,6,3,0.0,2.2857142857142856,1,13.80952380952381,1,0
CustomerId_3431,8000.0,1000.0,1065.9502802663922,3000.0,-75.0,8,2,2,0.0,3.25,7,18.25,1,0
CustomerId_3432,109355.67,1115.8741836734694,3679.5983901087043,20000.0,-5000.0,98,7,3,0.0,2.306122448979592,58,9.948979591836734,0,1
CustomerId_3433,37103.1,1545.9624999999999,2484.1292217337927,10000.0,-1000.0,24,5,3,0.0,2.0,54,14.583333333333334,0,1
CustomerId_3434,19000.0,3166.6666666666665,7626.707459098367,10000.0,-5000.0,6,3,2,0.0,1.6666666666666667,46,11.166666666666666,0,1
CustomerId_3435,16800.0,4200.0,4415.125517279586,10000.0,-200.0,4,3,2,0.0,3.5,3,11.5,1,0
CustomerId_3436,5244.0,749.1428571428571,1311.6843406566268,3000.0,-1000.0,7,5,4,0.0,2.2857142857142856,69,5.285714285714286,0,1
CustomerId_3437,19000.0,3166.6666666666665,7626.707459098367,10000.0,-5000.0,6,3,2,0.0,1.6666666666666667,46,19.0,0,1
CustomerId_3438,40585.0,1159.5714285714287,1859.3639691431852,5000.0,-1000.0,35,6,2,0.0,2.1142857142857143,3,13.17142857142857,1,0
CustomerId_3439,130000.0,3513.5135135135133,7198.771583562873,15000.0,-5000.0,37,3,2,0.0,2.5405405405405403,0,8.432432432432432,1,0
CustomerId_3440,19350.0,879.5454545454545,1216.1276455275781,4000.0,-1000.0,22,4,2,0.0,2.8181818181818183,13,13.545454545454545,1,0
CustomerId_3441,15999.0,2285.5714285714284,3965.4798724804564,10000.0,-1000.0,7,5,4,0.0,2.5714285714285716,75,12.714285714285714,0,1
CustomerId_3442,194956.0,1499.6615384615384,2485.054444067999,14000.0,-5000.0,130,4,2,0.0,2.1384615384615384,0,8.86923076923077,1,0
CustomerId_3443,1980.0,660.0,588.8972745734183,1000.0,-20.0,3,3,2,0.0,2.0,89,6.333333333333333,0,1
CustomerId_3444,10941.0,377.2758620689655,824.3697981121147,2000.0,-1500.0,29,4,2,0.0,2.2758620689655173,50,15.241379310344827,0,1
CustomerId_3445,26460.0,490.0,537.8494914673603,2000.0,-50.0,54,5,3,0.0,2.962962962962963,5,14.5,1,0
CustomerId_3447,37394.0,1780.6666666666667,2895.3927079643845,10000.0,-2000.0,21,6,4,0.0,2.0,4,12.380952380952381,1,0
CustomerId_3448,1000.0,1000.0,0.0,1000.0,1000.0,1,1,1,0.0,2.0,63,16.0,0,1
CustomerId_3449,9755.0,541.9444444444445,677.8949660288977,1500.0,-1000.0,18,3,2,0.0,2.888888888888889,10,9.833333333333334,1,0
CustomerId_345,2950.0,590.0,436.4630568559039,1000.0,-50.0,5,4,2,0.0,2.0,8,19.2,1,0
CustomerId_3451,30800.0,4400.0,8480.566018845677,11000.0,-10000.0,7,4,3,0.0,2.0,0,17.571428571428573,1,0
CustomerId_3452,499238.0,3840.2923076923075,6555.222211296522,35000.0,-5000.0,130,6,3,0.0,2.0,1,10.2,1,0
CustomerId_3453,21945.0,593.1081081081081,768.8315009655086,3000.0,-100.0,37,5,2,0.0,2.054054054054054,2,12.27027027027027,1,0
CustomerId_3454,334400.0,3888.3720930232557,5508.676548749387,11100.0,-5000.0,86,4,2,0.0,2.0,5,8.325581395348838,1,0
CustomerId_3456,1000.0,1000.0,0.0,1000.0,1000.0,1,1,1,0.0,2.0,69,6.0,0,1
CustomerId_3457,18356.0,6118.666666666667,12022.905028874398,20000.0,-1000.0,3,2,2,0.0,2.0,72,8.0,0,1
CustomerId_3458,3000.0,1500.0,707.1067811865476,2000.0,1000.0,2,1,1,0.0,2.0,81,17.0,0,1
CustomerId_3459,-3540.0,-354.0,3785.904265972809,2000.0,-11000.0,10,5,4,0.0,2.0,20,16.4,1,0
CustomerId_3461,2390.0,217.27272727272728,522.9309879724266,1000.0,-1000.0,11,3,3,0.0,2.727272727272727,0,15.636363636363637,1,0
CustomerId_3462,5940.0,848.5714285714286,1255.8586514337323,3000.0,-1000.0,7,3,2,0.0,2.0,57,11.714285714285714,0,1
CustomerId_3463,346790.0,2964.017094017094,7323.557179289718,50000.0,-1000.0,117,7,3,0.0,2.0,23,10.786324786324787,1,0
CustomerId_3464,111825.0,5591.25,6747.6276289093685,20000.0,-5000.0,20,4,2,0.0,2.1,15,15.05,1,0
CustomerId_3465,20000.0,3333.3333333333335,6088.2400303098,10000.0,-5000.0,6,4,2,0.0,2.0,32,13.0,1,0
CustomerId_3466,0.0,0.0,866.0254037844386,500.0,-1000.0,3,3,2,0.0,2.0,38,15.0,0,1
CustomerId_3467,1073992.0,23866.48888888889,74476.08396587403,500000.0,-5000.0,45,8,4,0.022222222222222223,2.0,7,11.488888888888889,1,0
CustomerId_3468,80000.0,3076.923076923077,7831.746047583908,20000.0,-5000.0,26,3,2,0.0,2.6153846153846154,54,12.115384615384615,0,1
CustomerId_347,6000.0,1000.0,0.0,1000.0,1000.0,6,1,1,0.0,1.0,58,16.5,0,1
CustomerId_3470,6735.0,748.3333333333334,967.0961689511545,2000.0,-100.0,9,4,2,0.0,2.888888888888889,5,13.777777777777779,1,0
CustomerId_3471,212200.0,8161.538461538462,10279.74034392219,30000.0,-5000.0,26,7,3,0.0,2.076923076923077,20,11.923076923076923,1,0
CustomerId_3473,22000.0,4400.0,5116.150896914593,10000.0,500.0,5,1,1,0.0,2.0,85,16.0,0,1
CustomerId_3474,40786.0,784.3461538461538,2579.772849740734,10000.0,-5000.0,52,5,3,0.0,2.6153846153846154,0,13.865384615384615,1,0
CustomerId_3475,85616.0,6115.428571428572,8794.617214867509,28000.0,-1000.0,14,4,3,0.0,2.0,25,18.142857142857142,1,0
CustomerId_3476,619068.2,34392.677777777775,54958.510481962185,160000.0,-5000.0,18,7,4,0.0,2.0,58,8.944444444444445,0,1
CustomerId_3477,194694.25,5562.692857142857,7235.215961370336,17300.0,-5000.0,35,7,4,0.0,2.0,23,16.857142857142858,1,0
CustomerId_3478,4410.0,735.0,838.0155129829042,1500.0,-30.0,6,2,2,0.0,3.0,17,13.0,1,0
CustomerId_3479,1960.0,490.0,1296.3024338479042,2000.0,-1000.0,4,3,3,0.0,2.5,5,17.0,1,0
CustomerId_348,3900.0,780.0,860.6683449505972,2000.0,-50.0,5,3,2,0.0,2.0,68,11.8,0,1
CustomerId_3482,39000.0,3545.4545454545455,5424.272050029135,10000.0,-5000.0,11,6,2,0.0,2.0,72,15.818181818181818,0,1
CustomerId_3483,900.0,180.0,843.0599029724993,1000.0,-1000.0,5,2,2,0.0,2.8,46,3.4,0,1
CustomerId_3485,500.0,500.0,0.0,500.0,500.0,1,1,1,0.0,2.0,21,14.0,1,0
CustomerId_3486,3000.0,1500.0,707.1067811865476,2000.0,1000.0,2,1,1,0.0,2.0,26,23.0,1,0
CustomerId_3487,83705.0,760.9545454545455,929.7986107918884,5000.0,-1000.0,110,5,2,0.0,2.2,5,11.772727272727273,1,0
CustomerId_3488,30000.0,30000.0,0.0,30000.0,30000.0,1,1,1,0.0,1.0,34,20.0,1,0
CustomerId_3489,20000.0,4000.0,6745.368781616021,10000.0,-5000.0,5,3,2,0.0,2.0,4,12.0,1,0
CustomerId_349,56725.0,1418.125,2124.46062159135,5000.0,-250.0,40,4,2,0.0,2.75,5,11.85,1,0
CustomerId_3490,1000.0,1000.0,0.0,1000.0,1000.0,1,1,1,0.0,2.0,33,18.0,1,0
CustomerId_3491,48026.0,2183.0,3100.0181105461766,11000.0,-1000.0,22,7,3,0.0,2.1818181818181817,6,13.909090909090908,1,0
CustomerId_3492,-11000.0,-2750.0,4924.428900898052,1000.0,-10000.0,4,2,1,0.0,3.5,31,7.0,1,0
CustomerId_3493,15900.0,2650.0,6097.04846626628,15000.0,-1000.0,6,3,3,0.0,2.6666666666666665,21,11.5,1,0
CustomerId_3494,13250.0,1892.857142857143,2918.5368154020507,5000.0,-1000.0,7,2,2,0.0,2.857142857142857,7,17.857142857142858,1,0
CustomerId_3495,1000.0,500.0,0.0,500.0,500.0,2,2,2,0.0,3.0,37,13.0,0,1
CustomerId_3496,99145.6,2542.194871794872,8425.157180290738,50000.0,-5000.0,39,6,4,0.0,2.0,0,13.487179487179487,1,0
CustomerId_3497,228715.0,3943.362068965517,11740.981137008466,50000.0,-1500.0,58,5,2,0.0,2.0,41,14.344827586206897,0,1
CustomerId_3498,643971.0,71552.33333333333,62347.399697180634,200000.0,-1629.0,9,3,2,0.0,1.7777777777777777,6,12.333333333333334,1,0
CustomerId_350,70000.0,3888.8888888888887,7028.420363812734,10000.0,-5000.0,18,3,2,0.0,2.7777777777777777,0,10.11111111111111,1,0
CustomerId_3500,1900.0,475.0,1304.7988350699889,2000.0,-1000.0,4,3,2,0.0,3.0,52,13.0,0,1
CustomerId_3501,708936.0,2395.054054054054,9114.993850725472,50000.0,-5000.0,296,4,2,0.0,2.0,45,13.131756756756756,1,0
CustomerId_3503,-510.0,-170.0,762.6925986267338,500.0,-1000.0,3,2,2,0.0,2.6666666666666665,15,10.0,1,0
CustomerId_3504,87850.0,2440.277777777778,2803.946694124563,10000.0,-1000.0,36,5,2,0.0,2.111111111111111,30,14.666666666666666,1,0
CustomerId_3505,1500.0,1500.0,0.0,1500.0,1500.0,1,1,1,0.0,2.0,2,8.0,1,0
CustomerId_3506,28135.0,1655.0,1955.9812115662053,5000.0,-125.0,17,6,3,0.0,2.0,4,9.882352941176471,1,0
CustomerId_3507,6350.0,577.2727272727273,780.3696676459293,2000.0,-50.0,11,4,2,0.0,3.090909090909091,40,11.272727272727273,0,1
CustomerId_3508,28900.0,2064.285714285714,2025.7143632108357,5000.0,-1000.0,14,3,2,0.0,2.0,75,9.785714285714286,0,1
CustomerId_3509,32753.15,779.8369047619047,2459.921034600638,5000.0,-11000.0,42,6,3,0.0,2.1904761904761907,9,9.761904761904763,1,0
CustomerId_351,550.0,275.0,14531.044353383551,10550.0,-10000.0,2,2,2,0.0,3.0,33,7.5,1,0
CustomerId_3510,14860.0,7430.0,3436.538956566621,9860.0,5000.0,2,1,1,0.0,2.0,18,8.5,1,0
CustomerId_3511,107890.0,2295.531914893617,4548.9029152813255,14000.0,-5000.0,47,7,4,0.0,2.0851063829787235,2,11.76595744680851,1,0
CustomerId_3512,-20.0,-6.666666666666667,1000.0666644445926,1000.0,-1000.0,3,2,2,0.0,2.6666666666666665,64,14.0,0,1
CustomerId_3513,3870.0,645.0,1029.208433700385,2000.0,-1000.0,6,3,2,0.0,2.3333333333333335,33,9.0,1,0
CustomerId_3515,216246.9,2514.498837209302,5367.588912340529,20000.0,-5000.0,86,7,3,0.0,2.4186046511627906,1,11.05813953488372,1,0
CustomerId_3516,980.0,490.0,721.2489168102785,1000.0,-20.0,2,2,2,0.0,3.0,76,10.0,0,1
CustomerId_3517,70650.0,3364.285714285714,5881.6346124428455,25000.0,-1000.0,21,6,3,0.0,2.0,30,13.047619047619047,1,0
CustomerId_3519,19995.0,833.125,1060.3340454986242,3200.0,-1000.0,24,5,2,0.0,2.3333333333333335,59,12.375,0,1
CustomerId_352,190334.0,3884.3673469387754,7051.483268001957,11000.0,-5000.0,49,4,3,0.0,2.5306122448979593,1,7.346938775510204,1,0
CustomerId_3520,1000.0,1000.0,0.0,1000.0,1000.0,1,1,1,0.0,2.0,15,13.0,1,0
CustomerId_3521,23170.0,772.3333333333334,850.9738167426829,3000.0,-1000.0,30,5,3,0.0,2.0,50,10.833333333333334,0,1
CustomerId_3522,-20.0,-6.666666666666667,1000.0666644445926,1000.0,-1000.0,3,2,2,0.0,2.0,71,5.0,0,1
CustomerId_3523,1000.0,1000.0,0.0,1000.0,1000.0,1,1,1,0.0,2.0,89,1.0,0,1
CustomerId_3524,31150.0,707.9545454545455,1015.5158605369561,5000.0,-1000.0,44,3,2,0.0,3.0454545454545454,0,17.636363636363637,1,0
CustomerId_3525,214630.0,1899.3805309734514,4450.319367188687,25000.0,-5000.0,113,5,3,0.0,2.0,1,14.079646017699115,1,0
CustomerId_3526,22350.0,2235.0,3385.6765284881476,10000.0,-1000.0,10,3,2,0.0,2.2,15,12.0,1,0
CustomerId_3527,4500.0,4500.0,0.0,4500.0,4500.0,1,1,1,0.0,2.0,59,18.0,0,1
CustomerId_3528,110000.0,55000.0,63639.61030678928,100000.0,10000.0,2,1,1,0.0,2.0,59,12.5,0,1
CustomerId_3530,371667.5,3021.6869918699185,4176.055605432651,11000.0,-5000.0,123,8,4,0.0,3.0569105691056913,0,13.05691056910569,1,0
CustomerId_3533,1000.0,1000.0,0.0,1000.0,1000.0,1,1,1,0.0,2.0,66,16.0,0,1
CustomerId_3534,58200.0,14550.0,38503.80933535451,70000.0,-13000.0,4,3,2,0.0,3.0,51,10.0,0,1
CustomerId_3535,265434.0,2708.5102040816328,6526.163945236205,50000.0,-5000.0,98,6,3,0.0,2.0,0,13.306122448979592,1,0
CustomerId_3536,20000.0,3333.3333333333335,7814.516406449389,11000.0,-5000.0,6,3,2,0.0,1.6666666666666667,32,15.0,1,0
CustomerId_3537,80000.0,80000.0,0.0,80000.0,80000.0,1,1,1,0.0,4.0,62,8.0,0,1
CustomerId_3540,270000.0,24545.454545454544,26313.9264890804,60000.0,500.0,11,4,3,0.0,2.0,25,14.181818181818182,1,0
CustomerId_3541,17550.0,1253.5714285714287,1799.087833588742,5000.0,-1000.0,14,4,2,0.0,1.8571428571428572,11,17.714285714285715,1,0
CustomerId_3542,317000.0,63400.0,67696.38099632801,160000.0,-5000.0,5,3,3,0.0,2.4,55,8.2,0,1
CustomerId_3543,277626.0,1983.0428571428572,3582.0280113936915,11000.0,-5000.0,140,7,3,0.0,2.5142857142857142,9,12.792857142857143,1,0
CustomerId_3545,6800.0,1133.3333333333333,1965.6211910402947,4000.0,-1000.0,6,3,2,0.0,2.0,58,17.666666666666668,0,1
CustomerId_3547,10000.0,5000.0,0.0,5000.0,5000.0,2,1,1,0.0,2.0,4,10.0,1,0
CustomerId_3548,6000.0,1500.0,4041.4518843273804,5000.0,-2000.0,4,2,2,0.0,2.0,22,11.5,1,0
CustomerId_3549,389432.92,7947.610612244897,17599.990748468736,100000.0,-5000.0,49,5,2,0.0,2.0,0,9.448979591836734,1,0
CustomerId_355,39000.0,5571.428571428572,6241.184258807054,10000.0,-5000.0,7,3,2,0.0,2.0,46,20.571428571428573,0,1
CustomerId_3550,37900.0,3790.0,8668.990714033554,28000.0,-1000.0,10,6,4,0.0,2.0,13,15.9,1,0
CustomerId_3551,451634.0,2971.2763157894738,5145.392360710746,28000.0,-5000.0,152,5,4,0.0,1.513157894736842,2,14.342105263157896,1,0
CustomerId_3554,10000.0,10000.0,0.0,10000.0,10000.0,1,1,1,0.0,2.0,37,7.0,0,1
CustomerId_3555,287806.0,2302.448,6158.725574410927,50000.0,-5000.0,125,9,6,0.0,2.024,0,13.368,1,0
CustomerId_3556,118950.0,3717.1875,6630.122601102121,30000.0,-5000.0,32,3,2,0.0,2.9375,53,9.59375,0,1
CustomerId_3557,39000.0,2294.1176470588234,3518.073085553243,10000.0,-5000.0,17,4,3,0.0,2.0,49,12.647058823529411,0,1
CustomerId_3558,46000.0,2000.0,2796.444069138194,10000.0,-275.0,23,4,3,0.0,2.0,4,11.521739130434783,1,0
CustomerId_3559,20000.0,4000.0,6745.368781616021,10000.0,-5000.0,5,3,2,0.0,2.0,18,13.0,1,0
CustomerId_356,30850.0,1542.5,2076.4161305885727,7000.0,-1000.0,20,5,2,0.0,2.0,29,13.9,1,0
CustomerId_3561,25665.0,1069.375,1251.8241581093118,3500.0,-175.0,24,3,2,0.0,2.75,2,17.791666666666668,1,0
CustomerId_3562,1850.0,264.2857142857143,411.76883251233505,1000.0,-50.0,7,2,2,0.0,2.857142857142857,25,17.428571428571427,1,0
CustomerId_3564,13000.0,3250.0,7889.86691902975,10000.0,-5000.0,4,2,2,0.0,2.0,60,10.5,0,1
CustomerId_3566,500.0,500.0,0.0,500.0,500.0,1,1,1,0.0,2.0,31,18.0,1,0
CustomerId_3567,10000.0,10000.0,0.0,10000.0,10000.0,1,1,1,0.0,2.0,24,12.0,1,0
CustomerId_3569,2970.0,424.2857142857143,840.6715003070888,1500.0,-1000.0,7,4,3,0.0,2.0,2,12.428571428571429,1,0
CustomerId_357,19000.0,3166.6666666666665,6104.643041707408,10000.0,-5000.0,6,4,2,0.0,2.0,46,10.0,0,1
CustomerId_3570,20500.0,10250.0,13788.582233137677,20000.0,500.0,2,1,1,0.0,2.0,45,23.0,0,1
CustomerId_3571,7430.0,743.0,1300.9487990608154,3000.0,-1000.0,10,4,3,0.0,2.0,19,8.0,1,0
CustomerId_3572,-10.0,-2.5,707.1244586351119,500.0,-1000.0,4,3,2,0.0,2.0,82,5.0,0,1
CustomerId_3573,9000.0,4500.0,7778.174593052023,10000.0,-1000.0,2,2,2,0.0,2.0,39,14.0,0,1
CustomerId_3574,1000.0,1000.0,0.0,1000.0,1000.0,1,1,1,0.0,2.0,48,8.0,0,1
CustomerId_3575,1189000.0,47560.0,83004.05612579022,400000.0,-5000.0,25,4,3,0.0,2.32,50,12.0,0,1
CustomerId_3577,1000.0,1000.0,0.0,1000.0,1000.0,1,1,1,0.0,4.0,15,9.0,1,0
CustomerId_3578,6600.0,1320.0,2493.453929792969,4500.0,-1000.0,5,2,2,0.0,2.8,48,10.0,0,1
CustomerId_3579,7700.0,2566.6666666666665,2990.5406423142513,5800.0,-100.0,3,3,3,0.0,2.6666666666666665,14,14.666666666666666,1,0
CustomerId_3581,2650000.0,88333.33333333333,130068.77049265619,480000.0,-5000.0,30,4,3,0.0,2.6666666666666665,31,13.5,1,0
CustomerId_3582,66665.0,966.1594202898551,1352.4167216199694,6000.0,-1000.0,69,5,3,0.0,2.0,0,14.594202898550725,1,0
CustomerId_3583,19000.0,3800.0,6685.805860178712,10000.0,-5000.0,5,3,2,0.0,2.0,46,12.0,0,1
CustomerId_3589,1000.0,1000.0,0.0,1000.0,1000.0,1,1,1,0.0,4.0,58,10.0,0,1
CustomerId_359,24000.0,2400.0,4087.9225911349045,10000.0,-5000.0,10,4,2,0.0,2.0,60,19.9,0,1
CustomerId_3590,464308.2,7611.609836065574,20575.271165630722,100000.0,-5000.0,61,8,6,0.0,2.2131147540983607,0,12.459016393442623,1,0
CustomerId_3592,4000.0,2000.0,0.0,2000.0,2000.0,2,1,1,0.0,2.0,23,10.0,1,0
CustomerId_3593,26000.0,13000.0,0.0,13000.0,13000.0,2,1,1,0.0,2.0,79,18.5,0,1
CustomerId_3595,17770.0,772.6086956521739,3939.925815396787,6124.0,-10000.0,23,7,4,0.0,2.4347826086956523,0,12.869565217391305,1,0
CustomerId_3597,66520.0,2558.4615384615386,3325.9172476869503,10000.0,-1000.0,26,5,4,0.0,2.0,3,13.692307692307692,1,0
CustomerId_3599,31080.0,2072.0,1810.3204136284826,3500.0,-70.0,15,2,2,0.0,2.0,8,10.266666666666667,1,0
CustomerId_3600,354772.0,4794.216216216216,6697.207666479563,11000.0,-5000.0,74,4,3,0.0,2.608108108108108,1,7.797297297297297,1,0
CustomerId_3601,80000.0,8888.888888888889,10373.577546396957,20000.0,-5000.0,9,4,2,0.0,2.0,5,8.0,1,0
CustomerId_3602,269841.34,1237.8043119266056,2502.7460410494496,13000.0,-1000.0,218,5,2,0.0,2.4311926605504586,0,13.325688073394495,1,0
CustomerId_3605,273650.0,3648.6666666666665,5472.628286331929,15000.0,-5000.0,75,5,2,0.0,2.88,0,11.72,1,0
CustomerId_3608,29148.4,1534.1263157894737,2155.014254359174,5500.0,-496.0,19,5,4,0.0,2.0,56,12.210526315789474,0,1
CustomerId_3609,11207.2,933.9333333333334,1578.3446963848107,5000.0,-1000.0,12,6,4,0.0,2.0,46,12.833333333333334,0,1
CustomerId_361,19000.0,3800.0,6685.805860178712,10000.0,-5000.0,5,3,2,0.0,2.0,46,12.0,0,1
CustomerId_3610,74840.0,2414.1935483870966,6410.139766647604,36000.0,-150.0,31,5,3,0.0,1.935483870967742,28,10.870967741935484,1,0
CustomerId_3611,40963.0,1412.5172413793102,4209.498889592184,11000.0,-14000.0,29,6,4,0.0,2.413793103448276,19,11.96551724137931,1,0
CustomerId_3613,364103.15,1542.8099576271188,1997.375715409299,8000.0,-1000.0,236,8,4,0.0,2.0,0,13.61864406779661,1,0
CustomerId_3614,-10.0,-2.5,707.1244586351119,500.0,-1000.0,4,3,2,0.0,2.0,1,4.0,1,0
CustomerId_3615,9780.0,3260.0,6714.372643814164,11000.0,-1000.0,3,2,2,0.0,2.0,50,14.0,0,1
CustomerId_3616,1000.0,1000.0,0.0,1000.0,1000.0,1,1,1,0.0,1.0,5,5.0,1,0
CustomerId_3617,89458.0,7454.833333333333,9691.00653214415,28000.0,-392.0,12,6,4,0.0,2.0,71,12.75,0,1
CustomerId_362,28000.0,3500.0,3927.9220242478627,10000.0,-2000.0,8,3,2,0.0,2.0,48,11.875,0,1
CustomerId_3621,40000.0,4000.0,6164.414002968976,10000.0,-5000.0,10,3,2,0.0,2.0,11,9.8,1,0
CustomerId_3622,9000.0,3000.0,1732.0508075688772,5000.0,2000.0,3,2,2,0.0,3.3333333333333335,11,11.333333333333334,1,0
CustomerId_3623,-510.0,-170.0,762.6925986267338,500.0,-1000.0,3,2,2,0.0,2.6666666666666665,7,13.0,1,0
CustomerId_3624,20000.0,4000.0,6745.368781616021,10000.0,-5000.0,5,3,2,0.0,2.0,32,19.0,1,0
CustomerId_3625,40000.0,5000.0,7704.358692139331,17000.0,-5000.0,8,3,2,0.0,1.625,29,16.75,1,0
CustomerId_3626,50000.0,3571.4285714285716,8741.715073003834,20000.0,-5000.0,14,3,2,0.0,2.7142857142857144,0,16.357142857142858,1,0
CustomerId_3627,1500.0,1500.0,0.0,1500.0,1500.0,1,1,1,0.0,2.0,46,18.0,0,1
CustomerId_3628,19000.0,1117.6470588235295,1005.5814823509127,3000.0,-1000.0,17,3,2,0.0,1.8823529411764706,27,16.0,1,0
CustomerId_3629,22000.0,11000.0,12727.922061357855,20000.0,2000.0,2,1,1,0.0,2.0,55,15.0,0,1
CustomerId_3630,22000.0,11000.0,0.0,11000.0,11000.0,2,2,2,0.0,2.0,65,14.0,0,1
CustomerId_3631,20000.0,4000.0,6745.368781616021,10000.0,-5000.0,5,3,2,0.0,2.0,18,13.0,1,0
CustomerId_3632,6865.0,326.9047619047619,1004.8463019169601,2000.0,-2000.0,21,3,2,0.0,2.4761904761904763,3,16.80952380952381,1,0
CustomerId_3633,500.0,500.0,0.0,500.0,500.0,1,1,1,0.0,2.0,38,22.0,0,1
CustomerId_3634,2628793.0,1260.8119904076739,5388.206927594541,97650.0,-5000.0,2085,5,2,0.0,1.999040767386091,33,14.067625899280575,1,0
CustomerId_3635,349801.96,6360.0356363636365,8861.137664952501,20000.0,-5000.0,55,4,2,0.0,2.0,0,13.709090909090909,1,0
CustomerId_3636,339700.0,6660.78431372549,9004.889303736554,20000.0,-5000.0,51,4,2,0.0,2.0,4,10.666666666666666,1,0
CustomerId_3637,9750.0,696.4285714285714,633.8115121761618,2000.0,-50.0,14,3,2,0.0,3.142857142857143,9,9.785714285714286,1,0
CustomerId_3638,780466.16,2309.0714792899407,3696.508363264668,21000.0,-5000.0,338,9,4,0.0,2.0059171597633134,0,13.538461538461538,1,0
CustomerId_3639,2000.0,2000.0,0.0,2000.0,2000.0,1,1,1,0.0,2.0,37,1.0,0,1
CustomerId_3641,40000.0,4444.444444444444,6463.573143221772,10000.0,-5000.0,9,3,2,0.0,2.0,19,11.777777777777779,1,0
CustomerId_3642,100000.0,10000.0,11566.61863582727,30000.0,-5000.0,10,3,2,0.0,2.0,18,18.5,1,0
CustomerId_3643,20000.0,4000.0,6745.368781616021,10000.0,-5000.0,5,3,2,0.0,2.0,18,19.0,1,0
CustomerId_3645,180075.0,16370.454545454546,37031.69032764677,124850.0,-6242.5,11,4,3,0.0,1.9090909090909092,4,12.090909090909092,1,0
CustomerId_3646,74000.0,24666.666666666668,47961.7903474561,80000.0,-5000.0,3,2,2,0.0,1.6666666666666667,60,11.0,0,1
CustomerId_3647,490.0,245.0,360.62445840513925,500.0,-10.0,2,2,2,0.0,3.0,89,15.0,0,1
CustomerId_3648,157720.0,9277.64705882353,17182.499192278377,50000.0,-5000.0,17,6,3,0.0,1.6470588235294117,6,13.411764705882353,1,0
CustomerId_3649,10000.0,10000.0,0.0,10000.0,10000.0,1,1,1,0.0,2.0,13,11.0,1,0
CustomerId_3650,51740.0,1175.909090909091,2147.032910116828,7000.0,-1000.0,44,4,2,0.0,3.0,1,11.227272727272727,1,0
CustomerId_3651,28654.0,1591.888888888889,1951.7643869643236,5000.0,-496.0,18,4,3,0.0,2.5555555555555554,6,9.88888888888889,1,0
CustomerId_3653,100000.0,100000.0,0.0,100000.0,100000.0,1,1,1,0.0,4.0,38,21.0,0,1
CustomerId_3654,60000.0,4285.714285714285,6169.759644097497,10000.0,-5000.0,14,3,2,0.0,2.0,5,10.285714285714286,1,0
CustomerId_3655,78250.0,2898.1481481481483,3822.5917879376,10000.0,-5000.0,27,4,2,0.0,2.4444444444444446,11,15.148148148148149,1,0
CustomerId_3656,121965.0,1967.1774193548388,5099.360324796111,20000.0,-5000.0,62,9,5,0.0,2.6451612903225805,1,11.096774193548388,1,0
CustomerId_3658,142727.0,3036.744680851064,9445.832795167642,50000.0,-13000.0,47,8,4,0.0,1.872340425531915,55,15.340425531914894,0,1
CustomerId_3659,19000.0,3166.6666666666665,7626.707459098367,10000.0,-5000.0,6,3,2,0.0,1.6666666666666667,46,12.0,0,1
CustomerId_366,6000.0,750.0,1306.8500843085035,3000.0,-1000.0,8,4,2,0.0,2.0,18,15.5,1,0
CustomerId_3660,500.0,500.0,0.0,500.0,500.0,1,1,1,0.0,2.0,42,19.0,0,1
CustomerId_3663,169800.0,15436.363636363636,10479.148126376755,25000.0,-5000.0,11,3,2,0.0,2.0,11,9.636363636363637,1,0
CustomerId_3664,1000000.0,1000000.0,0.0,1000000.0,1000000.0,1,1,1,0.0,2.0,19,16.0,1,0
CustomerId_3665,10000.0,5000.0,0.0,5000.0,5000.0,2,1,1,0.0,2.0,69,18.0,0,1
CustomerId_3666,20000.0,3333.3333333333335,7814.516406449389,11000.0,-5000.0,6,3,2,0.0,1.6666666666666667,32,16.0,1,0
CustomerId_3667,6450.0,1075.0,2159.5346720995244,5000.0,-1000.0,6,4,3,0.0,2.6666666666666665,17,10.166666666666666,1,0
CustomerId_3668,30000.0,5000.0,6511.528238439882,10000.0,-5000.0,6,3,2,0.0,2.0,4,18.0,1,0
CustomerId_3670,79916.0,6147.384615384615,10220.080442756323,33000.0,-1000.0,13,6,5,0.0,2.0,0,10.538461538461538,1,0
CustomerId_3671,10000.0,10000.0,0.0,10000.0,10000.0,1,1,1,0.0,2.0,8,18.0,1,0
CustomerId_3672,100631.0,949.3490566037735,1936.4220763954029,13000.0,-1000.0,106,4,3,0.0,3.018867924528302,2,13.283018867924529,1,0
CustomerId_3673,10000.0,10000.0,0.0,10000.0,10000.0,1,1,1,0.0,2.0,56,11.0,0,1
CustomerId_3678,98041.0,2042.5208333333333,5493.825151697957,28000.0,-1000.0,48,8,4,0.0,2.0416666666666665,19,13.458333333333334,1,0
CustomerId_368,25000.0,12500.0,10606.601717798212,20000.0,5000.0,2,1,1,0.0,2.0,23,9.5,1,0
CustomerId_3680,80000.0,4210.526315789473,5779.193978483131,10180.0,-5000.0,19,4,2,0.0,2.0,11,12.842105263157896,1,0
CustomerId_3681,5000.0,5000.0,0.0,5000.0,5000.0,1,1,1,0.0,2.0,67,20.0,0,1
CustomerId_3682,475.0,237.5,371.23106012293744,500.0,-25.0,2,2,2,0.0,2.0,85,7.0,0,1
CustomerId_3683,11875.0,494.7916666666667,604.6908645470565,2000.0,-100.0,24,3,2,0.0,3.0,6,11.416666666666666,1,0
CustomerId_3684,1980.0,396.0,896.7050797224247,1000.0,-1000.0,5,3,2,0.0,2.0,12,14.2,1,0
CustomerId_3685,20000.0,4000.0,6745.368781616021,10000.0,-5000.0,5,3,2,0.0,2.0,19,7.0,1,0
CustomerId_3686,1370.0,456.6666666666667,433.16663460305125,800.0,-30.0,3,2,2,0.0,3.3333333333333335,89,7.0,0,1
CustomerId_3687,1500.0,1500.0,0.0,1500.0,1500.0,1,1,1,0.0,2.0,26,7.0,1,0
CustomerId_3688,120000.0,4800.0,6278.269400612454,11000.0,-5000.0,25,3,2,0.0,2.0,11,10.28,1,0
CustomerId_3689,40000.0,4444.444444444444,6559.556218051475,11000.0,-5000.0,9,3,2,0.0,2.0,11,16.333333333333332,1,0
CustomerId_369,80000.0,5000.0,8132.240363721016,21000.0,-5000.0,16,3,2,0.0,2.875,0,10.25,1,0
CustomerId_3690,416215.0,10405.375,20076.58801674803,100000.0,-5000.0,40,6,2,0.0,2.1,28,10.375,1,0
CustomerId_3691,10000.0,10000.0,0.0,10000.0,10000.0,1,1,1,0.0,2.0,80,19.0,0,1
CustomerId_3693,980.0,490.0,721.2489168102785,1000.0,-20.0,2,2,2,0.0,3.0,31,10.0,1,0
CustomerId_3694,42840.0,486.8181818181818,498.3975366042733,1500.0,-75.0,88,3,2,0.0,3.0454545454545454,8,15.272727272727273,1,0
CustomerId_3696,10000.0,1428.5714285714287,534.5224838248488,2000.0,1000.0,7,2,2,0.0,1.1428571428571428,59,11.714285714285714,0,1
CustomerId_3697,22010.0,2751.25,3609.572343089968,10000.0,-100.0,8,3,2,0.0,2.0,10,10.0,1,0
CustomerId_3698,20000.0,4000.0,6745.368781616021,10000.0,-5000.0,5,3,2,0.0,2.0,11,14.0,1,0
CustomerId_3700,5000.0,5000.0,0.0,5000.0,5000.0,1,1,1,0.0,2.0,80,18.0,0,1
CustomerId_3701,1062500.0,26562.5,49028.79681031003,240000.0,-5000.0,40,6,4,0.0,1.9,26,11.4,1,0
CustomerId_3703,211975.0,4608.152173913043,5578.1469801255735,20000.0,-5000.0,46,5,3,0.0,2.0434782608695654,0,15.521739130434783,1,0
CustomerId_3706,237590.0,2066.0,7717.821600889585,50000.0,-1000.0,115,6,2,0.0,2.0,24,13.660869565217391,1,0
CustomerId_3707,120000.0,3428.5714285714284,5476.128485826215,10000.0,-5000.0,35,4,2,0.0,2.0,11,9.285714285714286,1,0
CustomerId_3708,20000.0,20000.0,0.0,20000.0,20000.0,1,1,1,0.0,2.0,86,17.0,0,1
CustomerId_3711,93432.0,1153.4814814814815,2157.521373654912,12700.0,-5000.0,81,7,4,0.0,2.0,6,12.666666666666666,1,0
CustomerId_3712,288260.8,7391.302564102564,9863.598138276635,50000.0,-5000.0,39,5,3,0.0,2.051282051282051,5,7.0256410256410255,1,0
CustomerId_3714,26000.0,3714.285714285714,6872.997543873796,14000.0,-5000.0,7,4,3,0.0,2.0,8,14.428571428571429,1,0
CustomerId_3715,33770.0,993.2352941176471,1092.3861027605835,3000.0,-1000.0,34,3,2,0.0,3.1176470588235294,3,12.735294117647058,1,0
CustomerId_3716,67291.0,2803.7916666666665,5767.3763455519265,12000.0,-10000.0,24,7,4,0.0,2.2083333333333335,14,10.958333333333334,1,0
CustomerId_3717,14840.0,3710.0,4965.5211206881395,8000.0,-1000.0,4,3,2,0.0,2.0,9,9.25,1,0
CustomerId_3719,500.0,500.0,0.0,500.0,500.0,1,1,1,0.0,4.0,27,8.0,1,0
CustomerId_3720,36494.0,729.88,733.4466478934391,2000.0,-100.0,50,3,2,0.0,3.16,12,12.96,1,0
CustomerId_3721,28575.0,1190.625,1726.3547374012753,7000.0,-1000.0,24,5,3,0.0,2.0,24,12.416666666666666,1,0
CustomerId_3722,10950.0,2190.0,4444.715963928404,10000.0,-1000.0,5,3,2,0.0,3.2,38,11.4,0,1
CustomerId_3723,107000.0,21400.0,26159.12842584783,50000.0,1000.0,5,2,2,0.0,2.4,15,7.2,1,0
CustomerId_3724,80000.0,80000.0,0.0,80000.0,80000.0,1,1,1,0.0,2.0,62,13.0,0,1
CustomerId_3725,1000.0,1000.0,0.0,1000.0,1000.0,1,1,1,0.0,2.0,59,8.0,0,1
CustomerId_3727,25000.0,5000.0,0.0,5000.0,5000.0,5,1,1,0.0,2.0,59,15.4,0,1
CustomerId_3729,73085.0,936.9871794871794,1038.8625709842188,5000.0,-1000.0,78,7,4,0.0,2.0256410256410255,1,15.833333333333334,1,0
CustomerId_373,1000.0,1000.0,0.0,1000.0,1000.0,1,1,1,0.0,2.0,33,22.0,1,0
CustomerId_3730,449877.0,1757.33203125,3149.477382589143,15000.0,-5000.0,256,7,4,0.0,1.99609375,1,13.38671875,1,0
CustomerId_3732,4000.0,1333.3333333333333,7767.453465154029,10000.0,-5000.0,3,2,2,0.0,2.6666666666666665,11,15.0,1,0
CustomerId_3733,5000.0,5000.0,0.0,5000.0,5000.0,1,1,1,0.0,4.0,63,21.0,0,1
CustomerId_3734,1600.0,800.0,282.842712474619,1000.0,600.0,2,2,2,0.0,3.0,20,21.0,1,0
CustomerId_3735,13930.0,995.0,1512.9111011556495,5000.0,-1000.0,14,5,3,0.0,2.0,80,10.857142857142858,0,1
CustomerId_3736,50000.0,3846.153846153846,8060.667402539258,15000.0,-5000.0,13,3,2,0.0,2.769230769230769,0,13.461538461538462,1,0
CustomerId_3737,273190.0,4077.4626865671644,8756.292695400605,41500.0,-10000.0,67,9,5,0.0,2.298507462686567,1,10.91044776119403,1,0
CustomerId_3738,3000.0,1000.0,1732.0508075688772,2000.0,-1000.0,3,3,2,0.0,2.0,40,8.0,0,1
CustomerId_3739,500.0,500.0,0.0,500.0,500.0,1,1,1,0.0,2.0,84,17.0,0,1
CustomerId_374,20000.0,4000.0,6745.368781616021,10000.0,-5000.0,5,3,2,0.0,2.0,32,13.0,1,0
CustomerId_3741,500.0,500.0,0.0,500.0,500.0,1,1,1,0.0,2.0,72,15.0,0,1
CustomerId_3742,12000.0,12000.0,0.0,12000.0,12000.0,1,1,1,0.0,2.0,43,18.0,0,1
CustomerId_3743,2000.0,1000.0,0.0,1000.0,1000.0,2,2,2,0.0,3.0,64,6.0,0,1
CustomerId_3745,44499.0,1435.4516129032259,2863.3964661884747,10000.0,-5000.0,31,5,3,0.0,2.903225806451613,0,9.258064516129032,1,0
CustomerId_3746,34045.0,1791.842105263158,3610.188210901013,11000.0,-5000.0,19,4,2,0.0,2.210526315789474,1,9.105263157894736,1,0
CustomerId_3749,190000.0,95000.0,0.0,95000.0,95000.0,2,1,1,0.0,2.0,6,7.0,1,0
CustomerId_3752,-14500.0,-7250.0,8131.727983645296,-1500.0,-13000.0,2,1,1,0.0,4.0,81,14.0,0,1
CustomerId_3756,7500.0,3750.0,4596.194077712559,7000.0,500.0,2,2,2,0.0,4.0,40,3.0,0,1
CustomerId_3758,92738.0,1973.1489361702127,5605.46202563304,33000.0,-1000.0,47,5,3,0.0,2.3404255319148937,0,14.46808510638298,1,0
CustomerId_3759,-25.0,-6.25,707.2172579907818,500.0,-1000.0,4,2,2,0.0,3.0,7,11.0,1,0
CustomerId_3760,360403.8,2002.2433333333333,3935.282334381623,20000.0,-1000.0,180,7,3,0.0,1.988888888888889,0,13.63888888888889,1,0
CustomerId_3762,30000.0,30000.0,0.0,30000.0,30000.0,1,1,1,0.0,2.0,30,10.0,1,0
CustomerId_3763,27225.0,972.3214285714286,1750.2833009538435,8000.0,-1000.0,28,6,3,0.0,2.0714285714285716,56,7.392857142857143,0,1
CustomerId_3764,500.0,500.0,0.0,500.0,500.0,1,1,1,0.0,2.0,39,22.0,0,1
CustomerId_3765,106579.5,4633.891304347826,5565.447115005312,20000.0,-1000.0,23,7,3,0.0,2.0,14,10.521739130434783,1,0
CustomerId_3766,190002.0,1472.8837209302326,2828.8020753820942,11000.0,-1000.0,129,5,3,0.0,2.0155038759689923,32,11.224806201550388,1,0
CustomerId_3767,144925.8,1341.9055555555553,2500.352954293376,11000.0,-1000.0,108,7,5,0.0,2.0555555555555554,4,12.12962962962963,1,0
CustomerId_3768,3295000.0,183055.55555555556,185002.5348704626,500000.0,-2000.0,18,4,3,0.3333333333333333,1.2222222222222223,8,11.11111111111111,1,0
CustomerId_3771,80000.0,3809.5238095238096,5784.626587940207,10000.0,-5000.0,21,4,2,0.0,2.0,11,10.19047619047619,1,0
CustomerId_3774,74000.0,4111.111111111111,6047.740354768284,14000.0,-5000.0,18,4,2,0.0,2.0,18,11.277777777777779,1,0
CustomerId_3777,20000.0,4000.0,6745.368781616021,10000.0,-5000.0,5,3,2,0.0,2.0,11,15.0,1,0
CustomerId_3778,46151.0,2097.7727272727275,3467.305334005181,11000.0,-1000.0,22,7,4,0.0,1.4545454545454546,1,15.090909090909092,1,0
CustomerId_3779,11000.0,1222.2222222222222,1578.0191521158558,4000.0,-1000.0,9,6,3,0.0,2.0,17,16.77777777777778,1,0
CustomerId_378,40000.0,5714.285714285715,9516.902257112266,20000.0,-5000.0,7,4,2,0.0,2.0,5,9.0,1,0
CustomerId_3780,2000.0,2000.0,0.0,2000.0,2000.0,1,1,1,0.0,2.0,3,8.0,1,0
CustomerId_3781,249940.0,5433.478260869565,9272.614929611294,50000.0,-5000.0,46,5,2,0.0,2.0,11,12.565217391304348,1,0
CustomerId_3782,40000.0,4444.444444444444,6463.573143221772,10000.0,-5000.0,9,3,2,0.0,2.0,11,18.666666666666668,1,0
CustomerId_3785,20000.0,4000.0,6745.368781616021,10000.0,-5000.0,5,3,2,0.0,2.0,4,18.2,1,0
CustomerId_3786,13000.0,2600.0,2190.8902300206646,5000.0,1000.0,5,3,2,0.0,1.4,9,9.0,1,0
CustomerId_3787,130753.0,5448.041666666667,12065.36904957889,40000.0,-1000.0,24,5,3,0.0,2.0,0,13.708333333333334,1,0
CustomerId_3788,128379.5,1458.8579545454545,2268.311376267842,12000.0,-1000.0,88,4,2,0.0,2.272727272727273,1,15.272727272727273,1,0
CustomerId_379,35075.0,1846.0526315789473,3170.28590497738,10000.0,-5000.0,19,4,2,0.0,2.6315789473684212,0,10.736842105263158,1,0
CustomerId_3790,900.0,180.0,843.0599029724993,1000.0,-1000.0,5,2,2,0.0,2.8,7,7.0,1,0
CustomerId_3793,105000.0,35000.0,25980.76211353316,50000.0,5000.0,3,1,1,0.0,4.0,49,19.0,0,1
CustomerId_3794,162276.0,2704.6,9296.65708681516,50000.0,-5000.0,60,6,4,0.0,2.1666666666666665,0,12.233333333333333,1,0
CustomerId_3795,834542.0,8345.42,27427.285124794384,180000.0,-5000.0,100,5,3,0.0,2.02,0,14.22,1,0
CustomerId_3796,500.0,500.0,0.0,500.0,500.0,1,1,1,0.0,4.0,44,16.0,0,1
CustomerId_3797,19750.0,1161.764705882353,1501.4617265106929,5000.0,-1000.0,17,4,2,0.0,2.0,3,11.0,1,0
CustomerId_3799,121500.0,9346.153846153846,18368.83344983269,50000.0,-1000.0,13,4,2,0.0,1.8461538461538463,1,17.23076923076923,1,0
CustomerId_3802,261000.0,3954.5454545454545,5610.325146704802,10200.0,-5000.0,66,4,2,0.0,2.0,4,11.242424242424242,1,0
CustomerId_3803,125244.0,2664.7659574468084,4331.2625492020525,14000.0,-1000.0,47,5,3,0.0,2.0851063829787235,0,14.27659574468085,1,0
CustomerId_3805,1980.0,396.0,896.7050797224247,1000.0,-1000.0,5,3,2,0.0,2.4,57,14.2,0,1
CustomerId_3806,19800.0,2475.0,2772.5697208804067,5000.0,-1000.0,8,4,2,0.0,2.0,0,5.5,1,0
CustomerId_3807,48000.0,6857.142857142857,4140.393356054125,10000.0,-1000.0,7,3,2,0.0,2.857142857142857,33,6.285714285714286,1,0
CustomerId_3808,122361.0,2845.6046511627906,5542.766049801759,20000.0,-5000.0,43,5,3,0.0,2.0232558139534884,22,15.279069767441861,1,0
CustomerId_3809,88117.6,1798.3183673469389,2766.4022318161324,10000.0,-5000.0,49,6,4,0.0,2.163265306122449,5,15.26530612244898,1,0
CustomerId_381,201387.0,20138.7,14377.801354480067,35000.0,-371.0,10,3,2,0.0,2.0,14,12.5,1,0
CustomerId_3810,6850.0,761.1111111111111,1214.4385991523454,3000.0,-1000.0,9,4,2,0.0,2.0,26,17.77777777777778,1,0
CustomerId_3811,6140.0,472.3076923076923,4370.170007841331,6300.0,-10000.0,13,5,2,0.0,2.4615384615384617,18,15.23076923076923,1,0
CustomerId_3812,20000.0,4000.0,6745.368781616021,10000.0,-5000.0,5,3,2,0.0,2.0,11,17.0,1,0
CustomerId_3814,-1000.0,-1000.0,0.0,-1000.0,-1000.0,1,1,1,0.0,2.0,38,15.0,0,1
CustomerId_3815,50400.61,950.9549056603773,1356.4906780586762,7000.0,-1000.0,53,7,4,0.0,2.0,2,10.641509433962264,1,0
CustomerId_3816,2000.0,1000.0,0.0,1000.0,1000.0,2,1,1,0.0,2.0,87,6.0,0,1
CustomerId_3817,16530.0,1180.7142857142858,1445.5047789385085,5000.0,-100.0,14,5,2,0.0,2.0,2,15.357142857142858,1,0
CustomerId_3818,63060.0,985.3125,1930.389358496577,15000.0,-100.0,64,5,3,0.0,3.15625,0,13.21875,1,0
CustomerId_3819,159000.0,4818.181818181818,6212.158166926296,10000.0,-5000.0,33,3,2,0.0,2.0,5,13.333333333333334,1,0
CustomerId_382,1000.0,1000.0,0.0,1000.0,1000.0,1,1,1,0.0,4.0,62,9.0,0,1
CustomerId_3820,91493.0,1345.485294117647,3690.7279597546653,12824.0,-12000.0,68,10,5,0.0,2.1176470588235294,7,14.5,1,0
CustomerId_3824,42400.0,3261.5384615384614,3767.6890489039524,10000.0,-500.0,13,3,2,0.0,3.076923076923077,38,11.384615384615385,0,1
CustomerId_3825,64908.0,1442.4,2749.1638596621933,16000.0,-622.0,45,6,4,0.0,2.0,12,11.622222222222222,1,0
CustomerId_3826,190000.0,95000.0,0.0,95000.0,95000.0,2,1,1,0.0,2.0,8,6.0,1,0
CustomerId_3827,30780.0,603.5294117647059,936.6623159483078,4500.0,-1000.0,51,5,3,0.0,2.6666666666666665,0,12.0,1,0
CustomerId_3828,10000.0,10000.0,0.0,10000.0,10000.0,1,1,1,0.0,2.0,5,1.0,1,0
CustomerId_3829,16900.0,2816.6666666666665,3206.5038073681853,6000.0,-1000.0,6,4,2,0.0,2.6666666666666665,64,14.0,0,1
CustomerId_383,2000.0,2000.0,0.0,2000.0,2000.0,1,1,1,0.0,2.0,41,18.0,0,1
CustomerId_3830,1940.0,388.0,1145.5653626048581,2000.0,-1000.0,5,3,3,0.0,2.8,45,13.6,0,1
CustomerId_3831,216935.0,2971.7123287671234,5517.810255284075,26000.0,-1000.0,73,6,3,0.0,2.0273972602739727,41,13.219178082191782,0,1
CustomerId_3834,38740.0,1047.027027027027,1245.6053077048855,5000.0,-50.0,37,5,2,0.0,2.0,32,9.432432432432432,1,0
CustomerId_3835,13555.0,753.0555555555555,934.0584105820603,2600.0,-125.0,18,5,3,0.0,2.2222222222222223,18,13.444444444444445,1,0
CustomerId_3836,950.0,237.5,962.0940702446928,1000.0,-1000.0,4,3,2,0.0,2.0,58,6.0,0,1
CustomerId_3838,21230.0,2653.75,3688.8594346452705,10000.0,-250.0,8,5,2,0.0,2.0,46,16.125,0,1
CustomerId_3839,19000.0,3800.0,6685.805860178712,10000.0,-5000.0,5,3,2,0.0,2.0,11,17.0,1,0
CustomerId_384,10000.0,10000.0,0.0,10000.0,10000.0,1,1,1,0.0,2.0,81,10.0,0,1
CustomerId_3840,-50.0,-10.0,612.5255096728625,500.0,-1000.0,5,3,2,0.0,2.8,31,12.4,1,0
CustomerId_3841,1980.0,396.0,896.7050797224247,1000.0,-1000.0,5,3,2,0.0,2.8,23,18.6,1,0
CustomerId_3842,648860.8,24031.881481481483,42910.19976302063,150000.0,-5000.0,27,6,4,0.0,1.9259259259259258,0,17.074074074074073,1,0
CustomerId_3843,20000.0,4000.0,6745.368781616021,10000.0,-5000.0,5,3,2,0.0,2.0,5,9.0,1,0
CustomerId_3844,20000.0,4000.0,6745.368781616021,10000.0,-5000.0,5,3,2,0.0,2.0,4,13.0,1,0
CustomerId_3845,60871.0,1242.265306122449,2660.3940401714162,15000.0,-1000.0,49,7,4,0.0,3.020408163265306,5,12.510204081632653,1,0
CustomerId_3846,5000.0,5000.0,0.0,5000.0,5000.0,1,1,1,0.0,2.0,8,11.0,1,0
CustomerId_3847,29000.0,4833.333333333333,6493.586579592719,10000.0,-5000.0,6,3,2,0.0,2.0,46,19.0,0,1
CustomerId_3848,101000.0,50500.0,70003.57133746821,100000.0,1000.0,2,1,1,0.0,2.0,22,23.0,1,0
CustomerId_3850,20000.0,3333.3333333333335,7814.516406449389,11000.0,-5000.0,6,3,2,0.0,1.6666666666666667,32,17.0,1,0
CustomerId_3855,20000.0,4000.0,6745.368781616021,10000.0,-5000.0,5,3,2,0.0,2.0,4,15.0,1,0
CustomerId_3856,70741.0,3723.2105263157896,6109.1189815712505,16000.0,-644.0,19,6,4,0.0,2.0,10,18.736842105263158,1,0
CustomerId_3858,2000.0,2000.0,0.0,2000.0,2000.0,1,1,1,0.0,2.0,52,18.0,0,1
CustomerId_3859,11310.0,870.0,1335.9952594726276,5000.0,-50.0,13,4,2,0.0,2.0,52,11.076923076923077,0,1
CustomerId_3860,2000.0,1000.0,0.0,1000.0,1000.0,2,1,1,0.0,4.0,68,19.0,0,1
CustomerId_3862,915.0,130.71428571428572,630.293771264827,1000.0,-1000.0,7,3,2,0.0,2.857142857142857,0,11.285714285714286,1,0
CustomerId_3863,1000.0,1000.0,0.0,1000.0,1000.0,1,1,1,0.0,4.0,70,12.0,0,1
CustomerId_3864,50000.0,4545.454545454545,9026.224419585815,21000.0,-5000.0,11,3,2,0.0,2.727272727272727,0,12.454545454545455,1,0
CustomerId_3866,40000.0,5000.0,8880.154438811458,20000.0,-5000.0,8,4,2,0.0,2.0,11,13.0,1,0
CustomerId_3867,870735.0,3189.5054945054944,10814.400430784846,100000.0,-5000.0,273,9,4,0.0,2.0,0,13.336996336996338,1,0
CustomerId_3868,9855.0,447.95454545454544,1093.0349394177108,5000.0,-1000.0,22,5,3,0.0,2.0,17,15.090909090909092,1,0
CustomerId_3869,10000.0,10000.0,0.0,10000.0,10000.0,1,1,1,0.0,4.0,11,15.0,1,0
CustomerId_3870,210400.0,6575.0,8372.420161150461,20000.0,-5000.0,32,4,2,0.0,2.0,5,14.71875,1,0
CustomerId_3871,25000.0,8333.333333333334,2886.751345948129,10000.0,5000.0,3,3,2,0.0,2.0,41,8.333333333333334,0,1
CustomerId_3872,100000.0,9090.90909090909,10212.29205863743,20000.0,-5000.0,11,4,2,0.0,2.0,32,19.0,1,0
CustomerId_3873,391656.0,35605.09090909091,43054.566831997145,100000.0,-5000.0,11,5,4,0.0,2.0,34,12.090909090909092,1,0
CustomerId_3874,58499.6,1360.4558139534884,2274.756581566929,10000.0,-1000.0,43,5,3,0.0,2.0,0,13.883720930232558,1,0
CustomerId_3875,97923.0,6994.5,7909.959571519752,23000.0,-1005.0,14,7,3,0.0,2.0,8,9.0,1,0
CustomerId_3876,474891.0,1246.4330708661416,3409.446665841721,27500.0,-1000.0,381,8,5,0.0,2.0,28,12.217847769028872,1,0
CustomerId_3877,15000.0,7500.0,3535.5339059327375,10000.0,5000.0,2,1,1,0.0,2.0,5,10.0,1,0
CustomerId_3878,128126.0,3559.0555555555557,5608.044053955989,20000.0,-5000.0,36,6,3,0.0,2.0,29,12.25,1,0
CustomerId_3879,30000.0,15000.0,7071.067811865475,20000.0,10000.0,2,1,1,0.0,2.0,34,14.0,1,0
CustomerId_388,294371.0,11774.84,27110.005237427256,100000.0,-5000.0,25,5,3,0.0,2.0,5,10.68,1,0
CustomerId_3880,13890.0,555.6,3345.807177149733,10000.0,-10000.0,25,5,3,0.0,2.4,44,13.48,0,1
CustomerId_3882,406860.0,1518.134328358209,4454.264274723641,50000.0,-5000.0,268,9,5,0.0,2.0522388059701493,0,10.705223880597014,1,0
CustomerId_3883,174400.0,24914.285714285714,41398.97054160601,90000.0,-5000.0,7,4,3,0.0,2.0,45,14.142857142857142,0,1
CustomerId_3885,-50.0,-16.666666666666668,1000.4165798972613,1000.0,-1000.0,3,2,2,0.0,2.6666666666666665,8,16.0,1,0
CustomerId_3888,500.0,500.0,0.0,500.0,500.0,1,1,1,0.0,2.0,20,5.0,1,0
CustomerId_389,99000.0,4950.0,6223.681428729766,10000.0,-5000.0,20,3,2,0.0,3.0,60,12.6,0,1
CustomerId_3890,85477.0,1473.7413793103449,2199.9667346794836,10000.0,-100.0,58,5,3,0.0,2.0,25,12.137931034482758,1,0
CustomerId_3891,19000.0,3166.6666666666665,6104.643041707408,10000.0,-5000.0,6,3,2,0.0,2.0,46,13.0,0,1
CustomerId_3892,20000.0,4000.0,6745.368781616021,10000.0,-5000.0,5,3,2,0.0,2.0,5,9.0,1,0
CustomerId_3893,-510.0,-170.0,762.6925986267338,500.0,-1000.0,3,2,2,0.0,2.6666666666666665,58,18.0,0,1
CustomerId_3894,129220.0,6153.333333333333,13230.546977858978,50000.0,-1000.0,21,4,2,0.0,2.0,0,13.428571428571429,1,0
CustomerId_3897,104000.0,3586.206896551724,7203.755178374036,10000.0,-5000.0,29,3,2,0.0,2.4827586206896552,0,8.827586206896552,1,0
CustomerId_3898,1000.0,1000.0,0.0,1000.0,1000.0,1,1,1,0.0,2.0,84,10.0,0,1
CustomerId_390,41524.0,2306.8888888888887,2515.3881442711518,5000.0,-1000.0,18,5,4,0.0,2.0,6,10.833333333333334,1,0
CustomerId_3900,54960.0,1374.0,1719.0509456808295,5000.0,-1000.0,40,3,2,0.0,3.05,3,11.95,1,0
CustomerId_3904,2000.0,2000.0,0.0,2000.0,2000.0,1,1,1,0.0,4.0,63,23.0,0,1
CustomerId_3905,31000.0,6200.0,7224.956747275377,14000.0,-2000.0,5,3,2,0.0,2.0,78,13.8,0,1
CustomerId_3906,42000.0,4666.666666666667,5598.401557587666,11000.0,-5000.0,9,4,3,0.0,2.0,19,18.0,1,0
CustomerId_3907,1000.0,1000.0,0.0,1000.0,1000.0,1,1,1,0.0,2.0,43,6.0,0,1
CustomerId_3909,54856.0,4986.909090909091,5423.125029990466,12000.0,-1000.0,11,6,4,0.0,2.1818181818181817,2,16.272727272727273,1,0
CustomerId_391,143431.0,6830.047619047619,14709.002007193385,50000.0,-1000.0,21,5,3,0.0,2.0952380952380953,69,15.333333333333334,0,1
CustomerId_3910,284060.0,4438.4375,6042.753818443828,11000.0,-5000.0,64,5,3,0.0,2.0,5,11.359375,1,0
CustomerId_3911,5500.0,2750.0,3181.9805153394636,5000.0,500.0,2,2,2,0.0,3.0,46,20.0,0,1
CustomerId_3912,2578665.74,6067.4488,97013.23184145708,2000000.0,-5000.0,425,8,3,0.0,2.456470588235294,0,11.362352941176471,1,0
CustomerId_3913,85625.0,3171.296296296296,3642.053412935903,12000.0,-5000.0,27,5,3,0.0,2.0,0,14.851851851851851,1,0
CustomerId_3914,132295.0,1837.4305555555557,6109.581484079127,50000.0,-5000.0,72,6,3,0.0,2.4444444444444446,1,12.833333333333334,1,0
CustomerId_3916,50000.0,50000.0,0.0,50000.0,50000.0,1,1,1,0.0,2.0,47,4.0,0,1
CustomerId_3917,941890.0,6495.793103448276,22315.28125115182,185000.0,-5000.0,145,6,3,0.0,1.9586206896551723,25,8.931034482758621,1,0
CustomerId_3919,94539.0,3049.6451612903224,5571.885489062548,12000.0,-5000.0,31,6,5,0.0,2.2580645161290325,3,11.0,1,0
CustomerId_392,40000.0,5714.285714285715,9516.902257112266,20000.0,-5000.0,7,4,2,0.0,2.0,5,7.0,1,0
CustomerId_3923,1455.0,363.75,490.499320420868,1000.0,-25.0,4,3,2,0.0,3.0,64,16.0,0,1
CustomerId_3925,22454.0,2494.8888888888887,3263.9753539374515,10000.0,-496.0,9,5,3,0.0,2.2222222222222223,30,12.11111111111111,1,0
CustomerId_3930,1000.0,1000.0,0.0,1000.0,1000.0,1,1,1,0.0,4.0,36,12.0,0,1
CustomerId_3931,11375.0,1421.875,2107.3611418413448,5000.0,-1000.0,8,4,2,0.0,2.0,20,15.25,1,0
CustomerId_3933,1500.0,500.0,0.0,500.0,500.0,3,2,2,0.0,2.6666666666666665,18,12.666666666666666,1,0
CustomerId_3934,1000.0,1000.0,0.0,1000.0,1000.0,1,1,1,0.0,4.0,41,18.0,0,1
CustomerId_3935,489251.6,15289.1125,34603.0176178764,98000.0,-5000.0,32,6,4,0.0,2.0,1,14.125,1,0
CustomerId_3940,5000.0,5000.0,0.0,5000.0,5000.0,1,1,1,0.0,2.0,48,6.0,0,1
CustomerId_3941,210000.0,70000.0,112583.30249197703,200000.0,5000.0,3,2,2,0.0,1.6666666666666667,36,13.333333333333334,0,1
CustomerId_3942,40000.0,5000.0,8982.363672378064,20000.0,-5000.0,8,4,2,0.0,2.0,88,11.0,0,1
CustomerId_3943,1000.0,1000.0,0.0,1000.0,1000.0,1,1,1,0.0,2.0,72,17.0,0,1
CustomerId_3944,847437.0,1754.527950310559,5950.263410671401,50000.0,-5000.0,483,9,4,0.0,2.0,7,12.803312629399587,1,0
CustomerId_3946,2000.0,2000.0,0.0,2000.0,2000.0,1,1,1,0.0,2.0,18,21.0,1,0
CustomerId_3947,19000.0,3166.6666666666665,7626.707459098367,10000.0,-5000.0,6,3,2,0.0,1.6666666666666667,46,19.0,0,1
CustomerId_3948,-525.0,-175.0,761.1668673819164,500.0,-1000.0,3,2,2,0.0,2.6666666666666665,75,7.0,0,1
CustomerId_3949,1000.0,500.0,0.0,500.0,500.0,2,2,2,0.0,4.0,88,7.0,0,1
CustomerId_395,960.0,320.0,1532.0574401764445,2000.0,-1000.0,3,2,2,0.0,2.6666666666666665,9,11.0,1,0
CustomerId_3951,1048837.0,12948.604938271605,25210.530785605748,100000.0,-5000.0,81,7,4,0.0,2.0,0,9.382716049382717,1,0
CustomerId_3952,169570.0,3686.304347826087,5275.593429998879,20000.0,-5000.0,46,5,3,0.0,2.4347826086956523,0,10.23913043478261,1,0
CustomerId_3953,2000.0,2000.0,0.0,2000.0,2000.0,1,1,1,0.0,2.0,55,5.0,0,1
CustomerId_3954,20000.0,4000.0,6558.963332722634,10000.0,-5000.0,5,3,2,0.0,2.0,88,11.2,0,1
CustomerId_3955,1000.0,1000.0,0.0,1000.0,1000.0,1,1,1,0.0,2.0,33,17.0,1,0
CustomerId_3956,2000000.0,2000000.0,0.0,2000000.0,2000000.0,1,1,1,1.0,2.0,35,10.0,1,0
CustomerId_3957,348704.0,6226.857142857143,12648.849543702416,59000.0,-1629.0,56,7,3,0.0,2.0714285714285716,0,12.482142857142858,1,0
CustomerId_396,70000.0,4375.0,8429.116205154607,20000.0,-5000.0,16,3,2,0.0,2.875,1,15.75,1,0
CustomerId_3960,24000.0,4000.0,6000.0,10000.0,-5000.0,6,3,2,0.0,2.0,57,14.333333333333334,0,1
CustomerId_3961,20000.0,20000.0,0.0,20000.0,20000.0,1,1,1,0.0,2.0,0,19.0,1,0
CustomerId_3964,50277.5,2394.1666666666665,4000.7004990792966,11000.0,-5000.0,21,6,4,0.0,2.0,12,9.285714285714286,1,0
CustomerId_3967,20844.75,1042.2375,5236.985899573869,20000.0,-10000.0,20,7,2,0.0,2.4,42,12.3,0,1
CustomerId_3968,13190.0,1648.75,2452.2027269958153,6000.0,-1000.0,8,4,2,0.0,2.25,40,15.125,0,1
CustomerId_3969,20000.0,4000.0,6745.368781616021,10000.0,-5000.0,5,3,2,0.0,2.0,25,13.2,1,0
CustomerId_397,3900.0,300.0,526.9803917920792,1000.0,-1000.0,13,3,2,0.0,2.1538461538461537,40,12.461538461538462,0,1
CustomerId_3970,113650.0,1993.859649122807,2746.8382827131354,10000.0,-200.0,57,6,3,0.0,2.0,2,11.140350877192983,1,0
CustomerId_3971,54800.0,4981.818181818182,6511.80745750643,11000.0,-5000.0,11,3,2,0.0,2.0,11,12.090909090909092,1,0
CustomerId_3973,20000.0,4000.0,6745.368781616021,10000.0,-5000.0,5,3,2,0.0,2.0,25,13.0,1,0
CustomerId_3975,7550.0,1510.0,3700.0675669506363,8000.0,-1000.0,5,2,2,0.0,2.8,40,20.6,0,1
CustomerId_3977,20000.0,3333.3333333333335,6088.2400303098,10000.0,-5000.0,6,3,2,0.0,2.0,11,10.166666666666666,1,0
CustomerId_3982,159000.0,4818.181818181818,6212.158166926296,10000.0,-5000.0,33,3,2,0.0,2.0,4,13.06060606060606,1,0
CustomerId_3984,240188.0,7505.875,8203.981801736629,33000.0,-1000.0,32,4,3,0.0,2.25,7,9.5625,1,0
CustomerId_3985,20000.0,4000.0,6745.368781616021,10000.0,-5000.0,5,3,2,0.0,2.0,4,13.0,1,0
CustomerId_3987,20000.0,4000.0,6745.368781616021,10000.0,-5000.0,5,3,2,0.0,2.0,5,8.0,1,0
CustomerId_3988,31925.0,1773.611111111111,4613.785865895801,20000.0,-1000.0,18,6,3,0.0,2.4444444444444446,25,11.222222222222221,1,0
CustomerId_3989,110050.5,956.9608695652174,1400.616023848933,7000.0,-350.0,115,6,3,0.0,2.5739130434782607,0,13.565217391304348,1,0
CustomerId_399,20000.0,3333.3333333333335,6088.2400303098,10000.0,-5000.0,6,3,2,0.0,2.0,19,5.0,1,0
CustomerId_3990,7653.0,1093.2857142857142,1926.967108721692,5000.0,-1000.0,7,3,2,0.0,2.142857142857143,43,11.142857142857142,0,1
CustomerId_3993,60000.0,4285.714285714285,6244.118111391791,11000.0,-5000.0,14,3,2,0.0,2.0,11,15.785714285714286,1,0
CustomerId_3994,3000.0,1000.0,0.0,1000.0,1000.0,3,1,1,0.0,2.0,76,14.0,0,1
CustomerId_3995,10000.0,10000.0,0.0,10000.0,10000.0,1,1,1,0.0,2.0,65,7.0,0,1
CustomerId_3998,1900.0,475.0,606.2177826491071,1000.0,-50.0,4,2,2,0.0,3.0,85,11.75,0,1
CustomerId_4,-10000.0,-10000.0,0.0,-10000.0,-10000.0,1,1,1,0.0,4.0,83,16.0,0,1
CustomerId_400,2000.0,1000.0,0.0,1000.0,1000.0,2,1,1,0.0,2.0,86,19.0,0,1
CustomerId_4000,184450.0,4729.48717948718,10015.3989196421,50000.0,-5000.0,39,7,4,0.0,1.5384615384615385,2,16.71794871794872,1,0
CustomerId_4001,14930.0,1658.888888888889,3292.690558055997,10000.0,-1000.0,9,4,3,0.0,2.0,44,10.88888888888889,0,1
CustomerId_4002,14910.0,1863.75,2623.9443455552614,6000.0,-300.0,8,3,2,0.0,3.25,10,10.875,1,0
CustomerId_4003,20000.0,3333.3333333333335,6088.2400303098,10000.0,-5000.0,6,3,2,0.0,2.0,4,12.0,1,0
CustomerId_4005,1000.0,500.0,0.0,500.0,500.0,2,1,1,0.0,2.0,83,9.5,0,1
CustomerId_4006,50000.0,50000.0,0.0,50000.0,50000.0,1,1,1,0.0,2.0,85,10.0,0,1
CustomerId_4007,251233.0,6790.081081081081,8518.77346537366,20000.0,-5000.0,37,5,3,0.0,2.0,4,10.864864864864865,1,0
CustomerId_4008,60000.0,2400.0,5471.517157059822,10000.0,-5000.0,25,6,4,0.0,1.88,47,14.4,0,1
CustomerId_4009,2000.0,2000.0,0.0,2000.0,2000.0,1,1,1,0.0,2.0,69,7.0,0,1
CustomerId_401,25378.4,906.3714285714286,813.8876138892446,2880.0,-59.0,28,6,3,0.0,2.0,8,15.142857142857142,1,0
CustomerId_4011,351840.0,6172.631578947368,20570.709936904725,150000.0,-1000.0,57,7,5,0.0,2.4210526315789473,2,9.964912280701755,1,0
CustomerId_4012,1000.0,1000.0,0.0,1000.0,1000.0,1,1,1,0.0,2.0,86,10.0,0,1
CustomerId_4013,14000.0,3500.0,7681.145747868608,10000.0,-5000.0,4,3,2,0.0,2.0,68,6.0,0,1
CustomerId_4014,284286.0,1920.8513513513512,5091.28306585529,29000.0,-1000.0,148,6,3,0.0,2.0135135135135136,13,12.567567567567568,1,0
CustomerId_4015,19000.0,3800.0,6685.805860178712,10000.0,-5000.0,5,3,2,0.0,2.0,46,11.2,0,1
CustomerId_4016,19000.0,3800.0,6685.805860178712,10000.0,-5000.0,5,3,2,0.0,2.0,4,16.0,1,0
CustomerId_4017,36560.0,3046.6666666666665,5982.692208413037,20000.0,-2000.0,12,5,3,0.0,2.0,52,17.333333333333332,0,1
CustomerId_4019,28912.0,1314.1818181818182,1556.2674404871248,5800.0,-1000.0,22,4,3,0.0,2.090909090909091,15,12.090909090909092,1,0
CustomerId_402,726000.0,55846.153846153844,72637.91038872901,180000.0,500.0,13,5,4,0.0,2.769230769230769,53,15.461538461538462,0,1
CustomerId_4020,26608.0,8869.333333333334,16570.43214081435,28000.0,-1000.0,3,2,2,0.0,2.0,9,19.0,1,0
CustomerId_4022,-510.0,-170.0,762.6925986267338,500.0,-1000.0,3,2,2,0.0,2.6666666666666665,23,16.0,1,0
CustomerId_4023,1000.0,1000.0,0.0,1000.0,1000.0,1,1,1,0.0,4.0,68,9.0,0,1
CustomerId_4025,-5500.0,-1375.0,249.99999999999997,-1000.0,-1500.0,4,1,1,0.0,4.0,69,12.25,0,1
CustomerId_4026,200000.0,200000.0,0.0,200000.0,200000.0,1,1,1,0.0,2.0,19,17.0,1,0
CustomerId_4027,1950.0,390.0,900.2777349240622,1000.0,-1000.0,5,3,2,0.0,2.4,62,7.4,0,1
CustomerId_4029,63400.0,2536.0,3892.0463769076546,10250.0,-5000.0,25,5,3,0.0,2.0,4,13.52,1,0
CustomerId_403,102250.0,1573.076923076923,3779.673193163052,19000.0,-1000.0,65,5,2,0.0,2.0307692307692307,0,12.276923076923078,1,0
CustomerId_4030,6000.0,3000.0,2828.42712474619,5000.0,1000.0,2,2,2,0.0,3.0,72,8.5,0,1
CustomerId_4031,23500.0,2350.0,4927.5303708405045,11000.0,-5000.0,10,4,3,0.0,2.0,15,13.0,1,0
CustomerId_4033,1768355.5,2272.9505141388177,10382.687289481062,200000.0,-5000.0,778,12,5,0.0,1.9974293059125965,11,11.303341902313624,1,0
CustomerId_4034,4940.0,548.8888888888889,921.2687507514358,2000.0,-1000.0,9,4,3,0.0,2.2222222222222223,78,11.777777777777779,0,1
CustomerId_4035,40000.0,4444.444444444444,6463.573143221772,10000.0,-5000.0,9,3,2,0.0,2.2222222222222223,5,12.666666666666666,1,0
CustomerId_4036,90000.0,5000.0,6650.9618941659155,15000.0,-5000.0,18,3,2,0.0,2.0,4,9.555555555555555,1,0
CustomerId_4038,46302.0,1852.08,3092.67761440902,6000.0,-10000.0,25,6,4,0.0,1.72,4,15.08,1,0
CustomerId_4039,219000.0,5918.918918918919,5903.757646986735,10000.0,-5000.0,37,3,2,0.0,2.0,4,12.405405405405405,1,0
CustomerId_404,20000.0,4000.0,6745.368781616021,10000.0,-5000.0,5,3,2,0.0,2.0,4,12.0,1,0
CustomerId_4040,29000.0,4142.857142857143,7425.823667638301,10000.0,-5000.0,7,3,2,0.0,2.857142857142857,53,11.0,0,1
CustomerId_4041,5940.0,742.5,1286.7872507028615,3000.0,-1000.0,8,3,2,0.0,2.0,89,11.375,0,1
CustomerId_4042,74000.0,24666.666666666668,47961.7903474561,80000.0,-5000.0,3,2,2,0.0,2.6666666666666665,60,11.0,0,1
CustomerId_4043,132036.0,1389.8526315789475,4090.5665761874266,18500.0,-5000.0,95,6,3,0.0,2.210526315789474,0,12.926315789473684,1,0
CustomerId_4044,80000.0,4705.882352941177,6302.427170169769,10000.0,-5000.0,17,3,2,0.0,2.0,4,15.235294117647058,1,0
CustomerId_4045,1000.0,1000.0,0.0,1000.0,1000.0,1,1,1,0.0,2.0,60,17.0,0,1
CustomerId_4046,1980.0,396.0,896.7050797224247,1000.0,-1000.0,5,3,2,0.0,2.0,18,10.2,1,0
CustomerId_4048,40000.0,4444.444444444444,6463.573143221772,10000.0,-5000.0,9,3,2,0.0,2.0,4,13.777777777777779,1,0
CustomerId_4049,14925.0,995.0,1587.2595430939634,4000.0,-1000.0,15,4,2,0.0,2.0,63,13.466666666666667,0,1
CustomerId_405,1000.0,1000.0,0.0,1000.0,1000.0,1,1,1,0.0,4.0,24,21.0,1,0
CustomerId_4050,5000.0,5000.0,0.0,5000.0,5000.0,1,1,1,0.0,2.0,54,10.0,0,1
CustomerId_4051,35910.0,1710.0,2655.7691917785323,10000.0,-1000.0,21,4,2,0.0,1.9523809523809523,0,14.380952380952381,1,0
CustomerId_4053,19000.0,3166.6666666666665,7626.707459098367,10000.0,-5000.0,6,3,2,0.0,1.6666666666666667,53,18.0,0,1
CustomerId_4055,210750.0,4484.04255319149,11600.450264794723,50000.0,-5000.0,47,5,2,0.0,2.595744680851064,1,11.595744680851064,1,0
CustomerId_4056,40000.0,4444.444444444444,6463.573143221772,10000.0,-5000.0,9,3,2,0.0,2.0,11,18.555555555555557,1,0
CustomerId_4058,980.0,245.0,959.218431849597,1000.0,-1000.0,4,3,2,0.0,2.0,22,16.25,1,0
CustomerId_4059,12595.0,1259.5,814.972562592004,2100.0,-105.0,10,3,2,0.0,3.0,22,14.3,1,0
CustomerId_4061,70000.0,5000.0,6275.716324421889,10000.0,-5000.0,14,3,2,0.0,2.0,11,13.857142857142858,1,0
CustomerId_4064,2000.0,666.6666666666666,3785.9388972001825,5000.0,-2000.0,3,2,2,0.0,2.0,60,21.0,0,1
CustomerId_4065,50000.0,5000.0,6429.100507328637,11000.0,-5000.0,10,3,2,0.0,2.0,33,12.4,1,0
CustomerId_4066,2000.0,1000.0,0.0,1000.0,1000.0,2,2,2,0.0,2.0,36,12.0,0,1
CustomerId_4067,50000.0,5000.0,6342.099196813483,10000.0,-5000.0,10,3,2,0.0,2.0,11,15.6,1,0
CustomerId_4068,1000.0,1000.0,0.0,1000.0,1000.0,1,1,1,0.0,2.0,86,6.0,0,1
CustomerId_4069,26274.0,1194.2727272727273,5597.746963282198,11936.0,-12000.0,22,7,3,0.0,2.0,42,9.045454545454545,0,1
CustomerId_407,10000.0,10000.0,0.0,10000.0,10000.0,1,1,1,0.0,4.0,11,16.0,1,0
CustomerId_4070,6890.0,1148.3333333333333,1954.1792821199049,4000.0,-1000.0,6,4,2,0.0,2.0,44,11.333333333333334,0,1
CustomerId_4071,-50.0,-16.666666666666668,1000.4165798972613,1000.0,-1000.0,3,2,2,0.0,2.6666666666666665,8,13.0,1,0
CustomerId_4072,500.0,500.0,0.0,500.0,500.0,1,1,1,0.0,2.0,30,15.0,1,0
CustomerId_4073,15480.0,774.0,1299.268620173835,5000.0,-1000.0,20,5,2,0.0,2.6,1,14.15,1,0
CustomerId_4074,500.0,500.0,0.0,500.0,500.0,1,1,1,0.0,2.0,83,14.0,0,1
CustomerId_4075,576000.0,192000.0,267005.61791842506,500000.0,26000.0,3,3,3,0.3333333333333333,2.6666666666666665,43,6.0,0,1
CustomerId_4077,20000.0,3333.3333333333335,6088.2400303098,10000.0,-5000.0,6,3,2,0.0,2.0,4,9.833333333333334,1,0
CustomerId_4079,1000.0,1000.0,0.0,1000.0,1000.0,1,1,1,0.0,4.0,75,8.0,0,1
CustomerId_408,-14000.0,-4666.666666666667,5507.570547286102,-1000.0,-11000.0,3,3,2,0.0,3.3333333333333335,29,6.0,1,0
CustomerId_4085,86163.0,5068.411764705882,7231.318094396964,21000.0,-1005.0,17,6,4,0.0,2.0,36,11.647058823529411,1,0
CustomerId_4086,80000.0,5000.0,6985.699678629192,16000.0,-5000.0,16,3,2,0.0,2.0,32,13.125,1,0
CustomerId_4087,74000.0,24666.666666666668,47961.7903474561,80000.0,-5000.0,3,2,2,0.0,1.6666666666666667,61,8.0,0,1
CustomerId_4089,108499.0,1095.949494949495,2400.8627971820047,10000.0,-7000.0,99,6,3,0.0,2.6464646464646466,3,13.181818181818182,1,0
CustomerId_4090,80000.0,4705.882352941177,6302.427170169769,10000.0,-5000.0,17,3,2,0.0,2.0,11,11.588235294117647,1,0
CustomerId_4092,20000.0,4000.0,6745.368781616021,10000.0,-5000.0,5,3,2,0.0,2.0,11,19.0,1,0
CustomerId_4095,62060.0,4432.857142857143,8773.752314165797,25000.0,-1250.0,14,4,2,0.0,2.0,36,13.142857142857142,0,1
CustomerId_4097,96529.0,1440.7313432835822,2494.0100518745303,10000.0,-496.0,67,7,3,0.0,2.029850746268657,40,11.164179104477611,0,1
CustomerId_4098,475.0,237.5,371.23106012293744,500.0,-25.0,2,2,2,0.0,2.0,76,11.0,0,1
CustomerId_4101,5000.0,5000.0,0.0,5000.0,5000.0,1,1,1,0.0,2.0,15,20.0,1,0
CustomerId_4102,12280.0,2456.0,7986.496603642927,16000.0,-5000.0,5,3,3,0.0,2.0,82,15.0,0,1
CustomerId_4103,2000.0,1000.0,0.0,1000.0,1000.0,2,1,1,0.0,4.0,89,9.0,0,1
CustomerId_4104,10000.0,10000.0,0.0,10000.0,10000.0,1,1,1,0.0,2.0,14,10.0,1,0
CustomerId_4106,20000.0,4000.0,6745.368781616021,10000.0,-5000.0,5,3,2,0.0,2.0,32,13.0,1,0
CustomerId_4107,2400.0,1200.0,282.842712474619,1400.0,1000.0,2,2,1,0.0,4.0,39,13.0,0,1
CustomerId_4108,4000.0,2000.0,0.0,2000.0,2000.0,2,1,1,0.0,1.0,85,3.0,0,1
CustomerId_4109,59015.5,1439.4024390243903,2411.975101497506,12000.0,-1000.0,41,4,2,0.0,2.292682926829268,1,9.341463414634147,1,0
CustomerId_411,81500.0,13583.333333333334,1772.4747294860558,14500.0,10000.0,6,1,1,0.0,2.0,51,8.333333333333334,0,1
CustomerId_4112,2021000.0,404200.0,543900.9100930059,1000000.0,1000.0,5,1,1,0.0,0.0,64,11.0,0,1
CustomerId_4113,122958.0,3152.769230769231,6959.2988548134135,28606.0,-13000.0,39,8,5,0.0,2.0,15,10.179487179487179,1,0
CustomerId_4115,56660.0,1089.6153846153845,1875.7191682632144,12000.0,-600.0,52,4,2,0.0,3.1538461538461537,39,12.153846153846153,0,1
CustomerId_4117,5000.0,5000.0,0.0,5000.0,5000.0,1,1,1,0.0,2.0,34,7.0,1,0
CustomerId_4118,19000.0,3800.0,6685.805860178712,10000.0,-5000.0,5,3,2,0.0,2.0,46,10.0,0,1
CustomerId_4119,7400.0,740.0,1625.4025142509572,5000.0,-1000.0,10,4,3,0.0,2.8,44,13.4,0,1
CustomerId_412,14470.0,1607.7777777777778,1704.8150763189667,5000.0,-150.0,9,4,2,0.0,2.0,31,6.444444444444445,1,0
CustomerId_4120,70000.0,3181.818181818182,6099.776448958824,11000.0,-5000.0,22,3,2,0.0,2.6363636363636362,0,13.409090909090908,1,0
CustomerId_4123,11555.0,1650.7142857142858,1990.834055890957,5000.0,-170.0,7,3,2,0.0,2.5714285714285716,81,12.428571428571429,0,1
CustomerId_4124,137110.0,3808.6111111111113,11323.66955989035,50000.0,-13000.0,36,6,3,0.0,2.0555555555555554,31,11.61111111111111,1,0
CustomerId_4125,401455.0,6690.916666666667,28949.71451941538,200000.0,-5000.0,60,7,4,0.0,2.033333333333333,24,12.983333333333333,1,0
CustomerId_4127,20800.0,3466.6666666666665,5982.195806446549,10000.0,-5000.0,6,3,2,0.0,2.6666666666666665,67,9.666666666666666,0,1
CustomerId_4128,800000.0,800000.0,0.0,800000.0,800000.0,1,1,1,1.0,2.0,48,19.0,0,1
CustomerId_4130,1900.0,380.0,1094.074951728628,2000.0,-1000.0,5,3,2,0.0,2.8,15,9.6,1,0
CustomerId_4131,127408.5,7078.25,11618.757317182772,28000.0,-5000.0,18,5,3,0.0,2.0,8,11.944444444444445,1,0
CustomerId_4132,180142.0,2251.775,4405.473037360618,18000.0,-1000.0,80,8,4,0.0,2.025,0,13.7,1,0
CustomerId_4133,20000.0,10000.0,0.0,10000.0,10000.0,2,1,1,0.0,2.0,87,17.0,0,1
CustomerId_4134,700000.0,700000.0,0.0,700000.0,700000.0,1,1,1,1.0,0.0,88,9.0,0,1
CustomerId_4135,69466.0,1177.3898305084747,1646.455252090435,6000.0,-1000.0,59,7,4,0.0,2.0,53,12.152542372881356,0,1
CustomerId_4136,8490.0,943.3333333333334,1254.1506089780446,2500.0,-1000.0,9,4,2,0.0,2.0,0,19.88888888888889,1,0
CustomerId_4137,20000.0,2500.0,6803.36051416609,11000.0,-5000.0,8,3,2,0.0,1.75,32,16.0,1,0
CustomerId_4138,2000.0,2000.0,0.0,2000.0,2000.0,1,1,1,0.0,4.0,54,11.0,0,1
CustomerId_4139,5980.0,1993.3333333333333,2653.324958110735,5000.0,-20.0,3,3,3,0.0,3.3333333333333335,17,10.333333333333334,1,0
CustomerId_414,26717.0,1406.157894736842,2671.2538933192213,10000.0,-1000.0,19,6,4,0.0,2.1052631578947367,61,12.105263157894736,0,1
CustomerId_4141,25504.0,4250.666666666667,8852.536510326669,20000.0,-5000.0,6,4,3,0.0,2.0,13,11.5,1,0
CustomerId_4142,600.0,300.0,282.842712474619,500.0,100.0,2,2,1,0.0,4.0,22,5.0,1,0
CustomerId_4143,1500.0,750.0,353.5533905932738,1000.0,500.0,2,2,1,0.0,4.0,71,10.0,0,1
CustomerId_4144,75000.0,37500.0,17677.66952966369,50000.0,25000.0,2,1,1,0.0,2.0,6,23.0,1,0
CustomerId_4145,80000.0,3636.3636363636365,8109.638325241993,20000.0,-5000.0,22,3,2,0.0,2.5454545454545454,0,11.590909090909092,1,0
CustomerId_4146,662090.0,9881.940298507463,26637.929737944247,150000.0,-1610.0,67,7,4,0.0,2.0,1,12.970149253731343,1,0
CustomerId_4148,11000.0,5500.0,707.1067811865476,6000.0,5000.0,2,1,1,0.0,2.5,39,9.0,0,1
CustomerId_4149,35970.0,3270.0,3533.8222932117,10000.0,-2000.0,11,4,3,0.0,2.0,61,10.272727272727273,0,1
CustomerId_415,473750.0,11279.761904761905,17366.35428948119,50000.0,-5000.0,42,8,4,0.0,2.1904761904761907,6,12.0,1,0
CustomerId_4150,26000.0,4333.333333333333,6088.2400303098,10000.0,-5000.0,6,4,2,0.0,2.0,5,8.0,1,0
CustomerId_4151,30000.0,1363.6363636363637,4152.399817265221,10000.0,-5000.0,22,5,2,0.0,2.272727272727273,29,8.363636363636363,1,0
CustomerId_4152,153066.3,654.1294871794871,2944.7281654180924,11400.0,-5000.0,234,7,2,0.0,2.7094017094017095,5,8.35897435897436,1,0
CustomerId_4153,49000.0,4454.545454545455,7559.247798076689,16000.0,-11000.0,11,5,3,0.0,2.0,7,12.454545454545455,1,0
CustomerId_4154,-10.0,-2.5,707.1244586351119,500.0,-1000.0,4,2,2,0.0,3.0,18,17.75,1,0
CustomerId_4155,11415.0,878.0769230769231,840.0583770923762,2300.0,-90.0,13,4,2,0.0,2.0,46,14.076923076923077,0,1
CustomerId_4156,171630.0,3991.3953488372094,10607.33990741347,50000.0,-5000.0,43,4,2,0.0,2.0,2,10.488372093023257,1,0
CustomerId_4157,71578.0,3767.2631578947367,4848.102272964424,15000.0,-5000.0,19,5,4,0.0,3.1578947368421053,19,11.157894736842104,1,0
CustomerId_4158,-10.0,-2.5,707.1244586351119,500.0,-1000.0,4,3,2,0.0,2.0,45,19.0,0,1
CustomerId_4159,40000.0,4000.0,6164.414002968976,10000.0,-5000.0,10,3,2,0.0,2.0,11,8.9,1,0
CustomerId_416,1000.0,1000.0,0.0,1000.0,1000.0,1,1,1,0.0,2.0,4,16.0,1,0
CustomerId_4160,110200.0,13775.0,34916.86043814854,100000.0,-1000.0,8,6,4,0.0,2.75,26,15.625,1,0
CustomerId_4161,3960.0,360.0,598.7820972607648,1000.0,-1000.0,11,3,2,0.0,2.1818181818181817,7,18.181818181818183,1,0
CustomerId_4163,57000.0,9500.0,9628.083921528727,20000.0,-2000.0,6,3,2,0.0,2.0,52,12.0,0,1
CustomerId_4164,57508.0,7188.5,9507.646591785251,28000.0,-1000.0,8,5,4,0.0,1.875,24,16.875,1,0
CustomerId_4165,21350.0,1940.909090909091,2931.5403955785923,10000.0,-100.0,11,4,2,0.0,2.0,34,7.545454545454546,1,0
CustomerId_4167,515700.0,32231.25,23666.98033829693,50000.0,-5000.0,16,3,3,0.0,3.5,56,16.4375,0,1
CustomerId_4168,54450.0,3630.0,3957.082258432342,10000.0,-1000.0,15,5,2,0.0,2.0,25,15.866666666666667,1,0
CustomerId_4169,7990.0,1598.0,2045.2432618150829,5000.0,-10.0,5,3,2,0.0,2.0,9,8.0,1,0
CustomerId_4170,2000.0,666.6666666666666,288.6751345948129,1000.0,500.0,3,2,2,0.0,1.0,62,8.0,0,1
CustomerId_4171,15000.0,5000.0,8660.254037844386,10000.0,-5000.0,3,2,2,0.0,2.0,88,17.0,0,1
CustomerId_4173,53079.0,1516.5428571428572,5007.305435666016,30000.0,-496.0,35,5,3,0.0,2.0,2,12.142857142857142,1,0
CustomerId_4174,54130.0,1546.5714285714287,3201.8181350207733,15000.0,-1000.0,35,5,3,0.0,2.0,25,15.114285714285714,1,0
CustomerId_4175,500.0,500.0,0.0,500.0,500.0,1,1,1,0.0,4.0,0,11.0,1,0
CustomerId_4176,20200.0,4040.0,6789.918998044086,10100.0,-5000.0,5,3,2,0.0,2.0,46,14.0,0,1
CustomerId_4177,500.0,500.0,0.0,500.0,500.0,1,1,1,0.0,4.0,30,10.0,1,0
CustomerId_4179,23750.0,2638.8888888888887,4291.690938442692,10000.0,-1000.0,9,4,2,0.0,2.7777777777777777,10,8.88888888888889,1,0
CustomerId_4180,1000.0,1000.0,0.0,1000.0,1000.0,1,1,1,0.0,0.0,72,7.0,0,1
CustomerId_4181,57440.0,1196.6666666666667,2800.7533814218805,6850.0,-5000.0,48,6,3,0.0,2.9166666666666665,4,13.270833333333334,1,0
CustomerId_4182,19758.0,1234.875,1529.94273857989,5000.0,-496.0,16,4,3,0.0,2.625,9,11.6875,1,0
CustomerId_4183,215594.25,3593.2375,11968.481799440042,70000.0,-5000.0,60,9,6,0.0,2.0,33,13.25,1,0
CustomerId_4184,42570.0,946.0,1353.8638309399037,5000.0,-250.0,45,4,2,0.0,2.977777777777778,56,14.133333333333333,0,1
CustomerId_4185,3930.0,561.4285714285714,982.8941715062473,2000.0,-1000.0,7,4,2,0.0,2.0,29,11.428571428571429,1,0
CustomerId_4186,10000.0,2000.0,5744.562646538028,10000.0,-5000.0,5,3,2,0.0,1.8,11,16.0,1,0
CustomerId_4187,61775.0,1314.3617021276596,4387.031235582857,30000.0,-1000.0,47,5,2,0.0,2.0,13,11.914893617021276,1,0
CustomerId_4188,578670.0,8636.865671641792,12727.71956638228,30000.0,-5000.0,67,7,4,0.0,2.3582089552238807,2,11.298507462686567,1,0
CustomerId_4189,126039.0,5251.625,8499.47909305393,30000.0,-1005.0,24,7,3,0.0,2.25,5,9.916666666666666,1,0
CustomerId_4190,23750.0,5937.5,7848.500387547505,15000.0,-750.0,4,2,2,0.0,3.0,55,6.5,0,1
CustomerId_4191,55695.0,3094.1666666666665,3741.7981875657842,10000.0,-5000.0,18,4,2,0.0,2.7777777777777777,11,14.5,1,0
CustomerId_4192,-8050.0,-894.4444444444445,2756.8601302528527,2000.0,-5000.0,9,4,2,0.0,2.7777777777777777,0,11.222222222222221,1,0
CustomerId_4193,1865757.0,19038.336734693876,32756.3420357929,125000.0,-5000.0,98,7,3,0.0,2.0,0,10.510204081632653,1,0
CustomerId_4194,500.0,500.0,0.0,500.0,500.0,1,1,1,0.0,4.0,63,18.0,0,1
CustomerId_4196,15900.0,3975.0,7456.708389095017,15000.0,-1000.0,4,3,2,0.0,2.0,83,15.75,0,1
CustomerId_4197,39500.0,5642.857142857143,10110.696834352739,20000.0,-5000.0,7,5,2,0.0,2.0,14,15.714285714285714,1,0
CustomerId_4198,89306.0,1941.4347826086957,4025.251438121179,20000.0,-1000.0,46,5,3,0.0,2.0,0,13.565217391304348,1,0
CustomerId_4199,65940.0,1198.909090909091,1542.657546702218,5500.0,-275.0,55,2,2,0.0,3.018181818181818,52,11.036363636363637,0,1
CustomerId_420,18923.0,860.1363636363636,1210.1009617640743,3000.0,-1000.0,22,6,2,0.0,2.0,1,13.409090909090908,1,0
CustomerId_4200,1000.0,500.0,0.0,500.0,500.0,2,1,1,0.0,2.0,53,13.0,0,1
CustomerId_4201,23925.0,1495.3125,2574.80126660292,10000.0,-75.0,16,3,2,0.0,2.25,8,13.375,1,0
CustomerId_4202,164644.7,7840.22380952381,13033.876492889778,50000.0,-1000.0,21,5,3,0.0,2.0,5,13.19047619047619,1,0
CustomerId_4203,60000.0,3750.0,7827.302643099132,16000.0,-5000.0,16,4,2,0.0,2.75,1,13.25,1,0
CustomerId_4204,341976.5,3599.7526315789473,8357.693753481739,50000.0,-5000.0,95,9,5,0.0,2.4210526315789473,3,10.263157894736842,1,0
CustomerId_4205,65500.0,5038.461538461538,1941.450686788302,10000.0,500.0,13,2,2,0.0,2.0,18,4.3076923076923075,1,0
CustomerId_4206,60000.0,3333.3333333333335,6444.331754705517,11000.0,-5000.0,18,3,2,0.0,2.6666666666666665,0,14.222222222222221,1,0
CustomerId_4207,10000.0,10000.0,0.0,10000.0,10000.0,1,1,1,0.0,2.0,55,8.0,0,1
CustomerId_4209,-510.0,-170.0,762.6925986267338,500.0,-1000.0,3,2,2,0.0,2.6666666666666665,47,22.0,0,1
CustomerId_4211,48800.0,3050.0,3646.5508817694194,10000.0,-1000.0,16,4,2,0.0,2.625,38,13.5625,0,1
CustomerId_4212,2960.0,740.0,1506.784656146989,2000.0,-1000.0,4,3,2,0.0,2.0,43,6.0,0,1
CustomerId_4213,303601.8,4600.027272727272,5703.304466158745,11000.0,-5000.0,66,5,3,0.0,2.0,4,8.287878787878787,1,0
CustomerId_4214,34000.0,5666.666666666667,7527.72652709081,15000.0,-5000.0,6,3,2,0.0,2.0,45,15.5,0,1
CustomerId_4215,21440.0,1649.2307692307693,3914.642302813165,10000.0,-5000.0,13,6,3,0.0,2.0,55,14.0,0,1
CustomerId_4216,66730.0,1213.2727272727273,1376.2025778763586,5000.0,-200.0,55,4,2,0.0,3.018181818181818,0,11.690909090909091,1,0
CustomerId_4218,14920.0,785.2631578947369,1005.7756455208124,3100.0,-155.0,19,2,2,0.0,2.8421052631578947,2,12.263157894736842,1,0
CustomerId_4219,20000.0,3333.3333333333335,6088.2400303098,10000.0,-5000.0,6,3,2,0.0,2.0,6,8.666666666666666,1,0
CustomerId_422,180000.0,90000.0,14142.13562373095,100000.0,80000.0,2,1,1,0.0,4.0,37,16.0,0,1
CustomerId_4220,500.0,500.0,0.0,500.0,500.0,1,1,1,0.0,2.0,75,13.0,0,1
CustomerId_4221,80000.0,80000.0,0.0,80000.0,80000.0,1,1,1,0.0,2.0,25,6.0,1,0
CustomerId_4224,8985.0,691.1538461538462,954.8257996578789,2000.0,-1000.0,13,3,2,0.0,2.4615384615384617,1,12.076923076923077,1,0
CustomerId_4225,500.0,500.0,0.0,500.0,500.0,1,1,1,0.0,2.0,56,18.0,0,1
CustomerId_4226,799000.0,79900.0,75571.0850053702,160000.0,-5000.0,10,3,3,0.0,2.0,57,9.5,0,1
CustomerId_4227,950.0,237.5,962.0940702446928,1000.0,-1000.0,4,3,2,0.0,2.0,49,20.0,0,1
CustomerId_4228,-3500.0,-875.0,2015.5644370746375,2000.0,-2500.0,4,3,2,0.0,3.5,1,8.0,1,0
CustomerId_4229,39430.0,788.6,945.055359570571,5000.0,-100.0,50,4,2,0.0,2.88,1,11.72,1,0
CustomerId_423,5500.0,2750.0,353.5533905932738,3000.0,2500.0,2,1,1,0.0,2.0,50,9.0,0,1
CustomerId_4230,17000.0,4250.0,1500.0,5000.0,2000.0,4,3,3,0.0,3.5,74,13.5,0,1
CustomerId_4233,39000.0,13000.0,12124.355652982142,20000.0,-1000.0,3,3,2,0.0,2.0,35,7.0,1,0
CustomerId_4234,44900.0,3741.6666666666665,4636.261882424702,11000.0,-1000.0,12,4,2,0.0,2.0,2,11.75,1,0
CustomerId_4235,22880.0,1089.5238095238096,2793.5344569030754,5000.0,-10000.0,21,6,4,0.0,2.1904761904761907,64,12.571428571428571,0,1
CustomerId_4237,69631.0,1740.775,2584.514133652838,10000.0,-1000.0,40,6,3,0.0,2.1,30,12.25,1,0
CustomerId_4238,906257.0,6427.354609929078,12808.541690235328,50000.0,-5000.0,141,9,4,0.0,2.4113475177304964,2,14.297872340425531,1,0
CustomerId_4239,215000.0,23888.88888888889,31600.808709764235,100000.0,5000.0,9,1,1,0.0,2.0,9,17.555555555555557,1,0
CustomerId_424,10000.0,10000.0,0.0,10000.0,10000.0,1,1,1,0.0,2.0,65,18.0,0,1
CustomerId_4240,2611500.0,261150.0,391309.6280440848,1000000.0,1500.0,10,2,2,0.0,1.3,0,10.2,1,0
CustomerId_4241,18900.0,3780.0,4460.044842823892,10000.0,-1000.0,5,4,2,0.0,2.0,38,19.8,0,1
CustomerId_4242,10000.0,5000.0,0.0,5000.0,5000.0,2,1,1,0.0,2.0,51,18.0,0,1
CustomerId_4243,6000.0,3000.0,2828.42712474619,5000.0,1000.0,2,1,1,0.0,2.0,28,17.0,1,0
CustomerId_4244,8880.0,888.0,1457.492519515776,4000.0,-1000.0,10,3,2,0.0,2.2,22,9.7,1,0
CustomerId_4245,82000.0,4315.789473684211,5910.584964272407,15000.0,-5000.0,19,5,2,0.0,2.0,5,19.842105263157894,1,0
CustomerId_4246,5900.0,737.5,1174.2687694293597,2000.0,-1000.0,8,2,2,0.0,3.0,53,6.625,0,1
CustomerId_4247,17250.0,862.5,951.1592649858492,2000.0,-100.0,20,2,2,0.0,3.1,11,9.75,1,0
CustomerId_4250,46964.0,11741.0,14527.721500634572,28000.0,-644.0,4,3,3,0.0,2.0,85,11.5,0,1
CustomerId_4252,588199.75,3179.4581081081083,7776.817634764906,70000.0,-11000.0,185,11,5,0.0,2.227027027027027,0,14.691891891891892,1,0
CustomerId_4253,328000.0,4555.555555555556,7148.653549748714,20000.0,-5000.0,72,6,3,0.0,2.5972222222222223,0,9.402777777777779,1,0
CustomerId_4254,140010.0,6087.391304347826,8660.213212466278,20000.0,-5000.0,23,4,2,0.0,2.0,4,10.91304347826087,1,0
CustomerId_4255,7350.0,490.0,642.0391621344338,1000.0,-1000.0,15,3,2,0.0,3.2,34,10.133333333333333,1,0
CustomerId_4256,12425.0,591.6666666666666,929.1788489485399,3500.0,-1000.0,21,5,3,0.0,2.2857142857142856,4,13.380952380952381,1,0
CustomerId_4257,4900.0,2450.0,3606.2445840513924,5000.0,-100.0,2,2,2,0.0,3.0,83,6.0,0,1
CustomerId_4258,19000.0,3800.0,6685.805860178712,10000.0,-5000.0,5,3,2,0.0,2.0,46,18.8,0,1
CustomerId_4260,1000.0,1000.0,0.0,1000.0,1000.0,1,1,1,0.0,2.0,7,4.0,1,0
CustomerId_4261,20000.0,4000.0,6745.368781616021,10000.0,-5000.0,5,3,2,0.0,2.0,4,10.0,1,0
CustomerId_4262,5845.0,730.625,334.9033709253206,1000.0,-20.0,8,3,2,0.0,2.5,19,10.5,1,0
CustomerId_4265,500.0,500.0,0.0,500.0,500.0,1,1,1,0.0,2.0,16,18.0,1,0
CustomerId_4266,480000.0,160000.0,103923.04845413264,280000.0,100000.0,3,2,2,0.0,1.6666666666666667,16,20.666666666666668,1,0
CustomerId_4267,3000.0,1000.0,0.0,1000.0,1000.0,3,1,1,0.0,2.0,86,17.0,0,1
CustomerId_427,1000.0,1000.0,0.0,1000.0,1000.0,1,1,1,0.0,2.0,39,15.0,0,1
CustomerId_4270,9000.0,9000.0,0.0,9000.0,9000.0,1,1,1,0.0,2.0,40,18.0,0,1
CustomerId_4272,1000.0,1000.0,0.0,1000.0,1000.0,1,1,1,0.0,2.0,63,14.0,0,1
CustomerId_4273,207451.0,3400.8360655737706,23422.769655601027,100000.0,-40000.0,61,9,5,0.0,2.360655737704918,0,10.967213114754099,1,0
CustomerId_4274,95800.0,3421.4285714285716,4349.080545046457,11500.0,-1000.0,28,4,2,0.0,2.0714285714285716,2,11.785714285714286,1,0
CustomerId_4275,2595000.0,370714.28571428574,325197.74204101023,700000.0,50000.0,7,1,1,0.42857142857142855,0.8571428571428571,85,10.714285714285714,0,1
CustomerId_4276,1500.0,750.0,353.5533905932738,1000.0,500.0,2,2,2,0.0,2.0,87,12.0,0,1
CustomerId_4277,20000.0,2857.1428571428573,5490.251100164467,10000.0,-5000.0,7,4,2,0.0,2.0,11,16.0,1,0
CustomerId_4279,24450.0,1358.3333333333333,1822.8936273053862,5000.0,-250.0,18,4,2,0.0,2.6666666666666665,22,8.055555555555555,1,0
CustomerId_428,293200.0,16288.888888888889,24596.027629749457,60000.0,-5000.0,18,3,2,0.0,2.2222222222222223,6,9.88888888888889,1,0
CustomerId_4280,4000.0,571.4285714285714,1105.236453908221,2500.0,-1000.0,7,3,2,0.0,2.0,0,8.571428571428571,1,0
CustomerId_4281,39000.0,4875.0,8542.958671159708,20000.0,-5000.0,8,4,2,0.0,2.0,17,10.0,1,0
CustomerId_4282,1500.0,750.0,353.5533905932738,1000.0,500.0,2,2,2,0.0,2.0,4,16.5,1,0
CustomerId_4283,36000.0,5142.857142857143,5956.189257922424,10000.0,-5000.0,7,3,2,0.0,2.0,19,8.714285714285714,1,0
CustomerId_4287,10000.0,10000.0,0.0,10000.0,10000.0,1,1,1,0.0,2.0,85,20.0,0,1
CustomerId_4288,1900.0,950.0,1484.9242404917497,2000.0,-100.0,2,2,2,0.0,3.0,84,4.0,0,1
CustomerId_4289,70000.0,3500.0,8101.3319242806265,21000.0,-5000.0,20,3,2,0.0,2.7,0,12.8,1,0
CustomerId_429,1000.0,1000.0,0.0,1000.0,1000.0,1,1,1,0.0,4.0,29,5.0,1,0
CustomerId_4290,1000.0,1000.0,0.0,1000.0,1000.0,1,1,1,0.0,2.0,28,19.0,1,0
CustomerId_4291,20000.0,3333.3333333333335,6088.2400303098,10000.0,-5000.0,6,4,2,0.0,2.0,32,13.0,1,0
CustomerId_4294,94508.0,1783.1698113207547,3440.557735063007,10000.0,-5000.0,53,5,2,0.0,2.0,19,12.415094339622641,1,0
CustomerId_4297,1000.0,1000.0,0.0,1000.0,1000.0,1,1,1,0.0,2.0,23,6.0,1,0
CustomerId_4298,1430.0,238.33333333333334,763.1622806891512,1000.0,-1000.0,6,4,3,0.0,3.0,14,6.0,1,0
CustomerId_4299,19000.0,3800.0,6685.805860178712,10000.0,-5000.0,5,3,2,0.0,2.0,46,20.0,0,1
CustomerId_4300,20000.0,2857.1428571428573,5580.578567035604,10000.0,-5000.0,7,4,2,0.0,2.0,33,11.571428571428571,1,0
CustomerId_4301,500.0,166.66666666666666,1040.8329997330663,1000.0,-1000.0,3,3,2,0.0,2.0,39,9.0,0,1
CustomerId_4302,74000.0,24666.666666666668,47961.7903474561,80000.0,-5000.0,3,2,2,0.0,2.6666666666666665,59,10.0,0,1
CustomerId_4304,29000.0,3625.0,4565.006649971687,10000.0,-5000.0,8,3,2,0.0,2.0,74,17.875,0,1
CustomerId_4305,43593.0,1210.9166666666667,1833.3351244579994,5000.0,-1000.0,36,6,3,0.0,2.0555555555555554,2,13.666666666666666,1,0
CustomerId_4308,500.0,500.0,0.0,500.0,500.0,1,1,1,0.0,2.0,17,13.0,1,0
CustomerId_4309,69950.0,2057.3529411764707,2228.0964954125916,5000.0,-1000.0,34,2,2,0.0,3.0,29,15.970588235294118,1,0
CustomerId_431,4800.0,533.3333333333334,553.3985905294663,1000.0,-50.0,9,2,2,0.0,2.888888888888889,77,15.11111111111111,0,1
CustomerId_4310,4000.0,800.0,1646.5873800075112,3000.0,-1000.0,5,2,2,0.0,3.2,49,16.2,0,1
CustomerId_4311,254690.0,4897.884615384615,9075.444803346125,40000.0,-5000.0,52,7,3,0.0,2.5,0,13.057692307692308,1,0
CustomerId_4312,179655.0,1414.6062992125985,2322.868677172383,14000.0,-1000.0,127,6,3,0.0,2.1102362204724407,0,12.850393700787402,1,0
CustomerId_4313,10000.0,10000.0,0.0,10000.0,10000.0,1,1,1,0.0,2.0,74,16.0,0,1
CustomerId_4314,129738.5,1380.1968085106382,5101.819481057864,30000.0,-10000.0,94,8,4,0.0,2.202127659574468,19,10.659574468085106,1,0
CustomerId_4315,434447.0,3367.8062015503874,23994.411614698663,115000.0,-115000.0,129,12,5,0.0,2.4651162790697674,0,11.674418604651162,1,0
CustomerId_4317,260000.0,130000.0,169705.6274847714,250000.0,10000.0,2,1,1,0.0,2.0,55,17.5,0,1
CustomerId_4318,217050.0,7235.0,16576.240526729816,80000.0,-5000.0,30,7,4,0.0,2.2666666666666666,12,11.966666666666667,1,0
CustomerId_4319,460717.0,2047.631111111111,3658.246241603529,20000.0,-1000.0,225,7,3,0.0,2.017777777777778,0,13.511111111111111,1,0
CustomerId_432,-20.0,-6.666666666666667,1000.0666644445926,1000.0,-1000.0,3,2,2,0.0,2.6666666666666665,21,19.0,1,0
CustomerId_4321,10000.0,10000.0,0.0,10000.0,10000.0,1,1,1,0.0,4.0,33,9.0,1,0
CustomerId_4322,51464.0,3027.294117647059,5074.882705106418,11000.0,-5000.0,17,6,3,0.0,2.0,4,13.470588235294118,1,0
CustomerId_4323,10930.0,496.8181818181818,689.2707420485478,1500.0,-1000.0,22,4,2,0.0,2.4545454545454546,5,13.272727272727273,1,0
CustomerId_4324,34625.0,641.2037037037037,3310.9529402901844,11250.0,-10000.0,54,6,3,0.0,2.925925925925926,9,11.314814814814815,1,0
CustomerId_4325,44000.0,7333.333333333333,8981.462390204986,20000.0,-5000.0,6,2,2,0.0,2.0,74,10.833333333333334,0,1
CustomerId_4326,4620.0,385.0,5882.985482033606,9720.0,-12000.0,12,3,2,0.0,2.3333333333333335,7,18.583333333333332,1,0
CustomerId_4327,2500.0,500.0,0.0,500.0,500.0,5,2,2,0.0,3.2,29,16.0,1,0
CustomerId_4328,55134.0,3938.1428571428573,9659.730382104102,30000.0,-5000.0,14,3,2,0.0,2.0,35,15.5,1,0
CustomerId_4329,2000.0,2000.0,0.0,2000.0,2000.0,1,1,1,0.0,4.0,1,12.0,1,0
CustomerId_433,1000.0,1000.0,0.0,1000.0,1000.0,1,1,1,0.0,2.0,44,13.0,0,1
CustomerId_4330,12050.0,446.2962962962963,500.27606339014426,1000.0,-50.0,27,4,2,0.0,3.037037037037037,6,11.481481481481481,1,0
CustomerId_4332,20000.0,20000.0,0.0,20000.0,20000.0,1,1,1,0.0,4.0,36,6.0,0,1
CustomerId_4333,141778.0,1181.4833333333333,3848.9232194601796,20000.0,-5000.0,120,7,4,0.0,2.283333333333333,2,12.2,1,0
CustomerId_4334,8500.0,772.7272727272727,753.778361444409,2000.0,-1000.0,11,4,2,0.0,3.6363636363636362,35,10.363636363636363,1,0
CustomerId_4335,-510.0,-170.0,762.6925986267338,500.0,-1000.0,3,2,2,0.0,2.6666666666666665,28,20.0,1,0
CustomerId_4336,448279.5,1326.2707100591715,2338.8226846825823,15000.0,-2000.0,338,9,4,0.0,1.9940828402366864,53,13.23076923076923,0,1
CustomerId_4337,370300.0,13714.814814814816,35960.720597979205,160000.0,-250.0,27,5,3,0.0,3.111111111111111,18,14.444444444444445,1,0
CustomerId_4338,9860.0,821.6666666666666,1474.1458749411677,5000.0,-1000.0,12,4,2,0.0,2.0,4,10.166666666666666,1,0
CustomerId_4340,-10000.0,-3333.3333333333335,6110.100926607787,2000.0,-10000.0,3,2,2,0.0,3.3333333333333335,3,14.333333333333334,1,0
CustomerId_4341,960.0,320.0,1532.0574401764445,2000.0,-1000.0,3,2,2,0.0,2.6666666666666665,68,19.0,0,1
CustomerId_4342,4000.0,1333.3333333333333,7767.453465154029,10000.0,-5000.0,3,2,2,0.0,2.0,60,19.0,0,1
CustomerId_4343,413171.0,45907.88888888889,54237.308746942,155000.0,-5000.0,9,5,3,0.0,2.0,51,13.222222222222221,0,1
CustomerId_4344,470000.0,156666.66666666666,11547.005383792513,170000.0,150000.0,3,1,1,0.0,0.0,81,10.666666666666666,0,1
CustomerId_4346,88265.65,1176.8753333333332,1722.1228948866556,5500.0,-275.0,75,7,4,0.0,2.6933333333333334,12,13.72,1,0
CustomerId_4347,175975.0,2513.9285714285716,4840.9366153322635,12000.0,-5000.0,70,4,3,0.0,2.8,1,16.02857142857143,1,0
CustomerId_4348,18082.0,2583.1428571428573,3961.576093281201,10000.0,-1000.0,7,4,3,0.0,2.0,0,14.714285714285714,1,0
CustomerId_4349,70665.0,1177.75,2227.9137130310646,10000.0,-1000.0,60,5,3,0.0,2.1,47,12.766666666666667,0,1
CustomerId_435,4500.0,1500.0,866.0254037844386,2000.0,500.0,3,2,1,0.0,1.0,36,10.0,0,1
CustomerId_4351,5940.0,594.0,574.8081805649989,2000.0,-40.0,10,2,2,0.0,1.5,85,5.5,0,1
CustomerId_4353,32279.0,1241.5,2504.0838843776774,11500.0,-1000.0,26,4,2,0.0,2.0,13,11.26923076923077,1,0
CustomerId_4355,2300.0,575.0,50.0,600.0,500.0,4,1,1,0.0,2.0,4,9.0,1,0
CustomerId_4356,1960.0,490.0,1296.3024338479042,2000.0,-1000.0,4,3,2,0.0,2.5,23,13.0,1,0
CustomerId_4357,43452.0,944.6086956521739,1328.455217800165,7000.0,-1000.0,46,4,2,0.0,2.0,1,15.891304347826088,1,0
CustomerId_4358,480.0,80.0,585.1153732384751,500.0,-1000.0,6,2,2,0.0,3.0,60,12.833333333333334,0,1
CustomerId_436,70000.0,3684.2105263157896,7318.565672915146,11000.0,-5000.0,19,3,2,0.0,2.736842105263158,0,11.526315789473685,1,0
CustomerId_4360,20000.0,4000.0,6745.368781616021,10000.0,-5000.0,5,3,2,0.0,2.0,4,17.0,1,0
CustomerId_4361,50000.0,50000.0,0.0,50000.0,50000.0,1,1,1,0.0,2.0,83,21.0,0,1
CustomerId_4362,2000.0,2000.0,0.0,2000.0,2000.0,1,1,1,0.0,2.0,36,11.0,0,1
CustomerId_4363,84790.0,3854.090909090909,4892.765951689154,11000.0,-1000.0,22,5,3,0.0,2.0,18,12.909090909090908,1,0
CustomerId_4364,80550.0,1519.811320754717,5583.864040031927,40000.0,-1000.0,53,5,3,0.0,2.0377358490566038,39,11.716981132075471,0,1
CustomerId_4365,20000.0,3333.3333333333335,6088.2400303098,10000.0,-5000.0,6,3,2,0.0,2.0,11,19.0,1,0
CustomerId_4367,1500.0,500.0,0.0,500.0,500.0,3,1,1,0.0,2.0,0,14.0,1,0
CustomerId_4368,19000.0,2714.285714285714,4750.939756661683,10000.0,-2000.0,7,3,2,0.0,2.0,48,6.428571428571429,0,1
CustomerId_4369,2000.0,2000.0,0.0,2000.0,2000.0,1,1,1,0.0,2.0,4,20.0,1,0
CustomerId_437,22615.0,4523.0,8740.846354901796,20000.0,-1000.0,5,3,2,0.0,2.0,42,12.6,0,1
CustomerId_4370,22046.0,1224.7777777777778,2509.5226767972185,11000.0,-220.0,18,5,3,0.0,2.6666666666666665,16,11.11111111111111,1,0
CustomerId_4371,2771040.0,9425.30612244898,13077.751176885717,120000.0,-5000.0,294,6,3,0.0,1.9965986394557824,0,12.139455782312925,1,0
CustomerId_4373,73000.0,36500.0,50204.581464244875,72000.0,1000.0,2,2,2,0.0,3.0,2,11.0,1,0
CustomerId_4374,40000.0,4444.444444444444,6463.573143221772,10000.0,-5000.0,9,3,2,0.0,2.0,11,16.666666666666668,1,0
CustomerId_4376,24000.0,4800.0,8497.058314499202,20000.0,1000.0,5,2,2,0.0,2.4,52,15.0,0,1
CustomerId_4377,10000.0,10000.0,0.0,10000.0,10000.0,1,1,1,0.0,2.0,26,6.0,1,0
CustomerId_4378,7500.0,2500.0,1322.8756555322952,4000.0,1500.0,3,1,1,0.0,2.0,57,9.0,0,1
CustomerId_4379,2400.0,400.0,926.8225288586807,1500.0,-1000.0,6,3,2,0.0,2.3333333333333335,0,10.0,1,0
CustomerId_4380,93546.0,3897.75,7213.0159961606605,28000.0,-5000.0,24,3,3,0.0,2.4166666666666665,12,10.125,1,0
CustomerId_4381,19000.0,3800.0,6685.805860178712,10000.0,-5000.0,5,3,2,0.0,2.0,11,18.0,1,0
CustomerId_4382,500.0,500.0,0.0,500.0,500.0,1,1,1,0.0,2.0,73,8.0,0,1
CustomerId_4383,78300.0,2116.2162162162163,2068.6080953027213,5000.0,-1000.0,37,3,2,0.0,3.081081081081081,1,16.16216216216216,1,0
CustomerId_4384,132366.0,1112.3193277310925,1664.3038089099261,11000.0,-1000.0,119,5,3,0.0,2.0504201680672267,0,12.638655462184873,1,0
CustomerId_4386,1500.0,500.0,0.0,500.0,500.0,3,2,2,0.0,2.6666666666666665,85,12.666666666666666,0,1
CustomerId_4387,20000.0,3333.3333333333335,7814.516406449389,11000.0,-5000.0,6,3,2,0.0,1.6666666666666667,32,16.0,1,0
CustomerId_4388,40000.0,5714.285714285715,9516.902257112266,20000.0,-5000.0,7,4,2,0.0,2.0,4,15.0,1,0
CustomerId_4389,30000.0,5000.0,6511.528238439882,10000.0,-5000.0,6,3,2,0.0,2.0,4,11.0,1,0
CustomerId_4390,33997.0,1789.3157894736842,3067.425178887038,11000.0,-1000.0,19,4,2,0.0,2.0,9,11.473684210526315,1,0
CustomerId_4391,5888000.0,309894.7368421053,1142075.8101484838,5000000.0,-1000.0,19,4,2,0.10526315789473684,0.9473684210526315,83,20.894736842105264,0,1
CustomerId_4392,181000.0,4641.025641025641,5882.4774564498775,10000.0,-5000.0,39,3,2,0.0,2.0,5,10.820512820512821,1,0
CustomerId_4393,8840.0,420.95238095238096,575.1621924457897,1200.0,-1000.0,21,4,2,0.0,2.9523809523809526,4,11.095238095238095,1,0
CustomerId_4394,20000.0,20000.0,0.0,20000.0,20000.0,1,1,1,0.0,4.0,38,20.0,0,1
CustomerId_4395,69465.0,2240.8064516129034,2655.0581716082334,10000.0,-1000.0,31,7,3,0.0,2.0,6,9.870967741935484,1,0
CustomerId_4396,93940.0,2935.625,6057.625792497873,19000.0,-5000.0,32,5,3,0.0,2.6875,6,12.4375,1,0
CustomerId_4398,1950.0,487.5,1297.674201536477,2000.0,-1000.0,4,3,2,0.0,2.0,5,22.0,1,0
CustomerId_4399,29810.0,3312.222222222222,4434.0268881057145,10000.0,-1000.0,9,5,2,0.0,2.0,3,14.555555555555555,1,0
CustomerId_440,500.0,500.0,0.0,500.0,500.0,1,1,1,0.0,2.0,67,21.0,0,1
CustomerId_4401,67000.0,2233.3333333333335,5464.075461016087,30000.0,-1000.0,30,4,2,0.0,2.0,6,12.133333333333333,1,0
CustomerId_4402,500.0,500.0,0.0,500.0,500.0,1,1,1,0.0,4.0,41,6.0,0,1
CustomerId_4403,2990.0,373.75,641.7150569261362,1000.0,-1000.0,8,3,2,0.0,2.0,0,14.875,1,0
CustomerId_4406,109921.75,923.7121848739496,3042.2942512284867,20000.0,-5000.0,119,7,3,0.0,2.302521008403361,0,11.672268907563025,1,0
CustomerId_4408,39048.0,1394.5714285714287,3164.411119853066,11000.0,-5000.0,28,8,4,0.0,2.642857142857143,30,12.107142857142858,1,0
CustomerId_4409,2000.0,2000.0,0.0,2000.0,2000.0,1,1,1,0.0,2.0,45,22.0,0,1
CustomerId_4412,0.0,0.0,1414.213562373095,1000.0,-1000.0,2,2,2,0.0,3.0,36,16.0,0,1
CustomerId_4413,27780.0,2525.4545454545455,7469.558706692603,25000.0,-1000.0,11,3,2,0.0,2.1818181818181817,44,13.363636363636363,0,1
CustomerId_4414,279391.0,6497.46511627907,6732.32462629025,20000.0,-5000.0,43,7,4,0.0,2.0,9,9.906976744186046,1,0
CustomerId_4415,2000.0,2000.0,0.0,2000.0,2000.0,1,1,1,0.0,2.0,88,6.0,0,1
CustomerId_4416,55596.0,1389.9,2016.5536454873215,10000.0,-1000.0,40,5,2,0.0,2.7,2,8.125,1,0
CustomerId_4417,78165.0,858.9560439560439,1733.5997417838598,10000.0,-1000.0,91,4,2,0.0,2.043956043956044,70,9.142857142857142,0,1
CustomerId_4418,4000.0,2000.0,0.0,2000.0,2000.0,2,1,1,0.0,2.0,60,22.0,0,1
CustomerId_442,70350.0,2131.818181818182,2288.722971639226,6000.0,-300.0,33,2,2,0.0,3.090909090909091,3,12.030303030303031,1,0
CustomerId_4420,110175.0,5798.684210526316,4974.577548257313,10000.0,-5000.0,19,4,3,0.0,2.3157894736842106,0,6.473684210526316,1,0
CustomerId_4421,164610.0,1829.0,1662.4297231070138,6000.0,-200.0,90,5,2,0.0,2.0,5,12.9,1,0
CustomerId_4422,10000.0,10000.0,0.0,10000.0,10000.0,1,1,1,0.0,2.0,39,9.0,0,1
CustomerId_4423,1000.0,1000.0,0.0,1000.0,1000.0,1,1,1,0.0,2.0,28,6.0,1,0
CustomerId_4424,97520.0,4432.727272727273,5952.768209047733,20000.0,-1000.0,22,3,2,0.0,2.0,1,12.227272727272727,1,0
CustomerId_4425,19200.0,3840.0,6732.235884162112,10100.0,-5000.0,5,3,2,0.0,2.0,46,13.0,0,1
CustomerId_4426,42002.0,1235.3529411764705,1919.943715752562,9000.0,-1000.0,34,4,2,0.0,2.0588235294117645,0,12.941176470588236,1,0
CustomerId_4427,12070.0,1005.8333333333334,1542.0762764611363,4000.0,-1000.0,12,4,2,0.0,2.5,54,11.333333333333334,0,1
CustomerId_4428,20062.0,1337.4666666666667,2641.0851088862983,10000.0,-1000.0,15,3,2,0.0,2.933333333333333,11,12.8,1,0
CustomerId_4429,23225.0,893.2692307692307,1293.523824525619,5000.0,-250.0,26,5,3,0.0,2.923076923076923,8,10.807692307692308,1,0
CustomerId_443,76356.0,15271.2,8935.420930208045,20000.0,-644.0,5,3,2,0.0,2.0,85,7.8,0,1
CustomerId_4430,27940.0,1643.5294117647059,4767.898110247941,20000.0,-50.0,17,6,3,0.0,2.0,1,14.882352941176471,1,0
CustomerId_4431,156007.0,1322.093220338983,3894.25561166874,25000.0,-12000.0,118,9,5,0.0,2.6610169491525424,0,10.745762711864407,1,0
CustomerId_4433,20000.0,4000.0,6745.368781616021,10000.0,-5000.0,5,2,2,0.0,2.8,4,9.8,1,0
CustomerId_4434,4850.0,485.0,719.200945494373,1000.0,-1000.0,10,2,2,0.0,2.0,55,16.9,0,1
CustomerId_4435,3960.0,495.0,759.755599800733,1000.0,-1000.0,8,3,2,0.0,2.0,14,16.625,1,0
CustomerId_4436,2000.0,2000.0,0.0,2000.0,2000.0,1,1,1,0.0,2.0,45,14.0,0,1
CustomerId_4437,209800.0,3746.4285714285716,7343.443935318689,20000.0,-5000.0,56,3,2,0.0,2.4285714285714284,1,9.589285714285714,1,0
CustomerId_4438,1248915.0,8554.212328767124,20066.36522494327,180000.0,-5000.0,146,7,5,0.0,1.7876712328767124,2,11.438356164383562,1,0
CustomerId_444,76575.0,1562.7551020408164,3487.062556380204,20000.0,-1000.0,49,4,2,0.0,1.9795918367346939,4,13.142857142857142,1,0
CustomerId_4440,1960.0,490.0,1296.3024338479042,2000.0,-1000.0,4,3,2,0.0,3.0,81,18.0,0,1
CustomerId_4442,25050.0,863.7931034482758,1208.740234982283,5000.0,-150.0,29,4,2,0.0,2.896551724137931,0,11.379310344827585,1,0
CustomerId_4443,200000.0,3508.7719298245615,6577.594021203302,10000.0,-5000.0,57,3,2,0.0,2.3859649122807016,1,8.719298245614034,1,0
CustomerId_4444,500.0,500.0,0.0,500.0,500.0,1,1,1,0.0,4.0,80,4.0,0,1
CustomerId_4445,13000.0,1857.142857142857,988.0235200593537,4000.0,1000.0,7,2,1,0.0,4.0,34,8.142857142857142,1,0
CustomerId_4446,1000.0,500.0,0.0,500.0,500.0,2,1,1,0.0,2.0,88,22.0,0,1
CustomerId_4447,2000.0,2000.0,0.0,2000.0,2000.0,1,1,1,0.0,2.0,8,8.0,1,0
CustomerId_4449,38800.0,2984.6153846153848,6673.911403598112,20000.0,-5000.0,13,5,4,0.0,2.0,88,17.23076923076923,0,1
CustomerId_4450,3950.0,790.0,469.5742752749558,1000.0,-50.0,5,3,2,0.0,2.0,0,17.2,1,0
CustomerId_4451,5700.0,950.0,225.8317958127243,1100.0,500.0,6,2,1,0.0,2.0,46,12.166666666666666,0,1
CustomerId_4453,29294460.0,542490.0,1108161.707813508,5000000.0,-1000.0,54,5,3,0.2222222222222222,1.3333333333333333,70,13.555555555555555,0,1
CustomerId_4454,4142960.0,115082.22222222222,146613.96914757593,530000.0,-4000.0,36,3,2,0.05555555555555555,1.9444444444444444,3,13.63888888888889,1,0
CustomerId_4455,2410.0,241.0,638.6522266982764,1000.0,-1000.0,10,2,2,0.0,2.8,29,12.6,1,0
CustomerId_4456,204840.0,6207.272727272727,16298.938547250416,70000.0,-5000.0,33,6,4,0.0,2.0,7,13.212121212121213,1,0
CustomerId_4457,500.0,500.0,0.0,500.0,500.0,1,1,1,0.0,4.0,36,8.0,0,1
CustomerId_4458,20000.0,4000.0,6745.368781616021,10000.0,-5000.0,5,3,2,0.0,2.0,5,9.0,1,0
CustomerId_4459,1000.0,1000.0,0.0,1000.0,1000.0,1,1,1,0.0,2.0,60,14.0,0,1
CustomerId_446,120000.0,4615.384615384615,6158.421376144527,10000.0,-5000.0,26,3,2,0.0,2.0,11,9.538461538461538,1,0
CustomerId_4461,6500.0,3250.0,1767.7669529663688,4500.0,2000.0,2,1,1,0.0,2.0,35,15.5,1,0
CustomerId_4462,80000.0,40000.0,42426.40687119285,70000.0,10000.0,2,1,1,0.0,2.0,33,8.5,1,0
CustomerId_4465,1000.0,1000.0,0.0,1000.0,1000.0,1,1,1,0.0,2.0,52,22.0,0,1
CustomerId_4466,120196.0,10926.90909090909,18664.696522871975,65000.0,-644.0,11,4,3,0.0,1.8181818181818181,44,14.0,0,1
CustomerId_4468,1000.0,1000.0,0.0,1000.0,1000.0,1,1,1,0.0,4.0,83,11.0,0,1
CustomerId_4469,50000.0,2631.5789473684213,6102.91848504367,11000.0,-5000.0,19,3,2,0.0,2.526315789473684,0,14.631578947368421,1,0
CustomerId_447,9000.0,2250.0,6601.767440112787,10000.0,-5000.0,4,2,2,0.0,2.5,54,8.25,0,1
CustomerId_4471,34600.0,1235.7142857142858,1643.2582326121537,5000.0,-1000.0,28,5,3,0.0,2.7142857142857144,19,13.535714285714286,1,0
CustomerId_4472,61100.0,1035.593220338983,2035.473783012828,10000.0,-1000.0,59,4,2,0.0,2.0338983050847457,0,12.457627118644067,1,0
CustomerId_4473,273551.4,3419.3925000000004,10971.438381886759,51822.0,-11000.0,80,8,3,0.0,2.05,2,12.15,1,0
CustomerId_4476,1452000.0,132000.0,289769.9087206951,1000000.0,1000.0,11,1,1,0.0,2.0,36,15.0,1,0
CustomerId_4477,700.0,700.0,0.0,700.0,700.0,1,1,1,0.0,2.0,28,10.0,1,0
CustomerId_448,261162.0,1674.1153846153845,6733.199391902535,66000.0,-622.0,156,9,5,0.0,2.0,60,15.621794871794872,0,1
CustomerId_4481,10000.0,10000.0,0.0,10000.0,10000.0,1,1,1,0.0,2.0,81,6.0,0,1
CustomerId_4482,2950.0,737.5,525.0,1000.0,-50.0,4,3,2,0.0,2.5,37,6.75,0,1
CustomerId_4483,3750.0,1250.0,3269.174207655505,5000.0,-1000.0,3,2,2,0.0,2.6666666666666665,58,12.0,0,1
CustomerId_4484,50000.0,3846.153846153846,8060.667402539258,15000.0,-5000.0,13,3,2,0.0,2.769230769230769,0,13.307692307692308,1,0
CustomerId_4485,1338080.0,133808.0,124266.5404863451,280000.0,-3920.0,10,5,4,0.0,1.2,24,16.6,1,0
CustomerId_4486,474000.0,4601.941747572816,25667.496729317303,252000.0,-5000.0,103,2,2,0.0,2.7766990291262137,18,6.854368932038835,1,0
CustomerId_4487,40000.0,4444.444444444444,6463.573143221772,10000.0,-5000.0,9,3,2,0.0,2.0,19,10.88888888888889,1,0
CustomerId_4488,20000.0,3333.3333333333335,5963.779562212764,10000.0,-5000.0,6,3,2,0.0,2.0,4,12.0,1,0
CustomerId_4489,1000.0,1000.0,0.0,1000.0,1000.0,1,1,1,0.0,2.0,77,20.0,0,1
CustomerId_449,60000.0,3750.0,7514.430561703704,11000.0,-5000.0,16,3,2,0.0,2.75,1,13.125,1,0
CustomerId_4490,18800.0,1342.857142857143,2692.7493201371162,10000.0,-1000.0,14,3,2,0.0,2.0,10,15.071428571428571,1,0
CustomerId_4492,40000.0,4000.0,6110.100926607787,10000.0,-5000.0,10,3,2,0.0,2.0,4,13.0,1,0
CustomerId_4493,1000.0,1000.0,0.0,1000.0,1000.0,1,1,1,0.0,2.0,42,16.0,0,1
CustomerId_4494,10000.0,10000.0,0.0,10000.0,10000.0,1,1,1,0.0,2.0,50,14.0,0,1
CustomerId_4495,950.0,475.0,742.4621202458749,1000.0,-50.0,2,2,2,0.0,2.0,4,17.0,1,0
CustomerId_4497,10000.0,10000.0,0.0,10000.0,10000.0,1,1,1,0.0,2.0,74,18.0,0,1
CustomerId_4498,1000.0,1000.0,0.0,1000.0,1000.0,1,1,1,0.0,2.0,18,8.0,1,0
CustomerId_4499,40000.0,6666.666666666667,9831.92080250175,20000.0,-5000.0,6,4,2,0.0,2.0,5,6.5,1,0
CustomerId_450,2450.0,816.6666666666666,791.0962857537212,1500.0,-50.0,3,3,2,0.0,2.0,90,9.0,0,1
CustomerId_4500,19000.0,4750.0,9322.910847297997,15000.0,-5000.0,4,3,2,0.0,2.0,25,16.0,1,0
CustomerId_4501,16850.0,991.1764705882352,1211.7891336415607,3000.0,-1000.0,17,3,2,0.0,2.0,3,15.705882352941176,1,0
CustomerId_4502,153611.5,1154.9736842105262,4685.658440000475,50000.0,-644.0,133,8,5,0.0,2.0,74,10.338345864661655,0,1
CustomerId_4504,11440.0,1040.0,1592.3002229479214,5000.0,-1000.0,11,3,2,0.0,2.0,55,13.181818181818182,0,1
CustomerId_4505,66089.0,1406.1489361702127,3109.9317550091127,18000.0,-500.0,47,4,2,0.0,2.0851063829787235,1,14.553191489361701,1,0
CustomerId_4507,1000.0,1000.0,0.0,1000.0,1000.0,1,1,1,0.0,2.0,66,10.0,0,1
CustomerId_4510,275950.0,8623.4375,14895.249333991498,50000.0,-2492.5,32,7,3,0.0,2.0,0,13.625,1,0
CustomerId_4512,8920.0,810.9090909090909,1235.6816300767325,3000.0,-1000.0,11,3,2,0.0,2.0,20,14.272727272727273,1,0
CustomerId_4513,1000.0,1000.0,0.0,1000.0,1000.0,1,1,1,0.0,4.0,23,13.0,1,0
CustomerId_4517,4500.0,642.8571428571429,243.9750182371333,1000.0,500.0,7,2,2,0.0,2.2857142857142856,40,6.285714285714286,0,1
CustomerId_4518,261280.5,1573.9789156626507,2881.2170115655244,10000.0,-3000.0,166,6,3,0.0,2.0120481927710845,32,11.114457831325302,1,0
CustomerId_4519,3000.0,1500.0,707.1067811865476,2000.0,1000.0,2,2,2,0.0,2.0,59,7.5,0,1
CustomerId_452,1000.0,1000.0,0.0,1000.0,1000.0,1,1,1,0.0,4.0,82,6.0,0,1
CustomerId_4520,3900.0,1300.0,1212.4355652982142,2000.0,-100.0,3,3,2,0.0,2.0,15,15.0,1,0
CustomerId_4524,20000.0,4000.0,6745.368781616021,10000.0,-5000.0,5,3,2,0.0,2.0,32,12.0,1,0
CustomerId_4525,281620.0,3164.2696629213483,4911.777332373608,10000.0,-5000.0,89,5,2,0.0,2.157303370786517,1,11.07865168539326,1,0
CustomerId_4526,77277.95,813.4521052631578,921.101613209543,4000.0,-60.0,95,7,3,0.0,2.042105263157895,17,13.378947368421052,1,0
CustomerId_4527,50000.0,5000.0,6429.100507328637,11000.0,-5000.0,10,3,2,0.0,2.0,11,13.0,1,0
CustomerId_4528,2980.0,596.0,1142.838571277676,2000.0,-1000.0,5,3,2,0.0,2.0,25,12.8,1,0
CustomerId_453,210000.0,8076.923076923077,19554.38176352927,100000.0,-5000.0,26,3,2,0.0,2.1538461538461537,5,12.692307692307692,1,0
CustomerId_4531,1000.0,1000.0,0.0,1000.0,1000.0,1,1,1,0.0,4.0,41,12.0,0,1
CustomerId_4532,500.0,500.0,0.0,500.0,500.0,1,1,1,0.0,4.0,84,7.0,0,1
CustomerId_4533,20000.0,4000.0,6745.368781616021,10000.0,-5000.0,5,3,2,0.0,2.0,11,19.0,1,0
CustomerId_4534,2000.0,2000.0,0.0,2000.0,2000.0,1,1,1,0.0,2.0,53,10.0,0,1
CustomerId_4537,2000.0,1000.0,0.0,1000.0,1000.0,2,1,1,0.0,2.0,76,6.0,0,1
CustomerId_4538,34550.0,6910.0,8209.171699995073,20000.0,550.0,5,4,4,0.0,2.8,54,18.2,0,1
CustomerId_4539,40000.0,4000.0,6164.414002968976,10000.0,-5000.0,10,4,2,0.0,2.0,11,16.1,1,0
CustomerId_4540,108698.0,2173.96,3965.4627079526626,20000.0,-5000.0,50,7,4,0.0,2.0,8,10.52,1,0
CustomerId_4541,70000.0,7000.0,5497.474167490214,10000.0,-5000.0,10,3,2,0.0,2.0,11,16.0,1,0
CustomerId_4542,55226.0,3068.1111111111113,5066.9088603104765,20000.0,-622.0,18,5,4,0.0,2.0,1,13.666666666666666,1,0
CustomerId_4543,100000.0,4347.826086956522,5833.669480245095,10000.0,-5000.0,23,4,2,0.0,2.0,19,8.347826086956522,1,0
CustomerId_4544,37980.0,4747.5,4952.493599909329,10000.0,-1000.0,8,3,2,0.0,3.0,58,11.5,0,1
CustomerId_4545,2000.0,500.0,0.0,500.0,500.0,4,1,1,0.0,2.0,18,12.0,1,0
CustomerId_4546,13504.0,3376.0,2624.0243901305494,5000.0,-496.0,4,2,2,0.0,2.0,77,15.0,0,1
CustomerId_4547,20000.0,2857.1428571428573,6517.3760422573805,10000.0,-5000.0,7,2,2,0.0,2.5714285714285716,5,10.285714285714286,1,0
CustomerId_4548,17425.0,645.3703703703703,898.8945410955592,3800.0,-50.0,27,3,2,0.0,2.0,0,16.25925925925926,1,0
CustomerId_4549,5549.0,142.28205128205127,1227.684147377491,2000.0,-5000.0,39,7,4,0.0,2.5128205128205128,17,11.153846153846153,1,0
CustomerId_455,5000.0,5000.0,0.0,5000.0,5000.0,1,1,1,0.0,1.0,10,18.0,1,0
CustomerId_4550,270033.0,7715.228571428572,18900.662638688427,72913.0,-1629.0,35,8,4,0.0,2.0,33,10.657142857142857,1,0
CustomerId_4552,-14500.0,-2416.6666666666665,3760.540741258718,-500.0,-10000.0,6,4,2,0.0,4.0,88,17.833333333333332,0,1
CustomerId_4553,500.0,500.0,0.0,500.0,500.0,1,1,1,0.0,4.0,53,19.0,0,1
CustomerId_4554,97055.0,1347.986111111111,3537.1988658691193,20000.0,-200.0,72,7,3,0.0,1.9722222222222223,77,12.902777777777779,0,1
CustomerId_4555,310000.0,4626.865671641791,7859.9981126058365,30000.0,-5000.0,67,5,2,0.0,2.0,2,10.029850746268657,1,0
CustomerId_4557,20000.0,4000.0,6745.368781616021,10000.0,-5000.0,5,3,2,0.0,2.0,4,18.0,1,0
CustomerId_456,132000.0,3384.6153846153848,8237.973331550427,33000.0,-5000.0,39,5,4,0.0,2.41025641025641,4,9.153846153846153,1,0
CustomerId_4560,20000.0,4000.0,6745.368781616021,10000.0,-5000.0,5,3,2,0.0,2.0,12,8.0,1,0
CustomerId_4561,253126.0,4149.606557377049,13612.757153100529,100000.0,-622.0,61,8,7,0.0,1.9672131147540983,0,11.524590163934427,1,0
CustomerId_4562,63680.0,390.67484662576686,659.2346187144227,3000.0,-100.0,163,4,2,0.0,2.687116564417178,0,11.441717791411042,1,0
CustomerId_4565,407150.5,2438.0269461077846,5479.314626655783,30000.0,-5000.0,167,8,4,0.0,2.0,5,12.616766467065869,1,0
CustomerId_4567,220000.0,5945.945945945946,8621.375070608407,20000.0,-5000.0,37,4,2,0.0,2.0,60,10.18918918918919,0,1
CustomerId_4568,37362.0,633.2542372881356,674.4981427652747,2000.0,-100.0,59,4,2,0.0,3.016949152542373,1,11.440677966101696,1,0
CustomerId_4569,208343.25,2741.3585526315787,4546.594553497435,10000.0,-14000.0,76,7,3,0.0,2.1184210526315788,4,12.328947368421053,1,0
CustomerId_457,138748.5,4335.890625,9015.709361222682,40000.0,-1000.0,32,6,3,0.0,2.0,19,13.71875,1,0
CustomerId_4572,1000.0,1000.0,0.0,1000.0,1000.0,1,1,1,0.0,2.0,52,12.0,0,1
CustomerId_4573,79985.0,13330.833333333334,15784.570762826168,30000.0,-1005.0,6,3,2,0.0,2.0,65,13.333333333333334,0,1
CustomerId_4576,0.0,0.0,866.0254037844386,500.0,-1000.0,3,3,2,0.0,2.0,38,9.666666666666666,0,1
CustomerId_4577,279016.5,2364.5466101694915,5026.735289092945,30000.0,-1000.0,118,9,4,0.0,2.016949152542373,9,12.432203389830509,1,0
CustomerId_4578,256006.0,3764.794117647059,11317.81982137985,65000.0,-1629.0,68,7,4,0.0,2.0,0,11.264705882352942,1,0
CustomerId_4579,15980.0,1331.6666666666667,1506.2586602290962,5000.0,-50.0,12,4,2,0.0,2.0,24,14.666666666666666,1,0
CustomerId_4581,4915.0,546.1111111111111,988.6283988997641,2000.0,-1000.0,9,4,3,0.0,2.0,56,19.333333333333332,0,1
CustomerId_4583,19410.0,808.75,1480.1536715166935,7000.0,-350.0,24,4,2,0.0,2.9166666666666665,12,10.5,1,0
CustomerId_4584,41390.0,2178.4210526315787,4251.257674249527,18000.0,-250.0,19,5,2,0.0,2.0,77,14.263157894736842,0,1
CustomerId_4585,699038.0,1925.7245179063361,4584.839306983538,36500.0,-5000.0,363,9,5,0.0,1.9834710743801653,0,11.336088154269973,1,0
CustomerId_4587,19800.0,521.0526315789474,616.9488544822348,2000.0,-1000.0,38,3,2,0.0,2.789473684210526,1,11.973684210526315,1,0
CustomerId_4588,1980.0,495.0,1293.612512823424,2000.0,-1000.0,4,3,2,0.0,2.0,25,11.0,1,0
CustomerId_4589,50000.0,5000.0,6429.100507328637,11000.0,-5000.0,10,3,2,0.0,2.0,11,13.6,1,0
CustomerId_4590,65950.0,5995.454545454545,12652.498854879508,33000.0,-1000.0,11,4,3,0.0,2.0,10,12.727272727272727,1,0
CustomerId_4591,50465.0,3604.6428571428573,7093.647880128583,11000.0,-5000.0,14,3,2,0.0,2.2857142857142856,53,14.142857142857142,0,1
CustomerId_4592,204000.0,68000.0,114315.3532995459,200000.0,2000.0,3,2,2,0.0,2.0,89,9.333333333333334,0,1
CustomerId_4593,5000.0,5000.0,0.0,5000.0,5000.0,1,1,1,0.0,2.0,66,8.0,0,1
CustomerId_4595,500.0,500.0,0.0,500.0,500.0,1,1,1,0.0,4.0,61,19.0,0,1
CustomerId_4596,15000.0,15000.0,0.0,15000.0,15000.0,1,1,1,0.0,2.0,19,10.0,1,0
CustomerId_4598,5760.0,960.0,1139.473562659529,2000.0,-100.0,6,3,2,0.0,3.0,59,15.333333333333334,0,1
CustomerId_46,70000.0,23333.333333333332,5773.502691896258,30000.0,20000.0,3,1,1,0.0,2.0,34,17.666666666666668,1,0
CustomerId_4600,85000.0,3863.6363636363635,5318.838528291989,10000.0,-5000.0,22,5,3,0.0,2.0454545454545454,4,14.409090909090908,1,0
CustomerId_4601,40000.0,20000.0,0.0,20000.0,20000.0,2,1,1,0.0,2.0,15,17.0,1,0
CustomerId_4602,352559.0,4700.786666666667,12545.064009718242,80000.0,-5000.0,75,8,5,0.0,2.1733333333333333,1,14.08,1,0
CustomerId_4603,5000.0,5000.0,0.0,5000.0,5000.0,1,1,1,0.0,4.0,38,18.0,0,1
CustomerId_4604,9400.0,671.4285714285714,616.6641916592249,1000.0,-1000.0,14,3,2,0.0,3.4285714285714284,13,11.714285714285714,1,0
CustomerId_4605,93335.0,5833.4375,12754.339224848145,50000.0,-30.0,16,3,2,0.0,2.25,31,15.375,1,0
CustomerId_4608,475.0,237.5,371.23106012293744,500.0,-25.0,2,2,2,0.0,2.0,89,9.0,0,1
CustomerId_4609,7910.0,719.0909090909091,1153.8735159925852,3000.0,-1000.0,11,5,3,0.0,2.0,41,9.0,0,1
CustomerId_4610,964000.0,74153.84615384616,81236.1230753148,200000.0,-5000.0,13,4,3,0.0,1.6923076923076923,60,12.615384615384615,0,1
CustomerId_4611,200.0,66.66666666666667,1674.3157806499148,2000.0,-900.0,3,2,2,0.0,2.0,68,14.333333333333334,0,1
CustomerId_4612,10000.0,10000.0,0.0,10000.0,10000.0,1,1,1,0.0,2.0,51,5.0,0,1
CustomerId_4613,178560.0,4355.121951219512,15593.020172813089,100000.0,-1000.0,41,5,3,0.0,2.048780487804878,42,13.878048780487806,0,1
CustomerId_4615,20985.0,953.8636363636364,1166.0116513121434,3000.0,-1000.0,22,4,3,0.0,3.1818181818181817,14,8.954545454545455,1,0
CustomerId_4616,29800.0,2128.5714285714284,4084.0079430775936,12000.0,-1000.0,14,4,3,0.0,2.0,11,10.857142857142858,1,0
CustomerId_4617,40000.0,5714.285714285715,9516.902257112268,20000.0,-5000.0,7,4,2,0.0,2.0,32,17.142857142857142,1,0
CustomerId_4619,30000.0,5000.0,6511.528238439882,10000.0,-5000.0,6,3,2,0.0,2.0,4,12.0,1,0
CustomerId_462,41100.0,2055.0,4651.36935128842,10000.0,-5000.0,20,4,2,0.0,2.1,14,12.7,1,0
CustomerId_4620,18500.0,4625.0,6209.87117418711,10000.0,-1000.0,4,3,2,0.0,2.0,14,9.0,1,0
CustomerId_4622,745.0,186.25,2562.964998460442,3255.0,-3000.0,4,3,2,0.0,2.5,66,7.0,0,1
CustomerId_4623,960.0,320.0,1532.0574401764445,2000.0,-1000.0,3,2,2,0.0,2.6666666666666665,44,3.0,0,1
CustomerId_4624,66803.0,1043.796875,1672.9254120479477,10000.0,-150.0,64,5,2,0.0,2.0,2,16.125,1,0
CustomerId_4625,500.0,500.0,0.0,500.0,500.0,1,1,1,0.0,4.0,4,21.0,1,0
CustomerId_4626,80710.0,2690.3333333333335,7296.582919343176,40000.0,-250.0,30,8,4,0.0,2.7333333333333334,4,16.666666666666668,1,0
CustomerId_4627,200000.0,5714.285714285715,8932.267114138456,40000.0,-5000.0,35,5,3,0.0,2.0,5,9.857142857142858,1,0
CustomerId_4629,14995.0,1249.5833333333333,2061.1872773778327,5000.0,-1000.0,12,5,2,0.0,2.0,1,10.083333333333334,1,0
CustomerId_4630,500.0,500.0,0.0,500.0,500.0,1,1,1,0.0,4.0,82,18.0,0,1
CustomerId_4632,1000.0,1000.0,0.0,1000.0,1000.0,1,1,1,0.0,2.0,41,19.0,0,1
CustomerId_4633,25360.0,1950.7692307692307,2780.6637742886187,10000.0,-1000.0,13,5,3,0.0,2.0,4,15.76923076923077,1,0
CustomerId_4634,34550.0,1502.1739130434783,1714.5419651316874,5000.0,-1000.0,23,6,3,0.0,2.0,11,12.782608695652174,1,0
CustomerId_4636,262515.29,2134.270650406504,5837.983003033616,30000.0,-5000.0,123,10,5,0.0,2.178861788617886,4,13.373983739837398,1,0
CustomerId_4637,100000.0,4545.454545454545,6193.139620174759,11000.0,-5000.0,22,4,2,0.0,2.0,4,12.318181818181818,1,0
CustomerId_4639,201268.0,22363.11111111111,39354.36814524038,115000.0,-10000.0,9,7,5,0.0,2.2222222222222223,69,8.0,0,1
CustomerId_4640,20000.0,4000.0,6558.963332722634,10000.0,-5000.0,5,3,2,0.0,2.0,89,7.0,0,1
CustomerId_4641,9780.0,1956.0,4552.766192107826,10000.0,-1000.0,5,2,2,0.0,2.8,20,18.0,1,0
CustomerId_4642,490.0,245.0,360.62445840513925,500.0,-10.0,2,2,2,0.0,3.0,28,10.0,1,0
CustomerId_4645,-4540.0,-648.5714285714286,9809.06966123942,12000.0,-10000.0,7,3,2,0.0,3.142857142857143,12,9.142857142857142,1,0
CustomerId_4647,425.0,141.66666666666666,1264.004878682568,1500.0,-1000.0,3,2,2,0.0,2.6666666666666665,21,14.0,1,0
CustomerId_4648,1000.0,1000.0,0.0,1000.0,1000.0,1,1,1,0.0,2.0,88,11.0,0,1
CustomerId_4649,1000.0,500.0,0.0,500.0,500.0,2,2,2,0.0,2.0,48,10.0,0,1
CustomerId_4650,2000.0,2000.0,0.0,2000.0,2000.0,1,1,1,0.0,4.0,44,11.0,0,1
CustomerId_4651,43927.0,2745.4375,7439.365142884617,30000.0,-1500.0,16,4,2,0.0,2.75,0,11.75,1,0
CustomerId_4652,1000.0,1000.0,0.0,1000.0,1000.0,1,1,1,0.0,4.0,60,5.0,0,1
CustomerId_4653,7990.0,1331.6666666666667,1082.5971857836444,3000.0,-10.0,6,4,2,0.0,2.0,26,9.166666666666666,1,0
CustomerId_4654,13860.0,2310.0,3521.221379010414,8000.0,-1000.0,6,3,2,0.0,2.0,0,10.5,1,0
CustomerId_4655,80000.0,3636.3636363636365,5699.168314808703,10000.0,-5000.0,22,4,2,0.0,2.0,8,9.863636363636363,1,0
CustomerId_4657,65135.5,2713.9791666666665,10540.057648220336,50000.0,-5000.0,24,7,4,0.0,2.3333333333333335,24,10.75,1,0
CustomerId_4658,2004.0,668.0,1256.4521479149137,2000.0,-496.0,3,3,3,0.0,2.6666666666666665,85,13.0,0,1
CustomerId_4659,13920.0,1070.7692307692307,1460.5219474469936,4000.0,-1000.0,13,4,2,0.0,2.0,5,16.692307692307693,1,0
CustomerId_466,10000.0,10000.0,0.0,10000.0,10000.0,1,1,1,0.0,2.0,33,1.0,1,0
CustomerId_4660,6285.0,698.3333333333334,857.0078762765253,2000.0,-100.0,9,3,2,0.0,3.111111111111111,3,12.777777777777779,1,0
CustomerId_4663,130888.0,4674.571428571428,7016.419153346651,20000.0,-1000.0,28,7,4,0.0,2.0,21,12.464285714285714,1,0
CustomerId_4664,10090.0,917.2727272727273,3517.311731732321,10000.0,-5000.0,11,5,3,0.0,2.0,3,12.090909090909092,1,0
CustomerId_4665,31500.0,4500.0,9215.02396451939,20000.0,-5000.0,7,5,2,0.0,2.0,74,15.857142857142858,0,1
CustomerId_4666,27110.0,630.4651162790698,760.8397725332441,3000.0,-150.0,43,4,3,0.0,2.9767441860465116,6,10.046511627906977,1,0
CustomerId_4667,18810.0,1881.0,3334.217216146009,10000.0,-1000.0,10,4,2,0.0,2.0,23,9.0,1,0
CustomerId_4669,5000.0,1250.0,500.0,2000.0,1000.0,4,3,3,0.0,2.0,26,10.75,1,0
CustomerId_467,5000.0,5000.0,0.0,5000.0,5000.0,1,1,1,0.0,2.0,86,8.0,0,1
CustomerId_4670,152000.0,25333.333333333332,38471.634572327006,75000.0,500.0,6,3,3,0.0,2.6666666666666665,63,9.0,0,1
CustomerId_4671,81978.0,11711.142857142857,23839.081410075145,65000.0,-1000.0,7,4,3,0.0,2.0,9,15.0,1,0
CustomerId_4672,785000.0,35681.818181818184,57348.58022374794,240000.0,-5000.0,22,4,3,0.0,1.7272727272727273,1,11.681818181818182,1,0
CustomerId_4673,2000.0,500.0,0.0,500.0,500.0,4,2,2,0.0,3.5,66,6.0,0,1
CustomerId_4674,-510.0,-170.0,762.6925986267338,500.0,-1000.0,3,2,2,0.0,2.6666666666666665,53,13.0,0,1
CustomerId_4677,1000.0,1000.0,0.0,1000.0,1000.0,1,1,1,0.0,4.0,40,4.0,0,1
CustomerId_4678,1500.0,750.0,353.5533905932738,1000.0,500.0,2,2,2,0.0,3.0,85,19.0,0,1
CustomerId_468,126727.0,18103.85714285714,23129.421641627585,50000.0,-1629.0,7,4,2,0.0,2.0,11,11.0,1,0
CustomerId_4680,76546.0,4252.555555555556,9279.263403970244,30000.0,-5000.0,18,6,4,0.0,2.111111111111111,50,13.11111111111111,0,1
CustomerId_4682,6800.0,1133.3333333333333,1965.6211910402947,4000.0,-1000.0,6,4,2,0.0,2.0,28,15.0,1,0
CustomerId_4683,1000.0,500.0,0.0,500.0,500.0,2,2,1,0.0,2.0,81,5.0,0,1
CustomerId_4684,-20.0,-6.666666666666667,1000.0666644445926,1000.0,-1000.0,3,2,2,0.0,2.6666666666666665,70,7.0,0,1
CustomerId_4685,960.0,320.0,1532.0574401764445,2000.0,-1000.0,3,2,2,0.0,2.6666666666666665,1,13.0,1,0
CustomerId_4686,60000.0,3529.4117647058824,7262.124749847867,15000.0,-5000.0,17,4,2,0.0,2.7058823529411766,53,11.764705882352942,0,1
CustomerId_4687,2000.0,1000.0,0.0,1000.0,1000.0,2,1,1,0.0,2.0,28,21.0,1,0
CustomerId_4688,8500.0,1700.0,3027.9943857279522,5000.0,-1000.0,5,2,2,0.0,2.8,84,6.8,0,1
CustomerId_4689,17980.0,561.875,822.5234088246463,2000.0,-1000.0,32,4,2,0.0,2.875,1,12.625,1,0
CustomerId_4691,3000.0,1000.0,0.0,1000.0,1000.0,3,1,1,0.0,2.0,76,17.0,0,1
CustomerId_4693,4000.0,1333.3333333333333,7767.453465154029,10000.0,-5000.0,3,2,2,0.0,2.6666666666666665,11,14.0,1,0
CustomerId_4694,4490.0,449.0,599.452528006458,1000.0,-1000.0,10,4,2,0.0,2.6,33,12.8,1,0
CustomerId_4697,84075.0,2155.769230769231,5775.257631353083,11600.0,-10000.0,39,6,2,0.0,2.923076923076923,0,15.435897435897436,1,0
CustomerId_4698,8100.0,1620.0,2302.878633363035,5000.0,-250.0,5,3,2,0.0,2.8,78,12.0,0,1
CustomerId_470,128500.0,6763.1578947368425,11186.597165373878,26000.0,-5000.0,19,5,3,0.0,2.0,11,9.736842105263158,1,0
CustomerId_4701,25950.0,2162.5,2543.0051120672174,5000.0,-250.0,12,4,2,0.0,2.6666666666666665,14,15.583333333333334,1,0
CustomerId_4702,40000.0,4444.444444444444,6463.573143221772,10000.0,-5000.0,9,3,2,0.0,2.0,11,19.88888888888889,1,0
CustomerId_4703,234420.0,7561.935483870968,10850.337066762744,25000.0,-220.0,31,5,3,0.0,2.0,85,10.483870967741936,0,1
CustomerId_4704,8910.46,278.451875,3064.018842681299,10000.0,-5000.0,32,7,4,0.0,3.3125,1,10.8125,1,0
CustomerId_4706,130000.0,130000.0,0.0,130000.0,130000.0,1,1,1,0.0,0.0,65,7.0,0,1
CustomerId_4708,165258.0,3240.3529411764707,8649.508757897247,45000.0,-5000.0,51,9,4,0.0,2.235294117647059,0,13.294117647058824,1,0
CustomerId_4709,19000.0,3166.6666666666665,7626.707459098367,10000.0,-5000.0,6,3,2,0.0,1.6666666666666667,46,16.166666666666668,0,1
CustomerId_471,106053.0,1205.1477272727273,3541.659908709514,30000.0,-1000.0,88,6,3,0.0,2.1136363636363638,0,11.977272727272727,1,0
CustomerId_4710,118800.0,3960.0,7724.9974891191105,20000.0,-5000.0,30,3,2,0.0,2.8,0,13.9,1,0
CustomerId_4711,2125422.0,7254.0,23860.236101554354,283000.0,-5000.0,293,9,4,0.0,2.1843003412969284,0,14.450511945392492,1,0
CustomerId_4712,49600.0,2917.6470588235293,6398.460292730358,11000.0,-5000.0,17,3,2,0.0,2.588235294117647,0,11.647058823529411,1,0
CustomerId_4713,47300.0,2252.3809523809523,2734.397382901587,10000.0,-1000.0,21,5,3,0.0,2.0952380952380953,2,12.19047619047619,1,0
CustomerId_4714,1000.0,1000.0,0.0,1000.0,1000.0,1,1,1,0.0,4.0,56,7.0,0,1
CustomerId_4715,19000.0,3800.0,6685.805860178712,10000.0,-5000.0,5,3,2,0.0,2.0,46,12.0,0,1
CustomerId_4716,10000.0,10000.0,0.0,10000.0,10000.0,1,1,1,0.0,2.0,4,21.0,1,0
CustomerId_4717,10000.0,10000.0,0.0,10000.0,10000.0,1,1,1,0.0,2.0,7,19.0,1,0
CustomerId_4719,100000.0,4761.9047619047615,6268.211562357815,10000.0,-5000.0,21,3,2,0.0,2.0,11,12.904761904761905,1,0
CustomerId_4721,900.0,300.0,1539.4804318340653,2000.0,-1000.0,3,2,2,0.0,2.6666666666666665,42,17.0,0,1
CustomerId_4722,77510.0,1250.1612903225807,1879.0872321470283,10000.0,-1000.0,62,6,3,0.0,2.0,36,15.887096774193548,1,0
CustomerId_4725,100000.0,4347.826086956522,6109.6696507345405,11000.0,-5000.0,23,4,2,0.0,2.0,4,13.521739130434783,1,0
CustomerId_4727,14000.0,3500.0,7681.145747868608,10000.0,-5000.0,4,3,2,0.0,2.0,32,12.5,1,0
CustomerId_4728,168437.5,3437.5,12657.081160362368,85000.0,-5000.0,49,7,4,0.0,2.0,1,12.591836734693878,1,0
CustomerId_473,3000.0,1000.0,0.0,1000.0,1000.0,3,1,1,0.0,2.0,56,18.333333333333332,0,1
CustomerId_4730,5530.0,1106.0,2303.406173474405,5000.0,-1000.0,5,4,2,0.0,2.4,2,14.8,1,0
CustomerId_4732,85740.0,1504.2105263157894,3094.062255450188,11500.0,-5000.0,57,6,3,0.0,1.9824561403508771,65,12.087719298245615,0,1
CustomerId_4734,1950.0,487.5,1297.674201536477,2000.0,-1000.0,4,3,2,0.0,2.5,48,20.5,0,1
CustomerId_4737,31500.0,3937.5,5128.265510175653,15000.0,-1000.0,8,3,2,0.0,2.75,15,15.875,1,0
CustomerId_4738,24100.0,1147.6190476190477,1610.4864319884994,6000.0,-250.0,21,4,2,0.0,2.380952380952381,4,10.476190476190476,1,0
CustomerId_474,21500.0,1791.6666666666667,3068.448922155751,10000.0,-1000.0,12,4,2,0.0,2.1666666666666665,43,12.75,0,1
CustomerId_4740,3460.0,494.2857142857143,960.9519090092757,2000.0,-1000.0,7,4,2,0.0,2.2857142857142856,48,14.0,0,1
CustomerId_4741,150000.0,5000.0,6192.320048754497,10000.0,-5000.0,30,3,2,0.0,2.0,5,9.566666666666666,1,0
CustomerId_4742,10700.0,1528.5714285714287,2473.5024329307394,5000.0,-1000.0,7,3,2,0.0,2.0,44,8.285714285714286,0,1
CustomerId_4744,1500.0,750.0,353.5533905932738,1000.0,500.0,2,2,2,0.0,3.0,64,18.0,0,1
CustomerId_4746,34000.0,4250.0,5092.010548749033,10000.0,-5000.0,8,3,2,0.0,2.0,74,19.0,0,1
CustomerId_4748,72495.0,589.390243902439,636.4858005723834,2000.0,-100.0,123,3,2,0.0,2.926829268292683,1,12.235772357723578,1,0
CustomerId_4749,5500.0,785.7142857142857,906.3269671749657,2000.0,-1000.0,7,3,2,0.0,3.7142857142857144,35,14.142857142857142,1,0
CustomerId_4750,10000.0,10000.0,0.0,10000.0,10000.0,1,1,1,0.0,2.0,55,19.0,0,1
CustomerId_4753,16525.0,375.5681818181818,1103.8137987087648,5000.0,-2000.0,44,8,3,0.0,2.3181818181818183,5,16.431818181818183,1,0
CustomerId_4754,-430.0,-143.33333333333334,805.9983457385836,600.0,-1000.0,3,2,2,0.0,2.6666666666666665,50,5.0,0,1
CustomerId_4755,5000.0,5000.0,0.0,5000.0,5000.0,1,1,1,0.0,2.0,49,9.0,0,1
CustomerId_4756,10000.0,5000.0,0.0,5000.0,5000.0,2,1,1,0.0,4.0,76,12.5,0,1
CustomerId_4757,11770.0,735.625,960.9437635297221,2000.0,-1000.0,16,3,2,0.0,3.125,2,13.25,1,0
CustomerId_4759,18795.0,399.8936170212766,482.65061780900623,2000.0,-50.0,47,3,2,0.0,2.978723404255319,1,11.51063829787234,1,0
CustomerId_476,20000.0,4000.0,6745.368781616021,10000.0,-5000.0,5,3,2,0.0,2.0,11,17.0,1,0
CustomerId_4763,5000.0,5000.0,0.0,5000.0,5000.0,1,1,1,0.0,2.0,62,20.0,0,1
CustomerId_4766,18475.0,1847.5,2537.39942329412,5000.0,-1000.0,10,2,2,0.0,2.8,19,14.7,1,0
CustomerId_4768,24990.0,757.2727272727273,957.7537938037387,3000.0,-1000.0,33,7,4,0.0,2.0,43,14.878787878787879,0,1
CustomerId_4769,130000.0,130000.0,0.0,130000.0,130000.0,1,1,1,0.0,0.0,67,11.0,0,1
CustomerId_4770,19000.0,3166.6666666666665,7626.707459098367,10000.0,-5000.0,6,3,2,0.0,2.6666666666666665,67,18.0,0,1
CustomerId_4772,500.0,500.0,0.0,500.0,500.0,1,1,1,0.0,4.0,82,19.0,0,1
CustomerId_4773,16000.0,4000.0,1154.7005383792514,5000.0,3000.0,4,1,1,0.0,2.0,53,10.5,0,1
CustomerId_4774,510000.0,6538.461538461538,8760.688918667889,20000.0,-5000.0,78,4,2,0.0,2.0,5,8.217948717948717,1,0
CustomerId_4775,188110.0,2137.6136363636365,5854.37433356572,30000.0,-13000.0,88,7,4,0.0,2.227272727272727,1,10.352272727272727,1,0
CustomerId_4776,1440.0,360.0,494.70529947973404,1000.0,-50.0,4,3,2,0.0,2.5,84,6.5,0,1
CustomerId_4777,8000.0,800.0,752.772652709081,2000.0,-1000.0,10,3,2,0.0,3.8,37,14.3,0,1
CustomerId_4779,20000.0,4000.0,6745.368781616021,10000.0,-5000.0,5,3,2,0.0,2.0,25,15.0,1,0
CustomerId_478,19200.0,3840.0,6732.235884162112,10100.0,-5000.0,5,3,2,0.0,2.0,46,13.0,0,1
CustomerId_4781,-7776.0,-432.0,3181.996062407443,1108.0,-13000.0,18,7,3,0.0,2.2222222222222223,55,12.722222222222221,0,1
CustomerId_4782,88810.0,1216.5753424657535,1664.6865063379234,10000.0,-1000.0,73,5,3,0.0,2.0,0,11.438356164383562,1,0
CustomerId_4784,1000.0,1000.0,0.0,1000.0,1000.0,1,1,1,0.0,1.0,5,5.0,1,0
CustomerId_4785,135025.0,1106.7622950819673,1295.1005771803475,7000.0,-140.0,122,4,2,0.0,2.0,0,11.295081967213115,1,0
CustomerId_4786,500.0,500.0,0.0,500.0,500.0,1,1,1,0.0,4.0,28,18.0,1,0
CustomerId_4787,7425.0,1060.7142857142858,1181.7939349827045,2000.0,-1000.0,7,3,2,0.0,2.2857142857142856,14,10.285714285714286,1,0
CustomerId_4788,19000.0,3166.6666666666665,7626.707459098367,10000.0,-5000.0,6,3,2,0.0,1.6666666666666667,53,21.0,0,1
CustomerId_4789,500.0,500.0,0.0,500.0,500.0,1,1,1,0.0,4.0,82,7.0,0,1
CustomerId_4790,10000.0,10000.0,0.0,10000.0,10000.0,1,1,1,0.0,2.0,37,19.0,0,1
CustomerId_4791,51340.0,1047.7551020408164,2008.7016591425859,10000.0,-1000.0,49,5,3,0.0,2.0408163265306123,5,14.73469387755102,1,0
CustomerId_4792,10000.0,10000.0,0.0,10000.0,10000.0,1,1,1,0.0,2.0,74,13.0,0,1
CustomerId_4794,38435.0,960.875,3184.8654295726815,20000.0,-1000.0,40,6,4,0.0,2.0,45,16.2,0,1
CustomerId_4796,1490.0,372.5,255.0,500.0,-10.0,4,3,2,0.0,2.0,62,16.75,0,1
CustomerId_4799,2980.0,496.6666666666667,839.08680520353,1000.0,-1000.0,6,3,3,0.0,3.3333333333333335,14,18.833333333333332,1,0
CustomerId_480,60000.0,4615.384615384615,9197.26826779254,21000.0,-5000.0,13,3,2,0.0,2.769230769230769,0,13.692307692307692,1,0
CustomerId_4801,204970.0,823.1726907630522,885.8433961355724,5000.0,-250.0,249,4,2,0.0,3.0441767068273093,2,15.313253012048193,1,0
CustomerId_4803,21000.0,2625.0,2875.388172552906,5000.0,-2000.0,8,4,3,0.0,2.0,54,14.125,0,1
CustomerId_4805,80000.0,4705.882352941177,6302.427170169769,10000.0,-5000.0,17,3,2,0.0,2.0,11,11.411764705882353,1,0
CustomerId_4806,68912.5,2871.3541666666665,10091.91553808334,50000.0,-1000.0,24,5,3,0.0,3.0,14,12.083333333333334,1,0
CustomerId_4808,74000.0,24666.666666666668,47961.7903474561,80000.0,-5000.0,3,2,2,0.0,2.6666666666666665,59,12.0,0,1
CustomerId_4809,153484.0,3837.1,7901.676994352334,26000.0,-5000.0,40,5,4,0.0,2.3,2,13.875,1,0
CustomerId_4812,324446.0,5233.0,14398.86772301621,100000.0,-5000.0,62,8,5,0.0,2.3225806451612905,3,13.629032258064516,1,0
CustomerId_4813,190426.0,1560.8688524590164,3763.518425799967,20000.0,-10000.0,122,8,3,0.0,2.0245901639344264,0,13.655737704918034,1,0
CustomerId_4814,173664.0,2144.0,5863.301987788111,30000.0,-5000.0,81,7,5,0.0,2.259259259259259,19,13.283950617283951,1,0
CustomerId_4815,39000.0,5571.428571428572,9431.456989902512,20000.0,-5000.0,7,4,2,0.0,2.0,53,13.0,0,1
CustomerId_4816,12160.0,640.0,3071.6838487491946,3640.0,-10000.0,19,6,3,0.0,2.1052631578947367,20,12.052631578947368,1,0
CustomerId_4817,404694.0,2175.7741935483873,3746.9188383481514,15000.0,-6000.0,186,8,4,0.0,2.881720430107527,1,10.478494623655914,1,0
CustomerId_4818,111152.0,6947.0,7475.59588706256,16000.0,-5000.0,16,6,4,0.0,2.0,50,7.9375,0,1
CustomerId_482,10000.0,10000.0,0.0,10000.0,10000.0,1,1,1,0.0,2.0,11,17.0,1,0
CustomerId_4822,7480.0,467.5,567.7851706411501,1040.0,-1000.0,16,3,2,0.0,2.125,3,15.3125,1,0
CustomerId_4823,2500.0,1250.0,1060.6601717798212,2000.0,500.0,2,2,2,0.0,1.5,87,7.0,0,1
CustomerId_4824,553000.0,6010.869565217391,8069.321315221889,50000.0,-5000.0,92,7,4,0.0,1.891304347826087,11,9.532608695652174,1,0
CustomerId_4825,1000.0,1000.0,0.0,1000.0,1000.0,1,1,1,0.0,4.0,15,20.0,1,0
CustomerId_4826,10000.0,10000.0,0.0,10000.0,10000.0,1,1,1,0.0,4.0,11,14.0,1,0
CustomerId_4827,105250.0,1052.5,1892.7519353810965,9400.0,-58.0,100,5,3,0.0,2.0,5,14.23,1,0
CustomerId_4828,10550.0,959.0909090909091,1301.3105282403162,3000.0,-1000.0,11,3,2,0.0,2.909090909090909,19,19.0,1,0
CustomerId_483,93160.0,1109.047619047619,1704.73940279447,10000.0,-150.0,84,5,2,0.0,2.0,1,11.488095238095237,1,0
CustomerId_4830,2000.0,2000.0,0.0,2000.0,2000.0,1,1,1,0.0,2.0,15,11.0,1,0
CustomerId_4831,1000.0,1000.0,0.0,1000.0,1000.0,1,1,1,0.0,2.0,54,13.0,0,1
CustomerId_4832,81000.0,3857.1428571428573,5839.826318356688,10000.0,-5000.0,21,4,2,0.0,2.0,4,11.571428571428571,1,0
CustomerId_4833,201511.3,4287.474468085106,8715.923102461931,35375.0,-9500.0,47,4,2,0.0,2.297872340425532,4,12.893617021276595,1,0
CustomerId_4834,295554.0,3838.3636363636365,7681.774414515334,30000.0,-5000.0,77,8,4,0.0,1.6623376623376624,4,14.03896103896104,1,0
CustomerId_4835,39000.0,3900.0,6779.70828608757,10700.0,-5000.0,10,3,2,0.0,2.8,61,12.1,0,1
CustomerId_4836,2000.0,2000.0,0.0,2000.0,2000.0,1,1,1,0.0,2.0,82,20.0,0,1
CustomerId_4837,40000.0,3333.3333333333335,5698.218754110531,10000.0,-5000.0,12,4,2,0.0,2.0,11,10.0,1,0
CustomerId_4838,2000.0,2000.0,0.0,2000.0,2000.0,1,1,1,0.0,4.0,29,6.0,1,0
CustomerId_4839,10939.0,643.4705882352941,1276.6345462605507,5000.0,-1000.0,17,5,2,0.0,2.0,13,12.705882352941176,1,0
CustomerId_4840,925566.2,2132.641013824885,7530.796930447946,100000.0,-5000.0,434,9,5,0.0,2.0,0,14.65668202764977,1,0
CustomerId_4841,183992.0,1343.007299270073,3521.628305069116,25000.0,-5000.0,137,6,2,0.0,2.0,5,14.795620437956204,1,0
CustomerId_4843,42729.0,1124.4473684210527,1392.2238616468376,5000.0,-1000.0,38,6,4,0.0,2.1052631578947367,6,10.473684210526315,1,0
CustomerId_4845,1200.0,600.0,0.0,600.0,600.0,2,1,1,0.0,2.0,38,11.5,0,1
CustomerId_4846,737132.0,4006.1521739130435,8199.221329062053,32200.0,-5000.0,184,6,4,0.0,1.9945652173913044,4,11.173913043478262,1,0
CustomerId_4847,100000.0,3846.153846153846,5801.3261083466605,10000.0,-5000.0,26,4,2,0.0,2.0,12,9.73076923076923,1,0
CustomerId_4848,34960.0,5826.666666666667,13347.668960034433,33000.0,-1000.0,6,3,3,0.0,2.8333333333333335,62,9.333333333333334,0,1
CustomerId_485,14340.0,623.4782608695652,667.5045706050679,2000.0,-75.0,23,4,2,0.0,2.782608695652174,42,11.347826086956522,0,1
CustomerId_4851,-8920.0,-1486.6666666666667,11093.736370883647,15120.0,-14000.0,6,4,2,0.0,2.6666666666666665,54,18.166666666666668,0,1
CustomerId_4854,50000.0,3846.153846153846,9397.217264046432,25000.0,-5000.0,13,6,4,0.0,1.6153846153846154,34,9.461538461538462,1,0
CustomerId_4855,1425.0,356.25,498.48729505708906,1000.0,-50.0,4,3,2,0.0,3.0,83,17.0,0,1
CustomerId_4856,4945.0,549.4444444444445,472.24493409435087,1000.0,-25.0,9,4,3,0.0,2.0,63,14.777777777777779,0,1
CustomerId_4857,20000.0,3333.3333333333335,6088.2400303098,10000.0,-5000.0,6,3,2,0.0,2.0,12,8.0,1,0
CustomerId_4858,195144.0,2748.507042253521,7461.487951710512,50000.0,-5000.0,71,10,5,0.0,2.0,35,12.112676056338028,1,0
CustomerId_4859,200000.0,200000.0,0.0,200000.0,200000.0,1,1,1,0.0,0.0,66,5.0,0,1
CustomerId_4861,76735.0,1023.1333333333333,1720.0773421747822,10000.0,-5000.0,75,5,2,0.0,2.72,0,14.24,1,0
CustomerId_4863,-510.0,-170.0,762.6925986267338,500.0,-1000.0,3,2,2,0.0,2.6666666666666665,32,18.0,1,0
CustomerId_4864,100600.0,3353.3333333333335,3178.563255279985,10000.0,-1000.0,30,4,2,0.0,2.0,36,15.0,1,0
CustomerId_4865,3000.0,1000.0,7937.253933193771,10000.0,-5000.0,3,2,2,0.0,2.0,82,11.0,0,1
CustomerId_4866,10000.0,2500.0,6757.711644237764,10000.0,-5000.0,4,2,2,0.0,2.5,18,16.0,1,0
CustomerId_4867,133930.0,2790.2083333333335,4930.42978558334,16000.0,-5000.0,48,5,2,0.0,2.0,4,16.6875,1,0
CustomerId_4868,1000.0,1000.0,0.0,1000.0,1000.0,1,1,1,0.0,2.0,35,3.0,1,0
CustomerId_487,5000.0,5000.0,0.0,5000.0,5000.0,1,1,1,0.0,2.0,30,9.0,1,0
CustomerId_4870,12873.0,757.2352941176471,945.0753626967908,2500.0,-1000.0,17,5,2,0.0,2.1176470588235294,7,11.117647058823529,1,0
CustomerId_4872,20000.0,2857.1428571428573,7160.506765785306,10700.0,-5000.0,7,3,2,0.0,2.5714285714285716,88,13.0,0,1
CustomerId_4873,875234.0,4511.515463917526,13454.37190249187,105000.0,-10000.0,194,11,5,0.0,2.020618556701031,3,11.118556701030927,1,0
CustomerId_4875,10000.0,5000.0,0.0,5000.0,5000.0,2,2,2,0.0,3.0,60,13.0,0,1
CustomerId_4876,5000.0,5000.0,0.0,5000.0,5000.0,1,1,1,0.0,2.0,11,7.0,1,0
CustomerId_4877,91255.0,6083.666666666667,12511.11683758926,37000.0,-5000.0,15,5,3,0.0,2.533333333333333,4,15.466666666666667,1,0
CustomerId_4878,50804960.0,247829.07317073172,481438.10289510206,3000000.0,-12000.0,205,3,2,0.1073170731707317,1.8048780487804879,48,13.55609756097561,1,0
CustomerId_4879,1955.0,244.375,600.389382579577,1000.0,-1000.0,8,4,2,0.0,2.5,13,9.75,1,0
CustomerId_488,66552.0,6050.181818181818,7335.23335440914,18000.0,-1000.0,11,4,3,0.0,2.0,0,10.909090909090908,1,0
CustomerId_4880,19000.0,3166.6666666666665,7626.707459098367,10000.0,-5000.0,6,3,2,0.0,2.6666666666666665,61,6.0,0,1
CustomerId_4882,161659.0,1496.8425925925926,4314.989880240755,28000.0,-10000.0,108,8,4,0.0,2.7222222222222223,1,12.648148148148149,1,0
CustomerId_4884,500.0,500.0,0.0,500.0,500.0,1,1,1,0.0,4.0,61,18.0,0,1
CustomerId_4887,182500.0,36500.0,40218.15510438041,90000.0,-5000.0,5,3,2,0.0,2.4,56,9.4,0,1
CustomerId_4888,1140060.0,8382.79411764706,18238.011818672538,100000.0,-5000.0,136,6,3,0.0,2.0,4,12.772058823529411,1,0
CustomerId_4889,493113.0,49311.3,53431.07485983955,100000.0,-1629.0,10,2,2,0.0,1.6,15,15.2,1,0
CustomerId_489,50000.0,50000.0,0.0,50000.0,50000.0,1,1,1,0.0,2.0,81,4.0,0,1
CustomerId_4891,52850.0,2402.2727272727275,4769.208711264556,11000.0,-5000.0,22,5,2,0.0,2.272727272727273,0,12.954545454545455,1,0
CustomerId_4892,126820.0,5513.913043478261,5892.051455624876,10000.0,-5000.0,23,3,2,0.0,2.0,12,9.695652173913043,1,0
CustomerId_4893,2000.0,2000.0,0.0,2000.0,2000.0,1,1,1,0.0,2.0,27,15.0,1,0
CustomerId_4894,1980.0,660.0,588.8972745734183,1000.0,-20.0,3,3,2,0.0,2.0,66,11.666666666666666,0,1
CustomerId_4895,20625.0,896.7391304347826,2627.350726101231,10000.0,-5000.0,23,2,2,0.0,2.9565217391304346,51,11.304347826086957,0,1
CustomerId_4896,146800.0,4317.64705882353,5521.224643919812,15000.0,-5000.0,34,4,2,0.0,2.7058823529411766,1,12.411764705882353,1,0
CustomerId_4898,131120.0,6901.0526315789475,12268.155586602088,33000.0,-10000.0,19,6,5,0.0,2.5789473684210527,25,13.736842105263158,1,0
CustomerId_4900,8810.0,881.0,1691.544002120876,5000.0,-1000.0,10,5,3,0.0,2.0,41,13.0,0,1
CustomerId_4901,115000.0,4791.666666666667,6379.172405548399,10000.0,-5000.0,24,3,2,0.0,2.0,12,8.041666666666666,1,0
CustomerId_4902,14750.0,4916.666666666667,5125.508104893926,10000.0,-250.0,3,3,3,0.0,3.3333333333333335,28,7.666666666666667,1,0
CustomerId_4903,2960.0,740.0,1506.784656146989,2000.0,-1000.0,4,3,2,0.0,2.0,53,4.75,0,1
CustomerId_4904,3860.0,482.5,553.3469590978676,1000.0,-50.0,8,3,2,0.0,2.0,83,7.75,0,1
CustomerId_4906,500.0,500.0,0.0,500.0,500.0,1,1,1,0.0,4.0,87,11.0,0,1
CustomerId_4908,108445.5,1106.5867346938776,2082.3957419051485,14000.0,-100.0,98,5,2,0.0,2.0,6,12.377551020408163,1,0
CustomerId_491,-50.0,-16.666666666666668,1000.4165798972613,1000.0,-1000.0,3,2,2,0.0,2.6666666666666665,30,18.666666666666668,1,0
CustomerId_4911,490.0,245.0,360.62445840513925,500.0,-10.0,2,2,2,0.0,3.0,28,10.0,1,0
CustomerId_4912,674666.0,11060.098360655738,24746.897093511147,90000.0,-1629.0,61,8,4,0.0,2.0,28,13.229508196721312,1,0
CustomerId_4913,10000.0,10000.0,0.0,10000.0,10000.0,1,1,1,0.0,2.0,56,13.0,0,1
CustomerId_4915,2950.0,983.3333333333334,1025.1016209787854,2000.0,-50.0,3,3,2,0.0,2.0,25,22.0,1,0
CustomerId_4917,29200.0,2654.5454545454545,2642.011974372424,9000.0,-250.0,11,2,2,0.0,3.090909090909091,0,13.0,1,0
CustomerId_492,1281914.2,32869.59487179487,89915.91266072735,400000.0,-5000.0,39,6,3,0.0,2.0,5,13.538461538461538,1,0
CustomerId_4920,451990.0,5255.697674418605,9199.109950641667,50000.0,-5000.0,86,6,3,0.0,2.0697674418604652,4,13.895348837209303,1,0
CustomerId_4921,15000.0,7500.0,3535.5339059327375,10000.0,5000.0,2,2,2,0.0,3.0,62,16.0,0,1
CustomerId_4922,2000.0,2000.0,0.0,2000.0,2000.0,1,1,1,0.0,2.0,48,13.0,0,1
CustomerId_4923,20530.0,2053.0,4597.158663541838,15000.0,-1000.0,10,4,3,0.0,3.4,63,13.2,0,1
CustomerId_4924,3665.0,407.22222222222223,612.245411942339,1000.0,-1000.0,9,4,2,0.0,2.888888888888889,10,17.666666666666668,1,0
CustomerId_4925,5988800.0,1197760.0,2132208.9691209914,5000000.0,50000.0,5,1,1,0.4,2.0,33,8.8,1,0
CustomerId_4926,357066.0,3306.1666666666665,8119.927294113058,50000.0,-5000.0,108,7,4,0.0,2.3518518518518516,1,11.675925925925926,1,0
CustomerId_4927,120112.0,1766.3529411764705,3657.025762257099,20000.0,-250.0,68,7,3,0.0,2.0294117647058822,2,16.205882352941178,1,0
CustomerId_4928,78400.0,1045.3333333333333,1532.7297088398725,7000.0,-1000.0,75,5,3,0.0,2.0,3,11.146666666666667,1,0
CustomerId_4929,40000.0,4000.0,6164.414002968976,10000.0,-5000.0,10,3,2,0.0,2.0,19,12.7,1,0
CustomerId_493,30650.0,4378.571428571428,7312.880026755142,20000.0,-1000.0,7,4,2,0.0,2.2857142857142856,29,12.571428571428571,1,0
CustomerId_4931,2500.0,2500.0,0.0,2500.0,2500.0,1,1,1,0.0,2.0,12,5.0,1,0
CustomerId_4932,10000.0,10000.0,0.0,10000.0,10000.0,1,1,1,0.0,2.0,7,15.0,1,0
CustomerId_4933,1910.0,318.3333333333333,989.412283462595,1500.0,-1000.0,6,2,2,0.0,2.6666666666666665,25,11.5,1,0
CustomerId_4934,21840.0,1213.3333333333333,1057.3885701270344,3000.0,-50.0,18,4,2,0.0,2.0,21,9.777777777777779,1,0
CustomerId_4935,-13600.0,-2266.6666666666665,1751.1900715418262,-500.0,-5500.0,6,3,2,0.0,3.3333333333333335,6,10.166666666666666,1,0
CustomerId_4936,70610.0,2017.4285714285713,4263.607518948038,20000.0,-70.0,35,4,3,0.0,2.0,2,14.085714285714285,1,0
CustomerId_4938,26164.0,1377.0526315789473,2573.827790874134,10000.0,-1000.0,19,6,4,0.0,2.0,13,11.736842105263158,1,0
CustomerId_4939,140619.0,8271.70588235294,15162.804472477652,35000.0,-1725.0,17,6,4,0.0,2.588235294117647,50,13.882352941176471,0,1
CustomerId_494,20000.0,4000.0,6745.368781616021,10000.0,-5000.0,5,3,2,0.0,2.0,4,17.0,1,0
CustomerId_4940,70000.0,3500.0,7013.37068898063,10700.0,-5000.0,20,3,2,0.0,2.7,54,11.85,0,1
CustomerId_4941,38990.0,3544.5454545454545,5697.628214680849,13000.0,-1000.0,11,4,3,0.0,2.0,2,11.0,1,0
CustomerId_4942,108750.0,6796.875,7515.505499742959,20000.0,-500.0,16,7,3,0.0,2.125,23,11.625,1,0
CustomerId_4943,736410.0,4232.241379310345,8177.188258456057,30000.0,-5000.0,174,7,4,0.0,1.9080459770114941,7,12.367816091954023,1,0
CustomerId_4944,624988.0,3531.005649717514,16276.252769301513,125000.0,-5000.0,177,9,4,0.0,2.0,22,15.796610169491526,1,0
CustomerId_4945,72930.55,1215.5091666666667,1203.3913295663906,5000.0,-1000.0,60,6,3,0.0,2.1,0,13.683333333333334,1,0
CustomerId_4946,61455.0,1755.857142857143,5028.969676623967,30000.0,-100.0,35,6,3,0.0,2.0,15,11.085714285714285,1,0
CustomerId_4947,12360.0,1373.3333333333333,1341.0070842467612,4400.0,-20.0,9,3,2,0.0,2.888888888888889,4,11.222222222222221,1,0
CustomerId_4948,7500.0,937.5,176.77669529663686,1000.0,500.0,8,2,2,0.0,2.75,76,11.75,0,1
CustomerId_4949,4000.0,2000.0,2121.3203435596424,3500.0,500.0,2,2,2,0.0,3.0,40,18.5,0,1
CustomerId_495,1000.0,1000.0,0.0,1000.0,1000.0,1,1,1,0.0,2.0,32,2.0,1,0
CustomerId_4951,2000.0,2000.0,0.0,2000.0,2000.0,1,1,1,0.0,4.0,34,13.0,1,0
CustomerId_4953,1520.0,760.0,1187.9393923933999,1600.0,-80.0,2,2,2,0.0,3.0,80,7.0,0,1
CustomerId_4954,81727.0,1201.8676470588234,1600.9998266420314,5000.0,-250.0,68,6,3,0.0,2.6176470588235294,4,13.544117647058824,1,0
CustomerId_4955,2000.0,1000.0,0.0,1000.0,1000.0,2,1,1,0.0,2.0,33,11.5,1,0
CustomerId_4956,2960.0,740.0,1506.784656146989,2000.0,-1000.0,4,3,2,0.0,2.5,5,18.25,1,0
CustomerId_4957,1000.0,1000.0,0.0,1000.0,1000.0,1,1,1,0.0,2.0,52,4.0,0,1
CustomerId_4958,9377.0,625.1333333333333,898.1104662143792,2000.0,-1000.0,15,4,3,0.0,3.066666666666667,0,15.533333333333333,1,0
CustomerId_4959,21300.0,1065.0,1109.4213759765423,3000.0,-150.0,20,3,2,0.0,3.2,2,14.25,1,0
CustomerId_496,21130.0,880.4166666666666,3687.0708052854648,10000.0,-13000.0,24,6,4,0.0,2.0,0,11.708333333333334,1,0
CustomerId_4961,40000.0,4000.0,6164.414002968976,10000.0,-5000.0,10,3,2,0.0,2.0,4,10.0,1,0
CustomerId_4963,10000.0,10000.0,0.0,10000.0,10000.0,1,1,1,0.0,2.0,53,21.0,0,1
CustomerId_4965,1950.0,650.0,606.2177826491071,1000.0,-50.0,3,2,2,0.0,3.3333333333333335,85,13.333333333333334,0,1
CustomerId_4966,-500.0,-250.0,1060.6601717798212,500.0,-1000.0,2,2,2,0.0,3.0,34,20.0,1,0
CustomerId_4968,20000.0,4000.0,6745.368781616021,10000.0,-5000.0,5,3,2,0.0,2.0,4,18.0,1,0
CustomerId_4969,133356.0,1905.0857142857142,5076.677287596845,30000.0,-1000.0,70,6,3,0.0,1.9714285714285715,7,11.871428571428572,1,0
CustomerId_497,3450.0,862.5,871.1821470469498,2000.0,-50.0,4,3,2,0.0,2.0,88,11.5,0,1
CustomerId_4970,8400.0,1400.0,1810.8009277664953,5000.0,-50.0,6,3,2,0.0,2.3333333333333335,85,12.333333333333334,0,1
CustomerId_4971,395300.0,6935.087719298245,8171.651590976624,31200.0,-5000.0,57,6,3,0.0,2.0,2,11.526315789473685,1,0
CustomerId_4972,80000.0,80000.0,0.0,80000.0,80000.0,1,1,1,0.0,2.0,58,11.0,0,1
CustomerId_4973,1000.0,500.0,0.0,500.0,500.0,2,1,1,0.0,2.0,15,9.5,1,0
CustomerId_4976,19000.0,3800.0,6685.805860178712,10000.0,-5000.0,5,3,2,0.0,2.0,46,14.0,0,1
CustomerId_4977,1000.0,1000.0,0.0,1000.0,1000.0,1,1,1,0.0,4.0,69,14.0,0,1
CustomerId_4978,223116.0,3657.6393442622953,6523.785869244908,28000.0,-5000.0,61,7,4,0.0,2.0,0,13.721311475409836,1,0
CustomerId_4979,7075.0,1010.7142857142857,2007.271009296429,4500.0,-1000.0,7,3,2,0.0,2.857142857142857,11,12.571428571428571,1,0
CustomerId_498,40000.0,4000.0,4109.609335312651,10000.0,-5000.0,10,3,2,0.0,2.0,4,13.0,1,0
CustomerId_4980,75286.0,5377.571428571428,9616.019460449124,26000.0,-5000.0,14,4,4,0.0,2.2857142857142856,1,9.285714285714286,1,0
CustomerId_4982,1000.0,1000.0,0.0,1000.0,1000.0,1,1,1,0.0,4.0,51,10.0,0,1
CustomerId_4983,88025.5,1491.957627118644,2578.943261747244,10000.0,-1000.0,59,4,3,0.0,2.0338983050847457,13,10.830508474576272,1,0
CustomerId_4984,5000.0,5000.0,0.0,5000.0,5000.0,1,1,1,0.0,2.0,3,5.0,1,0
CustomerId_4986,10000.0,10000.0,0.0,10000.0,10000.0,1,1,1,0.0,2.0,14,7.0,1,0
CustomerId_4987,83260.5,979.535294117647,1251.7537311713515,6000.0,-1000.0,85,6,4,0.0,2.0,11,13.658823529411764,1,0
CustomerId_4989,56600.0,5145.454545454545,7150.855002915894,20000.0,-1000.0,11,3,2,0.0,2.909090909090909,3,17.818181818181817,1,0
CustomerId_4990,129440.0,2489.230769230769,2921.979007154291,10000.0,-1000.0,52,6,3,0.0,2.1153846153846154,0,9.557692307692308,1,0
CustomerId_4993,5000.0,5000.0,0.0,5000.0,5000.0,1,1,1,0.0,2.0,60,3.0,0,1
CustomerId_4994,12000.0,800.0,1097.0740305792626,4000.0,-1000.0,15,3,2,0.0,2.0,10,13.0,1,0
CustomerId_4997,685507.0,7971.011627906977,20624.680258332526,130000.0,-5000.0,86,8,5,0.0,2.0,7,16.023255813953487,1,0
CustomerId_4998,88365.0,3681.875,5593.659806171082,8085.0,-7000.0,24,6,3,0.0,2.5,33,11.708333333333334,1,0
CustomerId_4999,164687.0,8234.35,13302.70940853384,32000.0,-1005.0,20,6,4,0.0,2.0,4,13.1,1,0
CustomerId_5,-10000.0,-10000.0,0.0,-10000.0,-10000.0,1,1,1,0.0,4.0,83,16.0,0,1
CustomerId_500,12500.0,1562.5,4083.394071462751,10000.0,-2000.0,8,4,4,0.0,2.0,64,12.125,0,1
CustomerId_5000,45200.0,9040.0,9083.391437123031,16000.0,-1000.0,5,3,2,0.0,2.0,62,19.2,0,1
CustomerId_5001,7018.0,1002.5714285714286,892.3263336438557,2000.0,-50.0,7,5,2,0.0,2.0,16,11.714285714285714,1,0
CustomerId_5002,19000.0,3166.6666666666665,7626.707459098367,10000.0,-5000.0,6,3,2,0.0,1.6666666666666667,53,18.0,0,1
CustomerId_5003,1000.0,1000.0,0.0,1000.0,1000.0,1,1,1,0.0,4.0,3,22.0,1,0
CustomerId_5004,12000.0,12000.0,0.0,12000.0,12000.0,1,1,1,0.0,2.0,8,19.0,1,0
CustomerId_5006,70555.0,3067.608695652174,10296.980787586279,50000.0,-100.0,23,3,2,0.0,1.9130434782608696,0,14.173913043478262,1,0
CustomerId_5007,97439.0,5128.368421052632,12057.03992238802,50000.0,-1000.0,19,4,2,0.0,2.0,2,14.631578947368421,1,0
CustomerId_5008,3930.0,561.4285714285714,982.8941715062473,2000.0,-1000.0,7,4,2,0.0,2.0,10,12.571428571428571,1,0
CustomerId_5009,40000.0,4444.444444444444,6463.573143221772,10000.0,-5000.0,9,3,2,0.0,2.0,12,11.333333333333334,1,0
CustomerId_501,35000.0,2500.0,4815.83925108674,10000.0,-5000.0,14,4,3,0.0,2.0,55,12.571428571428571,0,1
CustomerId_5010,1400.0,233.33333333333334,828.200861305195,1500.0,-1000.0,6,2,2,0.0,3.0,13,10.0,1,0
CustomerId_5013,42112.0,1238.5882352941176,1493.8593118141216,5200.0,-260.0,34,4,2,0.0,2.0,30,14.411764705882353,1,0
CustomerId_5014,13960.0,775.5555555555555,579.5050852156949,1500.0,-50.0,18,3,2,0.0,3.5555555555555554,9,13.555555555555555,1,0
CustomerId_5015,70000.0,3333.3333333333335,7206.478566771244,11000.0,-5000.0,21,3,2,0.0,2.6666666666666665,0,12.238095238095237,1,0
CustomerId_5016,135750.0,5656.25,11288.656411945423,50000.0,-5000.0,24,4,3,0.0,2.9166666666666665,3,13.375,1,0
CustomerId_5018,90000.0,3913.0434782608695,8033.526585946836,20000.0,-5000.0,23,3,2,0.0,2.608695652173913,0,12.217391304347826,1,0
CustomerId_5019,39970.0,1427.5,1356.3052344103407,5000.0,-1000.0,28,3,2,0.0,2.0714285714285716,0,10.821428571428571,1,0
CustomerId_502,2000.0,2000.0,0.0,2000.0,2000.0,1,1,1,0.0,4.0,28,21.0,1,0
CustomerId_5021,20620.0,1288.75,2561.944248677815,10000.0,-1000.0,16,4,2,0.0,2.0,43,11.9375,0,1
CustomerId_5022,63445.0,2643.5416666666665,4122.395525389773,15000.0,-80.0,24,5,3,0.0,1.75,7,12.458333333333334,1,0
CustomerId_5024,2930.0,488.3333333333333,1055.6593516218509,2000.0,-1000.0,6,4,2,0.0,2.0,68,10.833333333333334,0,1
CustomerId_5026,60000.0,4000.0,8585.70240075241,20000.0,-5000.0,15,3,2,0.0,2.8,0,16.0,1,0
CustomerId_5027,82675.0,2505.3030303030305,3391.7740424891267,10000.0,-1000.0,33,5,2,0.0,2.1818181818181817,15,17.03030303030303,1,0
CustomerId_5028,475.0,237.5,371.23106012293744,500.0,-25.0,2,2,2,0.0,3.0,84,13.0,0,1
CustomerId_5029,19660.0,3276.6666666666665,4028.680511863241,10000.0,-250.0,6,5,2,0.0,2.0,2,9.833333333333334,1,0
CustomerId_503,29000.0,3625.0,8416.607731995457,15000.0,-5000.0,8,4,2,0.0,2.75,67,19.5,0,1
CustomerId_5030,5000.0,5000.0,0.0,5000.0,5000.0,1,1,1,0.0,2.0,40,13.0,0,1
CustomerId_5031,34355.66,1431.4858333333334,2266.673502991662,8000.0,-1000.0,24,5,3,0.0,2.0,9,13.333333333333334,1,0
CustomerId_5032,398200.0,66366.66666666667,31009.783402446825,80000.0,3200.0,6,2,2,0.0,2.0,6,12.5,1,0
CustomerId_5033,5890.0,490.8333333333333,592.8238790021463,1500.0,-75.0,12,2,2,0.0,3.0,7,14.333333333333334,1,0
CustomerId_5034,2000.0,2000.0,0.0,2000.0,2000.0,1,1,1,0.0,4.0,76,18.0,0,1
CustomerId_5035,285400.0,142700.0,201101.1685694541,284900.0,500.0,2,2,2,0.0,3.0,24,6.5,1,0
CustomerId_5036,20000.0,4000.0,6745.368781616021,10000.0,-5000.0,5,3,2,0.0,2.0,4,14.0,1,0
CustomerId_5037,0.0,0.0,866.0254037844386,500.0,-1000.0,3,2,2,0.0,3.3333333333333335,35,14.666666666666666,1,0
CustomerId_5039,40000.0,4444.444444444444,8735.00302105144,20000.0,-5000.0,9,4,2,0.0,2.0,81,9.444444444444445,0,1
CustomerId_504,1000.0,1000.0,0.0,1000.0,1000.0,1,1,1,0.0,2.0,52,6.0,0,1
CustomerId_5040,262703.0,7297.305555555556,29543.668032078927,175208.0,-5000.0,36,5,3,0.0,2.4444444444444446,1,14.0,1,0
CustomerId_5041,160000.0,8000.0,10545.091150313545,30700.0,-5000.0,20,4,2,0.0,2.0,68,14.6,0,1
CustomerId_5042,1425.0,356.25,498.48729505708906,1000.0,-50.0,4,2,2,0.0,3.0,23,11.0,1,0
CustomerId_5043,5000.0,5000.0,0.0,5000.0,5000.0,1,1,1,0.0,2.0,17,13.0,1,0
CustomerId_5044,80480.0,6190.7692307692305,7488.281357715379,20000.0,-2000.0,13,5,3,0.0,2.0,11,13.923076923076923,1,0
CustomerId_5045,500.0,500.0,0.0,500.0,500.0,1,1,1,0.0,2.0,39,7.0,0,1
CustomerId_5046,8000.0,8000.0,0.0,8000.0,8000.0,1,1,1,0.0,2.0,1,19.0,1,0
CustomerId_5047,25250.0,701.3888888888889,3184.1656478606565,15000.0,-2000.0,36,7,3,0.0,2.6666666666666665,20,11.027777777777779,1,0
CustomerId_5048,54500.1,2096.1576923076923,4845.315618051982,15500.0,-5000.0,26,5,3,0.0,2.0,1,14.5,1,0
CustomerId_5049,10225.0,786.5384615384615,1009.5695960312836,2000.0,-1000.0,13,4,2,0.0,2.0,12,14.538461538461538,1,0
CustomerId_505,500.0,500.0,0.0,500.0,500.0,1,1,1,0.0,2.0,83,6.0,0,1
CustomerId_5050,1000.0,1000.0,0.0,1000.0,1000.0,1,1,1,0.0,2.0,31,14.0,1,0
CustomerId_5051,20820.0,1095.7894736842106,1286.84504717491,5000.0,-50.0,19,5,3,0.0,2.6315789473684212,0,13.842105263157896,1,0
CustomerId_5052,11000.0,2750.0,2061.5528128088304,5000.0,1000.0,4,2,2,0.0,2.5,31,13.75,1,0
CustomerId_5054,6848030.0,51879.01515151515,137039.2940966334,500000.0,-25000.0,132,7,5,0.05303030303030303,2.3863636363636362,1,11.969696969696969,1,0
CustomerId_5056,100000.0,5882.35294117647,5988.3465261829215,10000.0,-5000.0,17,3,2,0.0,2.0,12,11.0,1,0
CustomerId_5057,115630.0,1313.9772727272727,1957.5781364729926,7000.0,-350.0,88,5,3,0.0,2.977272727272727,5,11.840909090909092,1,0
CustomerId_506,950.0,475.0,742.4621202458749,1000.0,-50.0,2,2,2,0.0,2.0,85,14.0,0,1
CustomerId_5060,-510.0,-170.0,762.6925986267338,500.0,-1000.0,3,2,2,0.0,2.6666666666666665,43,7.0,0,1
CustomerId_5061,5000.0,5000.0,0.0,5000.0,5000.0,1,1,1,0.0,2.0,1,9.0,1,0
CustomerId_5065,562750.0,14429.48717948718,26281.90471635509,85000.0,-5000.0,39,4,2,0.0,2.923076923076923,0,12.794871794871796,1,0
CustomerId_5066,-10000.0,-10000.0,0.0,-10000.0,-10000.0,1,1,1,0.0,4.0,71,15.0,0,1
CustomerId_5067,25200.0,5040.0,5099.313679310188,10100.0,-1000.0,5,3,2,0.0,2.0,33,10.8,1,0
CustomerId_5068,80000.0,10000.0,10350.983390135314,20000.0,-5000.0,8,4,2,0.0,2.0,68,7.0,0,1
CustomerId_5069,425.0,85.0,744.4796840747234,1000.0,-1000.0,5,2,2,0.0,2.8,62,8.4,0,1
CustomerId_507,2100.0,1050.0,70.71067811865476,1100.0,1000.0,2,2,2,0.0,3.0,89,18.0,0,1
CustomerId_5073,1265215.0,10370.61475409836,90674.09879328455,1000000.0,-1000.0,122,5,2,0.0,2.0,22,10.040983606557377,1,0
CustomerId_5074,29660.0,1022.7586206896551,2536.714194374464,10000.0,-1000.0,29,5,2,0.0,2.0,47,12.172413793103448,0,1
CustomerId_5076,19000.0,3800.0,6685.805860178712,10000.0,-5000.0,5,3,2,0.0,2.0,11,13.0,1,0
CustomerId_508,280209.0,4002.9857142857145,5749.483980608279,14000.0,-5000.0,70,5,3,0.0,2.0,4,11.585714285714285,1,0
CustomerId_5080,19000.0,3166.6666666666665,7626.707459098367,10000.0,-5000.0,6,3,2,0.0,1.6666666666666667,53,18.0,0,1
CustomerId_5081,44695.5,876.3823529411765,1168.7942316260603,5000.0,-250.0,51,3,3,0.0,2.9411764705882355,18,14.803921568627452,1,0
CustomerId_5082,40000.0,4444.444444444444,6554.790444993477,10500.0,-5000.0,9,3,2,0.0,2.0,46,14.88888888888889,0,1
CustomerId_5085,35887.0,2242.9375,6566.649835532575,14000.0,-10000.0,16,7,4,0.0,2.5,32,12.5625,1,0
CustomerId_5087,2000.0,2000.0,0.0,2000.0,2000.0,1,1,1,0.0,0.0,74,9.0,0,1
CustomerId_5089,500.0,500.0,0.0,500.0,500.0,1,1,1,0.0,4.0,74,21.0,0,1
CustomerId_509,66000.0,5076.923076923077,6601.281926786878,11000.0,-5000.0,13,3,2,0.0,2.0,5,7.923076923076923,1,0
CustomerId_5090,121000.0,4033.3333333333335,5622.021561394229,11000.0,-5000.0,30,5,3,0.0,2.0,4,13.4,1,0
CustomerId_5091,13500.0,843.75,862.3369411082886,2000.0,-100.0,16,4,2,0.0,3.125,80,16.375,0,1
CustomerId_5092,40000.0,3636.3636363636365,5903.773831588186,10000.0,-5000.0,11,4,2,0.0,2.0,5,11.454545454545455,1,0
CustomerId_5094,49435.0,1177.0238095238096,1987.7702483926282,8000.0,-1000.0,42,5,3,0.0,2.0476190476190474,1,8.595238095238095,1,0
CustomerId_5095,50000.0,50000.0,0.0,50000.0,50000.0,1,1,1,0.0,2.0,49,13.0,0,1
CustomerId_5097,4000.0,4000.0,0.0,4000.0,4000.0,1,1,1,0.0,2.0,5,10.0,1,0
CustomerId_5099,5000.0,5000.0,0.0,5000.0,5000.0,1,1,1,0.0,4.0,7,9.0,1,0
CustomerId_5100,40000.0,20000.0,0.0,20000.0,20000.0,2,2,2,0.0,2.0,26,6.0,1,0
CustomerId_5101,31940.0,4562.857142857143,7748.810046894758,20000.0,-1000.0,7,3,2,0.0,2.2857142857142856,76,20.0,0,1
CustomerId_5103,2950.0,737.5,525.0,1000.0,-50.0,4,3,2,0.0,3.0,26,7.0,1,0
CustomerId_5105,1135000.0,141875.0,162523.34997074815,500000.0,5000.0,8,2,2,0.125,0.75,42,17.125,0,1
CustomerId_5106,100000.0,50000.0,0.0,50000.0,50000.0,2,1,1,0.0,2.0,32,14.0,1,0
CustomerId_5107,11617.0,645.3888888888889,955.9237687357643,3000.0,-1000.0,18,5,2,0.0,2.111111111111111,9,8.666666666666666,1,0
CustomerId_5108,96388.0,3569.925925925926,6552.515441392458,12000.0,-10000.0,27,5,3,0.0,2.2222222222222223,4,13.074074074074074,1,0
CustomerId_511,2000.0,2000.0,0.0,2000.0,2000.0,1,1,1,0.0,2.0,5,7.0,1,0
CustomerId_5111,19000.0,3800.0,6685.805860178712,10000.0,-5000.0,5,3,2,0.0,2.0,46,9.8,0,1
CustomerId_5112,5000.0,1000.0,0.0,1000.0,1000.0,5,1,1,0.0,1.6,67,22.0,0,1
CustomerId_5113,80000.0,4000.0,7262.013639842819,11000.0,-5000.0,20,3,2,0.0,2.8,0,9.5,1,0
CustomerId_5115,8000.0,2666.6666666666665,2081.6659994661327,5000.0,1000.0,3,2,2,0.0,2.6666666666666665,66,9.0,0,1
CustomerId_5116,14920.0,877.6470588235294,799.0113376210996,2610.0,-1000.0,17,4,3,0.0,3.176470588235294,20,14.882352941176471,1,0
CustomerId_5118,40000.0,4444.444444444444,6463.573143221772,10000.0,-5000.0,9,3,2,0.0,2.0,11,13.333333333333334,1,0
CustomerId_5119,34460.0,3446.0,7958.237102385036,20000.0,-5000.0,10,5,3,0.0,2.0,2,15.5,1,0
CustomerId_5120,10000.0,10000.0,0.0,10000.0,10000.0,1,1,1,0.0,2.0,28,16.0,1,0
CustomerId_5121,20000.0,4000.0,6745.368781616021,10000.0,-5000.0,5,3,2,0.0,2.0,5,7.0,1,0
CustomerId_5122,384000.0,4860.7594936708865,10627.71434675805,50000.0,-5000.0,79,2,2,0.0,2.7848101265822787,54,12.481012658227849,0,1
CustomerId_5123,800000.0,800000.0,0.0,800000.0,800000.0,1,1,1,1.0,2.0,50,18.0,0,1
CustomerId_5124,10000.0,10000.0,0.0,10000.0,10000.0,1,1,1,0.0,2.0,19,6.0,1,0
CustomerId_5126,10000.0,5000.0,0.0,5000.0,5000.0,2,1,1,0.0,2.0,80,15.0,0,1
CustomerId_5127,2045.0,681.6666666666666,639.9283814094616,1100.0,-55.0,3,2,2,0.0,2.6666666666666665,55,8.0,0,1
CustomerId_5128,56000.0,28000.0,0.0,28000.0,28000.0,2,1,1,0.0,1.0,8,12.0,1,0
CustomerId_5129,23205.0,552.5,1263.2494153435628,3000.0,-5000.0,42,5,2,0.0,2.238095238095238,0,11.833333333333334,1,0
CustomerId_513,14831.0,1235.9166666666667,1927.283555036765,5000.0,-1000.0,12,4,2,0.0,2.0,82,9.666666666666666,0,1
CustomerId_5130,1000.0,1000.0,0.0,1000.0,1000.0,1,1,1,0.0,4.0,62,12.0,0,1
CustomerId_5131,5000.0,5000.0,0.0,5000.0,5000.0,1,1,1,0.0,2.0,37,17.0,0,1
CustomerId_5132,500.0,500.0,0.0,500.0,500.0,1,1,1,0.0,2.0,41,21.0,0,1
CustomerId_5133,1450.0,483.3333333333333,525.1983752196244,1000.0,-50.0,3,2,2,0.0,2.6666666666666665,76,8.666666666666666,0,1
CustomerId_5134,20000.0,4000.0,6745.368781616021,10000.0,-5000.0,5,3,2,0.0,2.0,11,14.0,1,0
CustomerId_5137,1000.0,1000.0,0.0,1000.0,1000.0,1,1,1,0.0,4.0,67,4.0,0,1
CustomerId_5138,1849560.0,6005.064935064935,13064.663344129613,100000.0,-5000.0,308,9,4,0.0,2.0,3,13.594155844155845,1,0
CustomerId_5139,1000.0,1000.0,0.0,1000.0,1000.0,1,1,1,0.0,4.0,41,21.0,0,1
CustomerId_514,20000.0,10000.0,0.0,10000.0,10000.0,2,1,1,0.0,2.0,35,11.0,1,0
CustomerId_5140,190025.0,1544.918699186992,4170.157738875892,30000.0,-5000.0,123,6,4,0.0,1.983739837398374,0,11.439024390243903,1,0
CustomerId_5141,79000.0,19750.0,40376.354466444835,80000.0,-5000.0,4,3,3,0.0,2.5,59,13.0,0,1
CustomerId_5142,30000.0,10000.0,0.0,10000.0,10000.0,3,1,1,0.0,2.0,41,16.333333333333332,0,1
CustomerId_5145,1000.0,500.0,0.0,500.0,500.0,2,2,1,0.0,4.0,19,4.0,1,0
CustomerId_5146,74000.0,24666.666666666668,47961.790347456095,80000.0,-5000.0,3,2,2,0.0,2.6666666666666665,62,13.666666666666666,0,1
CustomerId_5147,30000.0,4285.714285714285,6102.302453836194,10000.0,-5000.0,7,4,2,0.0,2.0,18,10.142857142857142,1,0
CustomerId_5148,245205.0,1109.524886877828,1780.119027063694,10000.0,-1000.0,221,6,3,0.0,2.1176470588235294,15,12.615384615384615,1,0
CustomerId_5149,975.0,325.0,303.10889132455355,500.0,-25.0,3,3,2,0.0,2.0,3,8.0,1,0
CustomerId_515,1154671.0,6379.397790055249,11330.460542115643,50000.0,-5000.0,181,8,4,0.0,2.0,0,13.67403314917127,1,0
CustomerId_5150,50000.0,4166.666666666667,7469.128382072355,11000.0,-5000.0,12,3,2,0.0,2.8333333333333335,4,12.0,1,0
CustomerId_5152,204790.0,20479.0,34672.668855390344,100000.0,-1000.0,10,3,2,0.0,2.0,31,14.8,1,0
CustomerId_5154,10000.0,10000.0,0.0,10000.0,10000.0,1,1,1,0.0,2.0,43,8.0,0,1
CustomerId_5155,29726020.0,245669.5867768595,575981.0892329664,3000000.0,-3220.0,121,3,2,0.05785123966942149,2.0,0,15.380165289256198,1,0
CustomerId_5156,7250.0,483.3333333333333,641.3341748336228,1000.0,-1000.0,15,3,2,0.0,2.533333333333333,19,10.6,1,0
CustomerId_5157,79500.0,3456.521739130435,6833.927799586449,11000.0,-5000.0,23,3,2,0.0,2.6956521739130435,1,10.26086956521739,1,0
CustomerId_5159,326320.0,19195.29411764706,32421.650774915648,76000.0,-5000.0,17,4,3,0.0,2.0,2,8.941176470588236,1,0
CustomerId_516,-50.0,-16.666666666666668,1000.4165798972613,1000.0,-1000.0,3,2,2,0.0,2.6666666666666665,67,20.0,0,1
CustomerId_5160,8980.0,1122.5,1893.21910285856,5000.0,-1000.0,8,3,2,0.0,2.0,52,17.0,0,1
CustomerId_5162,9000.0,1800.0,2167.94833886788,5000.0,-1000.0,5,3,2,0.0,2.0,35,14.6,1,0
CustomerId_5163,20000.0,4000.0,8215.838362577491,10000.0,-5000.0,5,3,2,0.0,2.8,53,12.6,0,1
CustomerId_5164,80793.0,1923.642857142857,3314.4474565919295,12000.0,-1000.0,42,6,3,0.0,2.0,35,14.047619047619047,1,0
CustomerId_5165,490.0,245.0,360.62445840513925,500.0,-10.0,2,2,2,0.0,3.0,18,17.0,1,0
CustomerId_5166,192160.0,21351.11111111111,31025.94899614049,64000.0,-1000.0,9,4,3,0.0,2.2222222222222223,14,15.666666666666666,1,0
CustomerId_5167,10000.0,2500.0,6757.711644237764,10000.0,-5000.0,4,2,2,0.0,2.5,5,4.0,1,0
CustomerId_5168,71200.0,4746.666666666667,6172.967180337492,11200.0,-5000.0,15,4,3,0.0,2.6666666666666665,4,10.066666666666666,1,0
CustomerId_5169,1490.0,248.33333333333334,689.9396108839285,1000.0,-1000.0,6,3,2,0.0,2.0,2,15.5,1,0
CustomerId_517,20000.0,4000.0,6745.368781616021,10000.0,-5000.0,5,3,2,0.0,2.0,5,8.8,1,0
CustomerId_5170,13700.0,1141.6666666666667,1039.4127129676583,3000.0,-100.0,12,4,2,0.0,2.0,65,16.333333333333332,0,1
CustomerId_5171,293496.0,3913.28,7099.596095401332,15000.0,-5000.0,75,4,3,0.0,2.493333333333333,1,9.053333333333333,1,0
CustomerId_5172,230700.0,4436.538461538462,7618.193621674055,21700.0,-5000.0,52,3,2,0.0,2.2115384615384617,9,10.51923076923077,1,0
CustomerId_5173,70000.0,5000.0,6275.716324421889,10000.0,-5000.0,14,3,2,0.0,2.0,11,15.928571428571429,1,0
CustomerId_5174,36720.0,426.9767441860465,447.06314797390064,1000.0,-50.0,86,2,2,0.0,3.0697674418604652,0,12.116279069767442,1,0
CustomerId_5175,80000.0,4705.882352941177,6302.427170169769,10000.0,-5000.0,17,3,2,0.0,2.0,11,12.647058823529411,1,0
CustomerId_5176,10000.0,2500.0,6508.456038109192,10000.0,-5000.0,4,2,2,0.0,2.5,89,1.0,0,1
CustomerId_5177,344928.0,57488.0,83052.49506185831,200000.0,-1610.0,6,3,2,0.0,2.0,14,19.5,1,0
CustomerId_5178,20000.0,4000.0,6745.368781616021,10000.0,-5000.0,5,3,2,0.0,2.0,4,12.0,1,0
CustomerId_5179,3000.0,3000.0,0.0,3000.0,3000.0,1,1,1,0.0,4.0,6,9.0,1,0
CustomerId_518,20000.0,3333.3333333333335,5391.351098441528,10000.0,-5000.0,6,3,2,0.0,2.0,18,17.0,1,0
CustomerId_5180,7378.0,3689.0,6096.674667390413,8000.0,-622.0,2,2,2,0.0,2.0,89,16.0,0,1
CustomerId_5181,40000.0,4444.444444444444,6463.573143221772,10000.0,-5000.0,9,3,2,0.0,2.0,4,12.88888888888889,1,0
CustomerId_5183,2000.0,1000.0,0.0,1000.0,1000.0,2,1,1,0.0,2.0,52,15.0,0,1
CustomerId_5184,500.0,500.0,0.0,500.0,500.0,1,1,1,0.0,4.0,33,17.0,1,0
CustomerId_5185,80000.0,80000.0,0.0,80000.0,80000.0,1,1,1,0.0,4.0,61,13.0,0,1
CustomerId_5186,29000.0,4142.857142857143,7425.823667638301,10000.0,-5000.0,7,3,2,0.0,1.5714285714285714,53,17.428571428571427,0,1
CustomerId_5189,2000.0,1000.0,0.0,1000.0,1000.0,2,2,2,0.0,2.0,27,8.0,1,0
CustomerId_5192,-13000.0,-13000.0,0.0,-13000.0,-13000.0,1,1,1,0.0,2.0,5,8.0,1,0
CustomerId_5194,100094.0,2001.88,3790.4442130500875,10000.0,-5000.0,50,6,2,0.0,1.88,41,15.62,0,1
CustomerId_5196,20000.0,3333.3333333333335,6030.478145774734,10000.0,-5000.0,6,3,2,0.0,2.0,5,9.0,1,0
CustomerId_5198,75016.0,3948.2105263157896,4168.848596421204,10800.0,-644.0,19,6,3,0.0,2.0,85,14.157894736842104,0,1
CustomerId_5199,5000.0,5000.0,0.0,5000.0,5000.0,1,1,1,0.0,1.0,55,23.0,0,1
CustomerId_520,138936.0,5789.0,8859.962905997529,35500.0,-1005.0,24,4,3,0.0,2.0,26,12.625,1,0
CustomerId_5200,75600.0,6300.0,8081.066536270839,21700.0,-5000.0,12,4,3,0.0,2.0,4,9.833333333333334,1,0
CustomerId_5201,12340.0,949.2307692307693,1487.2651721558238,5000.0,-1000.0,13,5,3,0.0,2.1538461538461537,50,13.307692307692308,0,1
CustomerId_5202,40000.0,5714.285714285715,9516.902257112266,20000.0,-5000.0,7,4,2,0.0,2.0,4,17.0,1,0
CustomerId_5203,263000.0,2553.3980582524273,5315.917929956728,10000.0,-5000.0,103,5,3,0.0,2.504854368932039,0,10.70873786407767,1,0
CustomerId_5204,42650.0,3046.4285714285716,4338.710561982597,14000.0,-1000.0,14,4,2,0.0,2.142857142857143,6,15.928571428571429,1,0
CustomerId_5206,20000.0,4000.0,6558.963332722634,10000.0,-5000.0,5,3,2,0.0,2.0,89,9.0,0,1
CustomerId_5207,80000.0,4000.0,5936.062845461051,10000.0,-5000.0,20,4,2,0.0,2.0,4,15.45,1,0
CustomerId_5208,139000.0,6950.0,9417.089728114966,20000.0,-5000.0,20,4,2,0.0,2.0,4,10.85,1,0
CustomerId_521,1002000.0,501000.0,705692.5676241744,1000000.0,2000.0,2,2,2,0.0,3.0,29,18.0,1,0
CustomerId_5210,5000.0,5000.0,0.0,5000.0,5000.0,1,1,1,0.0,2.0,71,20.0,0,1
CustomerId_5211,528501.0,7340.291666666667,13758.823060323208,50000.0,-1000.0,72,6,3,0.0,2.0,9,14.0,1,0
CustomerId_5212,20000.0,4000.0,6558.963332722634,10000.0,-5000.0,5,3,2,0.0,2.0,88,13.0,0,1
CustomerId_5214,2000.0,1000.0,0.0,1000.0,1000.0,2,1,1,0.0,2.0,88,7.5,0,1
CustomerId_5216,20000.0,4000.0,6745.368781616021,10000.0,-5000.0,5,3,2,0.0,2.0,4,12.0,1,0
CustomerId_5218,40467.0,1305.3870967741937,3618.967206975119,20000.0,-1000.0,31,5,2,0.0,2.0,2,14.129032258064516,1,0
CustomerId_522,609000.0,203000.0,168008.9283341811,300000.0,9000.0,3,2,2,0.0,0.6666666666666666,81,9.0,0,1
CustomerId_5221,19000.0,3166.6666666666665,7626.707459098367,10000.0,-5000.0,6,3,2,0.0,1.6666666666666667,53,20.0,0,1
CustomerId_5223,19000.0,1583.3333333333333,3691.718824448563,10000.0,-5000.0,12,5,2,0.0,2.0,73,16.916666666666668,0,1
CustomerId_5225,110000.0,4074.074074074074,7210.707454494462,10000.0,-5000.0,27,3,2,0.0,2.1481481481481484,0,11.0,1,0
CustomerId_5226,48000.0,3200.0,7062.98196838377,11000.0,-5000.0,15,3,2,0.0,2.6666666666666665,1,9.733333333333333,1,0
CustomerId_5227,40000.0,4444.444444444444,5859.844518225528,10000.0,-5000.0,9,4,2,0.0,2.0,12,10.11111111111111,1,0
CustomerId_5229,162000.0,4500.0,5971.360218337431,11000.0,-5000.0,36,4,2,0.0,2.0,4,8.666666666666666,1,0
CustomerId_523,11800.0,1072.7272727272727,1839.9203293028256,5000.0,-1000.0,11,5,3,0.0,2.0,49,14.090909090909092,0,1
CustomerId_5231,14808.0,779.3684210526316,4826.94040672334,12000.0,-8000.0,19,6,3,0.0,2.526315789473684,30,12.368421052631579,1,0
CustomerId_5232,203950.0,14567.857142857143,32410.495730804298,100000.0,-5000.0,14,6,3,0.0,2.0,11,8.642857142857142,1,0
CustomerId_5233,17000.0,2833.3333333333335,3371.4487489307426,5000.0,-2000.0,6,2,2,0.0,1.5,70,19.0,0,1
CustomerId_5236,124310.0,1726.5277777777778,2271.5975390678727,9000.0,-450.0,72,4,2,0.0,3.111111111111111,0,14.972222222222221,1,0
CustomerId_5237,20000.0,4000.0,6745.368781616021,10000.0,-5000.0,5,3,2,0.0,2.0,18,20.0,1,0
CustomerId_5238,249000.0,7114.285714285715,18776.974993751428,100000.0,-10000.0,35,6,4,0.0,2.1142857142857143,50,8.714285714285714,0,1
CustomerId_5239,30000.0,5000.0,6511.528238439882,10000.0,-5000.0,6,3,2,0.0,2.0,18,10.333333333333334,1,0
CustomerId_524,20960.0,3493.3333333333335,8121.336507414691,20000.0,-1000.0,6,3,2,0.0,2.6666666666666665,24,15.833333333333334,1,0
CustomerId_5240,29000.0,3222.222222222222,9404.49065311059,20000.0,-5000.0,9,4,2,0.0,2.0,68,6.0,0,1
CustomerId_5242,20000.0,4000.0,6745.368781616021,10000.0,-5000.0,5,3,2,0.0,2.0,19,7.0,1,0
CustomerId_5243,5500.0,2750.0,3181.9805153394636,5000.0,500.0,2,2,2,0.0,3.0,69,20.0,0,1
CustomerId_5245,101000.0,8416.666666666666,22642.069987819872,80000.0,-1000.0,12,4,2,0.0,2.1666666666666665,32,8.166666666666666,1,0
CustomerId_5246,1000.0,1000.0,0.0,1000.0,1000.0,1,1,1,0.0,2.0,20,5.0,1,0
CustomerId_5248,28000.0,2333.3333333333335,5175.700801618926,10000.0,-5000.0,12,4,2,0.0,2.5,0,6.083333333333333,1,0
CustomerId_5249,40000.0,4444.444444444444,6463.573143221772,10000.0,-5000.0,9,3,2,0.0,2.0,11,17.22222222222222,1,0
CustomerId_525,10000.0,2500.0,6757.711644237764,10000.0,-5000.0,4,2,2,0.0,1.75,11,14.0,1,0
CustomerId_5251,49000.0,4083.3333333333335,7391.128998927557,10000.0,-5000.0,12,3,2,0.0,2.3333333333333335,53,14.583333333333334,0,1
CustomerId_5253,19000.0,3166.6666666666665,7626.707459098367,10000.0,-5000.0,6,3,2,0.0,1.6666666666666667,53,17.0,0,1
CustomerId_5254,334650.0,9561.42857142857,17881.93750899578,90000.0,-5000.0,35,5,3,0.0,1.5142857142857142,28,13.628571428571428,1,0
CustomerId_5255,50000.0,50000.0,0.0,50000.0,50000.0,1,1,1,0.0,2.0,77,16.0,0,1
CustomerId_5256,80000.0,4444.444444444444,6572.869569608464,15000.0,-5000.0,18,3,2,0.0,2.0,4,16.333333333333332,1,0
CustomerId_5257,80010.0,6667.5,9374.692358588723,20000.0,-5000.0,12,4,2,0.0,2.0,54,10.0,0,1
CustomerId_5258,65000.0,5000.0,7756.717518813398,15000.0,-5000.0,13,3,2,0.0,2.769230769230769,0,12.846153846153847,1,0
CustomerId_5259,50000.0,3571.4285714285716,7303.4689936125105,11000.0,-5000.0,14,3,2,0.0,2.7142857142857144,0,8.928571428571429,1,0
CustomerId_5260,249000.0,5187.5,6531.938717123371,10000.0,-5000.0,48,3,2,0.0,1.9791666666666667,0,13.166666666666666,1,0
CustomerId_5261,159000.0,3697.6744186046512,6451.0053986473795,10500.0,-5000.0,43,3,2,0.0,2.186046511627907,0,11.813953488372093,1,0
CustomerId_5262,120000.0,4285.714285714285,7994.8925495160265,20200.0,-5000.0,28,3,2,0.0,2.3214285714285716,34,13.285714285714286,1,0
CustomerId_5263,55000.0,4230.7692307692305,6418.123377772329,10000.0,-5000.0,13,3,2,0.0,1.8461538461538463,4,15.692307692307692,1,0
CustomerId_5264,10000.0,10000.0,0.0,10000.0,10000.0,1,1,1,0.0,2.0,77,10.0,0,1
CustomerId_5265,50000.0,2777.777777777778,6292.437623197393,11000.0,-5000.0,18,4,2,0.0,2.5555555555555554,0,14.5,1,0
CustomerId_5266,183685.36,3465.761509433962,5112.427030201618,10000.0,-14999.0,53,6,4,0.0,2.018867924528302,4,10.622641509433961,1,0
CustomerId_5267,74000.0,24666.666666666668,47961.7903474561,80000.0,-5000.0,3,2,2,0.0,2.6666666666666665,59,13.0,0,1
CustomerId_5269,40000.0,2666.6666666666665,5174.341457983763,10000.0,-5000.0,15,4,2,0.0,2.0,7,9.733333333333333,1,0
CustomerId_527,2000.0,2000.0,0.0,2000.0,2000.0,1,1,1,0.0,2.0,40,10.0,0,1
CustomerId_5271,120000.0,3428.5714285714284,6464.999496318229,10000.0,-5000.0,35,3,2,0.0,2.085714285714286,0,12.82857142857143,1,0
CustomerId_5272,110000.0,4074.074074074074,7554.549958218892,16000.0,-5000.0,27,3,2,0.0,2.1481481481481484,0,11.296296296296296,1,0
CustomerId_5273,100000.0,11111.111111111111,10564.615994493652,20000.0,-1000.0,9,4,2,0.0,2.0,9,10.11111111111111,1,0
CustomerId_5274,27262.5,1514.5833333333333,1644.2306107935674,4200.0,-202.5,18,4,2,0.0,2.4444444444444446,19,16.166666666666668,1,0
CustomerId_5276,3750.0,1250.0,3269.174207655505,5000.0,-1000.0,3,2,2,0.0,2.6666666666666665,6,14.0,1,0
CustomerId_5277,80000.0,4000.0,7262.013639842819,11000.0,-5000.0,20,3,2,0.0,2.8,0,9.85,1,0
CustomerId_5278,20000.0,4000.0,6745.368781616021,10000.0,-5000.0,5,3,2,0.0,2.0,4,11.8,1,0
CustomerId_528,78620.0,4913.75,3843.907517097673,10000.0,-100.0,16,4,2,0.0,2.0,3,9.6875,1,0
CustomerId_5280,39000.0,3545.4545454545455,7501.514998500454,10000.0,-5000.0,11,3,2,0.0,2.727272727272727,54,4.181818181818182,0,1
CustomerId_5281,20000.0,2857.1428571428573,5632.600684958102,10000.0,-5000.0,7,3,2,0.0,2.0,4,11.0,1,0
CustomerId_5282,69000.0,4928.571428571428,7130.263623503646,10000.0,-5000.0,14,3,2,0.0,2.142857142857143,53,15.0,0,1
CustomerId_5283,2566000.0,88482.75862068965,77883.78278364279,160000.0,-5000.0,29,4,3,0.0,1.103448275862069,61,13.344827586206897,0,1
CustomerId_5284,11270.0,1024.5454545454545,1404.475799979221,4000.0,-1000.0,11,4,2,0.0,2.0,47,16.636363636363637,0,1
CustomerId_5285,129000.0,3794.1176470588234,6479.709176810545,10000.0,-5000.0,34,3,2,0.0,2.411764705882353,0,14.735294117647058,1,0
CustomerId_5286,159000.0,4297.2972972972975,7202.873133783586,10000.0,-5000.0,37,3,2,0.0,2.3783783783783785,0,11.972972972972974,1,0
CustomerId_5287,10000.0,2500.0,6757.711644237764,10000.0,-5000.0,4,2,2,0.0,2.5,18,17.0,1,0
CustomerId_5289,100000.0,6250.0,8935.173939735776,20000.0,-5000.0,16,4,2,0.0,2.0,82,11.0,0,1
CustomerId_529,18185.0,957.1052631578947,1337.67970318163,5000.0,-250.0,19,4,2,0.0,3.0526315789473686,18,9.210526315789474,1,0
CustomerId_5290,40000.0,5714.285714285715,6369.570517030844,11000.0,-5000.0,7,3,2,0.0,2.0,32,12.285714285714286,1,0
CustomerId_5291,20000.0,3333.3333333333335,6088.2400303098,10000.0,-5000.0,6,3,2,0.0,2.0,4,17.0,1,0
CustomerId_5292,40000.0,5714.285714285715,6237.368187365718,10000.0,-5000.0,7,3,2,0.0,2.0,4,17.714285714285715,1,0
CustomerId_5293,210000.0,6000.0,5667.246582206336,10025.0,-5000.0,35,4,2,0.0,2.0,11,15.657142857142857,1,0
CustomerId_5294,30000.0,4285.714285714285,6102.302453836194,10000.0,-5000.0,7,3,2,0.0,2.0,4,18.142857142857142,1,0
CustomerId_5297,448000.0,448000.0,0.0,448000.0,448000.0,1,1,1,0.0,2.0,32,14.0,1,0
CustomerId_5298,20000.0,3333.3333333333335,3265.986323710904,10000.0,2000.0,6,2,2,0.0,1.1666666666666667,18,16.666666666666668,1,0
CustomerId_530,367275.0,6121.25,7904.528075032883,20000.0,-5000.0,60,5,2,0.0,2.933333333333333,0,10.816666666666666,1,0
CustomerId_531,7470.0,622.5,801.2702982821033,2100.0,-1000.0,12,4,2,0.0,2.6666666666666665,19,12.666666666666666,1,0
CustomerId_532,3000.0,3000.0,0.0,3000.0,3000.0,1,1,1,0.0,4.0,6,18.0,1,0
CustomerId_533,26000.0,5200.0,4751.31560728184,10000.0,500.0,5,3,3,0.0,2.4,0,10.8,1,0
CustomerId_5338,1000.0,1000.0,0.0,1000.0,1000.0,1,1,1,0.0,1.0,55,13.0,0,1
CustomerId_5339,3000.0,1000.0,0.0,1000.0,1000.0,3,1,1,0.0,1.0,20,14.333333333333334,1,0
CustomerId_534,5730.0,1432.5,2439.5815898086566,5000.0,-250.0,4,3,2,0.0,3.0,80,14.25,0,1
CustomerId_535,1000.0,1000.0,0.0,1000.0,1000.0,1,1,1,0.0,2.0,14,15.0,1,0
CustomerId_539,22610.0,1413.125,1668.5591339036603,4000.0,-1000.0,16,3,2,0.0,2.125,0,11.5625,1,0
CustomerId_540,10000.0,10000.0,0.0,10000.0,10000.0,1,1,1,0.0,2.0,61,20.0,0,1
CustomerId_541,46771.5,1670.4107142857142,3366.1027059372364,15000.0,-1000.0,28,5,2,0.0,2.0,0,14.142857142857142,1,0
CustomerId_542,10140.0,2535.0,5057.624607131956,10000.0,-1000.0,4,3,2,0.0,2.0,0,17.5,1,0
CustomerId_543,44300.0,1582.142857142857,2864.3497447618824,10000.0,-5000.0,28,7,5,0.0,2.0,56,13.321428571428571,0,1
CustomerId_544,2500.0,500.0,0.0,500.0,500.0,5,1,1,0.0,2.0,38,21.8,0,1
CustomerId_545,500.0,500.0,0.0,500.0,500.0,1,1,1,0.0,1.0,52,5.0,0,1
CustomerId_546,19000.0,3166.6666666666665,7626.707459098367,10000.0,-5000.0,6,3,2,0.0,1.6666666666666667,53,20.0,0,1
CustomerId_547,19000.0,3166.6666666666665,7626.707459098367,10000.0,-5000.0,6,3,2,0.0,1.6666666666666667,53,15.0,0,1
CustomerId_549,160990.0,4878.484848484848,5935.572908959653,10000.0,-5000.0,33,4,2,0.0,2.0,12,10.787878787878787,1,0
CustomerId_550,100000.0,4545.454545454545,6162.306871134055,10000.0,-5000.0,22,4,2,0.0,2.0,12,9.0,1,0
CustomerId_551,39178.0,5596.857142857143,5500.806226623253,11000.0,-1000.0,7,4,3,0.0,2.0,70,15.142857142857142,0,1
CustomerId_556,258609.0,1420.9285714285713,2764.100788984611,10000.0,-5000.0,182,9,4,0.0,2.7142857142857144,1,13.252747252747254,1,0
CustomerId_557,-525.0,-175.0,761.1668673819164,500.0,-1000.0,3,2,2,0.0,2.6666666666666665,23,21.0,1,0
CustomerId_558,17915.0,1378.076923076923,2385.9829721919104,7000.0,-1000.0,13,5,2,0.0,2.0,31,13.846153846153847,1,0
CustomerId_559,60000.0,4000.0,7230.886134196436,11000.0,-5000.0,15,3,2,0.0,2.8,0,11.666666666666666,1,0
CustomerId_560,100000.0,4000.0,6850.425777521667,10700.0,-5000.0,25,3,2,0.0,2.8,53,14.8,0,1
CustomerId_561,50000.0,3846.153846153846,6488.401881384889,10000.0,-5000.0,13,3,2,0.0,2.076923076923077,33,6.3076923076923075,1,0
CustomerId_563,131244.0,2151.5409836065573,11556.259881659766,90000.0,-5000.0,61,5,3,0.0,2.7868852459016393,11,11.852459016393443,1,0
CustomerId_565,10000.0,2500.0,6757.711644237764,10000.0,-5000.0,4,2,2,0.0,2.5,5,4.0,1,0
CustomerId_566,50000.0,50000.0,0.0,50000.0,50000.0,1,1,1,0.0,2.0,48,18.0,0,1
CustomerId_567,60865.0,2766.590909090909,3338.2107362947327,10000.0,-160.0,22,5,2,0.0,2.6363636363636362,8,13.272727272727273,1,0
CustomerId_568,1000.0,1000.0,0.0,1000.0,1000.0,1,1,1,0.0,4.0,39,11.0,0,1
CustomerId_571,2850.0,475.0,1063.8373935898287,2000.0,-1000.0,6,2,2,0.0,2.6666666666666665,6,8.0,1,0
CustomerId_572,123150.0,3731.818181818182,6613.665164143789,33000.0,-1000.0,33,6,3,0.0,2.0303030303030303,3,10.424242424242424,1,0
CustomerId_573,10000.0,10000.0,0.0,10000.0,10000.0,1,1,1,0.0,2.0,50,12.0,0,1
CustomerId_574,980.0,245.0,959.218431849597,1000.0,-1000.0,4,3,2,0.0,2.0,14,19.5,1,0
CustomerId_575,12650.0,1405.5555555555557,1777.0137247015787,4000.0,-1000.0,9,3,2,0.0,2.0,0,14.88888888888889,1,0
CustomerId_576,500.0,500.0,0.0,500.0,500.0,1,1,1,0.0,4.0,26,22.0,1,0
CustomerId_577,500.0,500.0,0.0,500.0,500.0,1,1,1,0.0,2.0,24,12.0,1,0
CustomerId_578,58200.0,3063.157894736842,4941.205490151815,17000.0,-5000.0,19,6,3,0.0,2.0,69,10.368421052631579,0,1
CustomerId_581,1000.0,500.0,0.0,500.0,500.0,2,1,1,0.0,4.0,77,11.0,0,1
CustomerId_582,5475.0,1095.0,2305.184374404789,5000.0,-1000.0,5,3,2,0.0,2.0,31,15.0,1,0
CustomerId_583,7000.0,1750.0,866.0254037844386,2500.0,500.0,4,2,2,0.0,2.5,9,18.5,1,0
CustomerId_584,20000.0,4000.0,6745.368781616021,10000.0,-5000.0,5,3,2,0.0,2.0,11,18.8,1,0
CustomerId_585,4950.0,618.75,750.208304406183,1000.0,-1000.0,8,3,2,0.0,2.0,79,12.25,0,1
CustomerId_586,19000.0,3166.6666666666665,7626.707459098367,10000.0,-5000.0,6,3,2,0.0,1.6666666666666667,46,20.0,0,1
CustomerId_587,1000.0,1000.0,0.0,1000.0,1000.0,1,1,1,0.0,2.0,4,16.0,1,0
CustomerId_588,27950.0,1035.1851851851852,1954.7464332321003,10000.0,-100.0,27,4,2,0.0,2.0,67,13.148148148148149,0,1
CustomerId_590,1000.0,1000.0,0.0,1000.0,1000.0,1,1,1,0.0,2.0,33,16.0,1,0
CustomerId_592,106635.0,1025.3365384615386,1891.6921413081282,10000.0,-1000.0,104,5,2,0.0,2.019230769230769,16,12.432692307692308,1,0
CustomerId_593,2155.0,359.1666666666667,765.2477812229623,1000.0,-1000.0,6,4,2,0.0,2.3333333333333335,10,15.833333333333334,1,0
CustomerId_594,5157.0,396.6923076923077,5972.953392650008,10000.0,-7000.0,13,5,3,0.0,2.923076923076923,16,12.0,1,0
CustomerId_595,2000.0,2000.0,0.0,2000.0,2000.0,1,1,1,0.0,2.0,50,15.0,0,1
CustomerId_596,5000.0,5000.0,0.0,5000.0,5000.0,1,1,1,0.0,2.0,87,12.0,0,1
CustomerId_598,8060.0,2015.0,3342.588817069787,7000.0,-140.0,4,2,2,0.0,2.5,88,12.75,0,1
CustomerId_599,1286500.0,42883.333333333336,102304.2860980076,400000.0,-5000.0,30,5,4,0.0,2.2,57,10.233333333333333,0,1
CustomerId_6,-10000.0,-10000.0,0.0,-10000.0,-10000.0,1,1,1,0.0,4.0,83,16.0,0,1
CustomerId_600,52005.0,1926.111111111111,2217.27150992339,6000.0,-250.0,27,5,2,0.0,2.3703703703703702,54,10.88888888888889,0,1
CustomerId_601,79000.0,6076.923076923077,5563.445252442328,10000.0,-5000.0,13,2,2,0.0,3.230769230769231,46,12.307692307692308,0,1
CustomerId_602,100000.0,100000.0,0.0,100000.0,100000.0,1,1,1,0.0,2.0,57,10.0,0,1
CustomerId_603,120000.0,40000.0,51961.52422706632,100000.0,10000.0,3,1,1,0.0,2.0,61,7.0,0,1
CustomerId_604,3000.0,1000.0,0.0,1000.0,1000.0,3,2,2,0.0,2.0,40,14.333333333333334,0,1
CustomerId_605,14232.0,569.28,1120.874938013455,5000.0,-1000.0,25,5,3,0.0,1.88,8,9.64,1,0
CustomerId_606,922360.0,4434.423076923077,15378.791975696126,100000.0,-11000.0,208,14,8,0.0,2.168269230769231,0,11.245192307692308,1,0
CustomerId_607,20000.0,4000.0,6745.368781616021,10000.0,-5000.0,5,3,2,0.0,2.0,32,13.0,1,0
CustomerId_609,29135.0,1713.8235294117646,2141.042042887473,5500.0,-1000.0,17,5,3,0.0,2.235294117647059,34,10.588235294117647,1,0
CustomerId_610,392880.39,4791.2242682926835,9388.536719396392,42000.0,-5000.0,82,10,5,0.0,2.317073170731707,1,15.097560975609756,1,0
CustomerId_611,6000.0,3000.0,2828.42712474619,5000.0,1000.0,2,1,1,0.0,2.0,54,3.5,0,1
CustomerId_612,47995.0,1263.0263157894738,1674.3136469843253,6500.0,-496.0,38,8,4,0.0,2.1052631578947367,9,11.421052631578947,1,0
CustomerId_613,8850.0,1106.25,1821.3883048770401,5000.0,-1000.0,8,4,2,0.0,2.0,37,13.75,0,1
CustomerId_614,3165.0,633.0,429.4706043491219,1000.0,-35.0,5,3,2,0.0,2.0,50,6.2,0,1
CustomerId_619,88945.0,5232.058823529412,6630.92684387511,20000.0,-1005.0,17,4,3,0.0,2.0,4,15.0,1,0
CustomerId_620,144000.0,24000.0,43405.06882842141,80000.0,-5000.0,6,2,2,0.0,2.6666666666666665,60,12.833333333333334,0,1
CustomerId_621,40000.0,4444.444444444444,6463.573143221772,10000.0,-5000.0,9,3,2,0.0,2.0,12,8.0,1,0
CustomerId_622,19000.0,3800.0,6685.805860178712,10000.0,-5000.0,5,3,2,0.0,2.0,53,15.0,0,1
CustomerId_624,500.0,500.0,0.0,500.0,500.0,1,1,1,0.0,4.0,26,14.0,1,0
CustomerId_625,950249.0,4635.360975609756,22769.799900875725,200000.0,-10000.0,205,12,5,0.0,2.029268292682927,64,11.317073170731707,0,1
CustomerId_627,165400.0,1243.609022556391,2752.6052338196464,10573.0,-5000.0,133,7,3,0.0,2.0150375939849625,45,12.451127819548873,0,1
CustomerId_629,20000.0,4000.0,6745.368781616021,10000.0,-5000.0,5,3,2,0.0,2.0,18,13.0,1,0
CustomerId_630,500.0,500.0,0.0,500.0,500.0,1,1,1,0.0,4.0,45,3.0,0,1
CustomerId_633,12980.0,2163.3333333333335,1945.2677622031026,5000.0,-20.0,6,3,2,0.0,2.0,25,11.0,1,0
CustomerId_636,24640.0,547.5555555555555,920.3276480677845,4000.0,-1000.0,45,5,2,0.0,2.1333333333333333,23,12.311111111111112,1,0
CustomerId_638,19000.0,3166.6666666666665,7626.707459098367,10000.0,-5000.0,6,3,2,0.0,1.6666666666666667,46,20.0,0,1
CustomerId_639,19000.0,3800.0,6685.805860178712,10000.0,-5000.0,5,3,2,0.0,2.0,53,16.0,0,1
CustomerId_640,61190.0,3220.5263157894738,5278.2367359692835,10000.0,-5000.0,19,5,3,0.0,2.0,0,12.157894736842104,1,0
CustomerId_642,5000.0,714.2857142857143,1253.5663410560176,2000.0,-2000.0,7,1,1,0.0,1.5714285714285714,31,9.857142857142858,1,0
CustomerId_643,10000.0,10000.0,0.0,10000.0,10000.0,1,1,1,0.0,2.0,14,7.0,1,0
CustomerId_644,500.0,500.0,0.0,500.0,500.0,1,1,1,0.0,4.0,62,20.0,0,1
CustomerId_645,50000.0,3571.4285714285716,6595.0364285957885,10000.0,-5000.0,14,3,2,0.0,2.7142857142857144,0,10.571428571428571,1,0
CustomerId_646,-50.0,-16.666666666666668,1000.4165798972613,1000.0,-1000.0,3,2,2,0.0,2.6666666666666665,20,14.0,1,0
CustomerId_647,3633564.0,1944.1219903691813,7715.389536615688,101300.0,-5000.0,1869,9,5,0.0,2.0,0,13.02621722846442,1,0
CustomerId_648,39100.0,1861.904761904762,2197.720680722687,5000.0,-250.0,21,2,2,0.0,3.0476190476190474,4,17.285714285714285,1,0
CustomerId_650,100000.0,100000.0,0.0,100000.0,100000.0,1,1,1,0.0,2.0,1,8.0,1,0
CustomerId_651,14500.0,3625.0,7586.995452746759,10000.0,-5000.0,4,3,3,0.0,2.0,74,11.0,0,1
CustomerId_652,899719.5,4367.570388349514,14685.678261362014,80000.0,-5000.0,206,11,7,0.0,1.9902912621359223,0,13.820388349514563,1,0
CustomerId_653,12965.0,720.2777777777778,972.24795950994,3500.0,-175.0,18,4,2,0.0,2.6666666666666665,10,14.944444444444445,1,0
CustomerId_654,15000.0,15000.0,0.0,15000.0,15000.0,1,1,1,0.0,2.0,88,10.0,0,1
CustomerId_655,220000.0,4150.943396226415,6082.671561382997,14000.0,-5000.0,53,5,3,0.0,2.0,4,9.339622641509434,1,0
CustomerId_656,10840.0,833.8461538461538,998.6702697548916,2000.0,-1000.0,13,6,3,0.0,2.0,15,13.76923076923077,1,0
CustomerId_658,4980.0,1245.0,2633.141343212197,5000.0,-1000.0,4,3,3,0.0,2.5,5,7.75,1,0
CustomerId_660,143450.0,5977.083333333333,6073.030351062601,15000.0,-5000.0,24,3,2,0.0,2.0,4,13.0,1,0
CustomerId_661,233987.0,1886.991935483871,3588.5170646816873,20000.0,-5000.0,124,5,2,0.0,2.0,1,13.346774193548388,1,0
CustomerId_662,4000.0,2000.0,0.0,2000.0,2000.0,2,1,1,0.0,2.0,89,16.0,0,1
CustomerId_664,120000.0,60000.0,0.0,60000.0,60000.0,2,1,1,0.0,2.0,5,13.0,1,0
CustomerId_665,590782.16,2272.239076923077,5149.137605388891,30000.0,-5000.0,260,10,5,0.0,2.0384615384615383,1,10.73076923076923,1,0
CustomerId_666,19000.0,3166.6666666666665,7626.707459098367,10000.0,-5000.0,6,3,2,0.0,1.6666666666666667,46,16.166666666666668,0,1
CustomerId_667,40000.0,5714.285714285715,9516.902257112266,20000.0,-5000.0,7,4,2,0.0,2.0,32,18.857142857142858,1,0
CustomerId_668,2000.0,2000.0,0.0,2000.0,2000.0,1,1,1,0.0,2.0,57,4.0,0,1
CustomerId_670,-525.0,-175.0,761.1668673819164,500.0,-1000.0,3,2,2,0.0,2.6666666666666665,15,15.0,1,0
CustomerId_672,1500.0,50.0,2826.445312304534,10000.0,-5000.0,30,3,2,0.0,2.1333333333333333,70,13.033333333333333,0,1
CustomerId_673,675.0,135.0,689.1117471063747,700.0,-1000.0,5,3,2,0.0,2.0,47,13.0,0,1
CustomerId_677,20000.0,4000.0,6745.368781616021,10000.0,-5000.0,5,4,2,0.0,2.0,4,10.2,1,0
CustomerId_679,-20.0,-6.666666666666667,1000.0666644445926,1000.0,-1000.0,3,2,2,0.0,2.6666666666666665,47,15.0,0,1
CustomerId_680,20970.0,1613.076923076923,3053.0514369926814,10000.0,-2000.0,13,5,2,0.0,2.4615384615384617,1,10.384615384615385,1,0
CustomerId_681,1984.0,992.0,15545.03547760506,11984.0,-10000.0,2,2,2,0.0,2.0,5,15.0,1,0
CustomerId_682,3209388.0,7498.570093457944,73230.69667621359,1115000.0,-5000.0,428,11,5,0.002336448598130841,2.0,0,10.75233644859813,1,0
CustomerId_683,89000.0,3869.5652173913045,1604.095548788871,5000.0,1000.0,23,3,2,0.0,1.0,20,10.782608695652174,1,0
CustomerId_684,80000.0,3076.923076923077,8179.501583461314,20000.0,-5000.0,26,3,2,0.0,2.6153846153846154,53,11.846153846153847,0,1
CustomerId_687,51000.0,25500.0,34648.23227814083,50000.0,1000.0,2,2,2,0.0,3.0,24,11.0,1,0
CustomerId_689,16210.0,2701.6666666666665,4135.700263155765,10000.0,-500.0,6,3,2,0.0,3.0,8,11.666666666666666,1,0
CustomerId_690,38181.0,2386.3125,5998.950260601155,20000.0,-5000.0,16,4,3,0.0,2.5,25,14.0625,1,0
CustomerId_691,120000.0,7058.823529411765,24283.251914218818,100000.0,-5000.0,17,7,4,0.0,2.0,25,13.705882352941176,1,0
CustomerId_692,20000.0,4000.0,6745.368781616021,10000.0,-5000.0,5,3,2,0.0,2.0,18,18.0,1,0
CustomerId_693,200000.0,200000.0,0.0,200000.0,200000.0,1,1,1,0.0,0.0,88,9.0,0,1
CustomerId_694,1925.0,275.0,704.0063920164362,1000.0,-1000.0,7,2,2,0.0,3.142857142857143,58,8.428571428571429,0,1
CustomerId_695,1000.0,1000.0,0.0,1000.0,1000.0,1,1,1,0.0,4.0,54,17.0,0,1
CustomerId_696,19000.0,3166.6666666666665,7626.707459098367,10000.0,-5000.0,6,3,2,0.0,2.6666666666666665,67,20.0,0,1
CustomerId_697,1000.0,500.0,0.0,500.0,500.0,2,2,1,0.0,4.0,54,10.0,0,1
CustomerId_698,659000.0,15325.581395348838,76003.7940563723,500000.0,-5000.0,43,4,2,0.023255813953488372,2.604651162790698,0,12.069767441860465,1,0
CustomerId_699,42975.0,3906.818181818182,7528.612844584078,17000.0,-5000.0,11,2,2,0.0,2.727272727272727,0,13.272727272727273,1,0
CustomerId_7,-10000.0,-10000.0,0.0,-10000.0,-10000.0,1,1,1,0.0,4.0,83,16.0,0,1
CustomerId_700,14145.0,392.9166666666667,505.50028260554484,2000.0,-100.0,36,7,3,0.0,3.111111111111111,2,11.277777777777779,1,0
CustomerId_701,10000.0,10000.0,0.0,10000.0,10000.0,1,1,1,0.0,2.0,56,13.0,0,1
CustomerId_702,98000.0,6125.0,8147.596782692019,28000.0,-5000.0,16,4,2,0.0,2.0,4,15.125,1,0
CustomerId_703,2000.0,2000.0,0.0,2000.0,2000.0,1,1,1,0.0,2.0,68,13.0,0,1
CustomerId_704,51000.0,25500.0,34648.23227814083,50000.0,1000.0,2,2,2,0.0,3.0,69,17.5,0,1
CustomerId_705,1000.0,1000.0,0.0,1000.0,1000.0,1,1,1,0.0,4.0,35,14.0,1,0
CustomerId_706,11500.0,2875.0,2462.214450449026,5000.0,500.0,4,1,1,0.0,2.0,18,11.75,1,0
CustomerId_707,90000.0,4285.714285714285,7198.214064216604,11000.0,-5000.0,21,3,2,0.0,2.857142857142857,0,10.333333333333334,1,0
CustomerId_708,8000.0,888.8888888888889,893.6504412303007,2000.0,-1000.0,9,3,2,0.0,2.0,33,16.555555555555557,1,0
CustomerId_709,3000.0,1000.0,0.0,1000.0,1000.0,3,2,2,0.0,2.6666666666666665,75,9.0,0,1
CustomerId_710,12000.0,6000.0,1414.213562373095,7000.0,5000.0,2,2,1,0.0,2.0,81,11.5,0,1
CustomerId_711,1000.0,500.0,0.0,500.0,500.0,2,2,2,0.0,3.0,32,8.0,1,0
CustomerId_7112,70000.0,35000.0,0.0,35000.0,35000.0,2,1,1,0.0,1.0,38,10.0,0,1
CustomerId_712,41500.0,1257.5757575757575,2042.4413551908754,10000.0,-250.0,33,4,2,0.0,2.4242424242424243,5,11.272727272727273,1,0
CustomerId_713,280000.0,6363.636363636364,8999.950669350357,20000.0,-5000.0,44,4,2,0.0,2.0,33,9.431818181818182,1,0
CustomerId_714,12550.0,522.9166666666666,606.4829412036373,1000.0,-1000.0,24,2,2,0.0,3.0833333333333335,0,10.833333333333334,1,0
CustomerId_715,20000.0,10000.0,0.0,10000.0,10000.0,2,1,1,0.0,2.0,88,12.0,0,1
CustomerId_716,1000.0,1000.0,0.0,1000.0,1000.0,1,1,1,0.0,4.0,84,3.0,0,1
CustomerId_717,45963.7,1998.4217391304346,2204.194223047284,6000.0,-496.0,23,5,3,0.0,1.826086956521739,1,8.826086956521738,1,0
CustomerId_718,135646.0,3391.15,5136.550281797687,19500.0,-250.0,40,4,2,0.0,2.0,0,13.6,1,0
CustomerId_720,1500.0,1500.0,0.0,1500.0,1500.0,1,1,1,0.0,2.0,19,20.0,1,0
CustomerId_723,25000.0,8333.333333333334,2886.7513459481293,10000.0,5000.0,3,2,2,0.0,2.0,40,8.0,0,1
CustomerId_727,55970.0,2152.6923076923076,3689.467774833989,11500.0,-1000.0,26,6,3,0.0,2.230769230769231,32,15.461538461538462,1,0
CustomerId_728,10000.0,10000.0,0.0,10000.0,10000.0,1,1,1,0.0,2.0,75,10.0,0,1
CustomerId_729,21180.0,2118.0,2503.8006665423222,5000.0,-100.0,10,2,2,0.0,3.0,0,12.7,1,0
CustomerId_730,40000.0,4444.444444444444,6559.556218051475,11000.0,-5000.0,9,3,2,0.0,2.0,11,13.0,1,0
CustomerId_732,3900.0,650.0,542.2176684690384,1000.0,-50.0,6,3,2,0.0,2.0,44,19.5,0,1
CustomerId_7321,60000.0,10000.0,0.0,10000.0,10000.0,6,2,2,0.0,1.3333333333333333,70,8.0,0,1
CustomerId_7323,20000.0,10000.0,0.0,10000.0,10000.0,2,1,1,0.0,2.0,37,6.0,0,1
CustomerId_7324,19998.0,9999.0,0.0,9999.0,9999.0,2,1,1,0.0,2.0,90,7.0,0,1
CustomerId_7325,10000.0,5000.0,0.0,5000.0,5000.0,2,1,1,0.0,2.0,80,4.0,0,1
CustomerId_7326,65000.0,10833.333333333334,7359.800721939872,20000.0,5000.0,6,1,1,0.0,2.0,34,6.0,1,0
CustomerId_7327,11700.0,1170.0,1779.5442612584204,6200.0,500.0,10,1,1,0.0,2.0,35,7.6,1,0
CustomerId_7328,306000.0,61200.0,53147.90682613945,100000.0,1000.0,5,1,1,0.0,2.0,56,11.0,0,1
CustomerId_7329,60000.0,20000.0,25980.76211353316,50000.0,5000.0,3,1,1,0.0,2.0,52,13.0,0,1
CustomerId_733,11000.0,5500.0,6363.961030678927,10000.0,1000.0,2,1,1,0.0,2.0,50,18.5,0,1
CustomerId_7331,500.0,500.0,0.0,500.0,500.0,1,1,1,0.0,2.0,62,17.0,0,1
CustomerId_7332,-6500.0,-1300.0,670.820393249937,-1000.0,-2500.0,5,2,1,0.0,4.0,67,10.0,0,1
CustomerId_7333,-50000.0,-50000.0,0.0,-50000.0,-50000.0,1,1,1,0.0,4.0,1,19.0,1,0
CustomerId_7334,-8000.0,-2666.6666666666665,1154.7005383792516,-2000.0,-4000.0,3,1,1,0.0,4.0,60,9.0,0,1
CustomerId_7335,-1500.0,-750.0,353.5533905932738,-500.0,-1000.0,2,1,1,0.0,4.0,49,17.5,0,1
CustomerId_7336,-28400.0,-1494.7368421052631,933.6152456448988,-1000.0,-5000.0,19,3,2,0.0,3.789473684210526,33,11.947368421052632,1,0
CustomerId_7338,-2760000.0,-306666.6666666667,396263.80102149124,-10000.0,-1000000.0,9,4,2,0.0,3.3333333333333335,33,13.666666666666666,1,0
CustomerId_7339,-1700000.0,-425000.0,359397.6442141304,-100000.0,-900000.0,4,2,1,0.5,4.0,33,15.5,1,0
CustomerId_734,422650.0,5154.268292682927,11067.902404287546,70000.0,-5000.0,82,9,5,0.0,2.0,5,14.902439024390244,1,0
CustomerId_7340,-500.0,-500.0,0.0,-500.0,-500.0,1,1,1,0.0,4.0,85,7.0,0,1
CustomerId_7341,-150000.0,-150000.0,0.0,-150000.0,-150000.0,1,1,1,0.0,2.0,85,4.0,0,1
CustomerId_7343,-104900000.0,-25641.652407724272,12952.599897891021,-5000.0,-200000.0,4091,4,1,0.0,3.9990222439501344,28,13.189440234661452,2,0
CustomerId_7344,-4600.0,-920.0,396.23225512317896,-500.0,-1500.0,5,2,1,0.0,4.0,57,8.4,0,1
CustomerId_735,18000.0,4500.0,8812.869377601524,12000.0,-5000.0,4,2,2,0.0,2.0,33,5.0,1,0
CustomerId_738,500.0,500.0,0.0,500.0,500.0,1,1,1,0.0,4.0,15,8.0,1,0
CustomerId_739,30000.0,3750.0,7094.061903149301,10700.0,-5000.0,8,3,2,0.0,2.75,81,9.625,0,1
CustomerId_740,4000.0,1333.3333333333333,7767.453465154029,10000.0,-5000.0,3,2,2,0.0,2.6666666666666665,58,9.0,0,1
CustomerId_7401,-600000.0,-300000.0,282842.71247461904,-100000.0,-500000.0,2,2,1,0.5,4.0,33,22.0,1,0
CustomerId_7402,-2000.0,-1000.0,0.0,-1000.0,-1000.0,2,2,1,0.0,4.0,70,18.0,0,1
CustomerId_7403,-12300.0,-1230.0,725.7945837341153,-500.0,-3000.0,10,1,1,0.0,4.0,22,13.0,1,0
CustomerId_7404,-1000.0,-1000.0,0.0,-1000.0,-1000.0,1,1,1,0.0,4.0,43,10.0,0,1
CustomerId_7405,-20000.0,-20000.0,0.0,-20000.0,-20000.0,1,1,1,0.0,2.0,5,16.0,1,0
CustomerId_7406,-7500.0,-1875.0,629.1528696058958,-1000.0,-2500.0,4,3,1,0.0,4.0,29,17.5,1,0
CustomerId_7407,-18077.0,-3615.4,2077.639477869055,-1000.0,-6000.0,5,4,2,0.0,3.6,29,15.2,1,0
CustomerId_7408,-52500.0,-17500.0,28155.816450602175,-500.0,-50000.0,3,1,1,0.0,4.0,30,13.0,1,0
CustomerId_7409,-291000.0,-4693.548387096775,10122.347796210935,-500.0,-60000.0,62,5,2,0.0,3.903225806451613,0,9.403225806451612,1,0
CustomerId_7410,-19200.0,-2400.0,3043.494232433691,-500.0,-9000.0,8,2,1,0.0,4.0,33,9.25,1,0
CustomerId_7411,-3800.0,-1266.6666666666667,208.1665999466133,-1100.0,-1500.0,3,1,1,0.0,4.0,1,11.666666666666666,1,0
CustomerId_7412,-86578.0,-6184.142857142857,10941.178967953645,-500.0,-37878.0,14,4,2,0.0,3.7142857142857144,33,10.5,1,0
CustomerId_7413,1000.0,500.0,0.0,500.0,500.0,2,1,1,0.0,2.0,14,8.5,1,0
CustomerId_7414,1630000.0,815000.0,127279.22061357855,905000.0,725000.0,2,1,1,1.0,2.0,85,10.0,0,1
CustomerId_7415,500.0,500.0,0.0,500.0,500.0,1,1,1,0.0,0.0,68,13.0,0,1
CustomerId_7416,880000.0,880000.0,0.0,880000.0,880000.0,1,1,1,1.0,2.0,15,7.0,1,0
CustomerId_7417,196000.0,98000.0,137885.82233137678,195500.0,500.0,2,1,1,0.0,2.0,15,6.5,1,0
CustomerId_7418,361000.0,361000.0,0.0,361000.0,361000.0,1,1,1,0.0,0.0,68,13.0,0,1
CustomerId_7419,-100000.0,-100000.0,0.0,-100000.0,-100000.0,1,1,1,0.0,4.0,1,13.0,1,0
CustomerId_742,5500.0,2750.0,3181.9805153394636,5000.0,500.0,2,2,2,0.0,3.0,52,18.5,0,1
CustomerId_7420,-100000.0,-100000.0,0.0,-100000.0,-100000.0,1,1,1,0.0,4.0,1,13.0,1,0
CustomerId_7421,-100000.0,-100000.0,0.0,-100000.0,-100000.0,1,1,1,0.0,4.0,1,13.0,1,0
CustomerId_7422,-200000.0,-200000.0,0.0,-200000.0,-200000.0,1,1,1,0.0,4.0,1,13.0,1,0
CustomerId_7423,-200000.0,-200000.0,0.0,-200000.0,-200000.0,1,1,1,0.0,4.0,1,13.0,1,0
CustomerId_7424,-200000.0,-200000.0,0.0,-200000.0,-200000.0,1,1,1,0.0,4.0,1,13.0,1,0
CustomerId_7425,-200000.0,-200000.0,0.0,-200000.0,-200000.0,1,1,1,0.0,4.0,1,13.0,1,0
CustomerId_7426,-10000.0,-909.0909090909091,301.5113445777636,-500.0,-1500.0,11,2,1,0.0,4.0,37,8.727272727272727,0,1
CustomerId_7427,-1000.0,-1000.0,0.0,-1000.0,-1000.0,1,1,1,0.0,4.0,79,12.0,0,1
CustomerId_7428,-7000.0,-2333.3333333333335,2362.9078131263045,-500.0,-5000.0,3,2,1,0.0,4.0,55,12.0,0,1
CustomerId_7429,-520000.0,-260000.0,339411.2549695428,-20000.0,-500000.0,2,1,1,0.5,2.0,28,17.0,1,0
CustomerId_7430,-94200.0,-2943.75,4424.77901762774,-500.0,-20000.0,32,3,1,0.0,4.0,57,10.65625,0,1
CustomerId_7431,-5900.0,-1966.6666666666667,57.73502691896261,-1900.0,-2000.0,3,1,1,0.0,2.6666666666666665,19,18.333333333333332,1,0
CustomerId_7433,-3000.0,-3000.0,0.0,-3000.0,-3000.0,1,1,1,0.0,4.0,47,7.0,0,1
CustomerId_7434,-11000.0,-2750.0,1500.0,-2000.0,-5000.0,4,2,1,0.0,4.0,77,9.75,0,1
CustomerId_7435,-50000.0,-50000.0,0.0,-50000.0,-50000.0,1,1,1,0.0,2.0,55,21.0,0,1
CustomerId_7436,-5500.0,-1375.0,1108.6778913041726,-500.0,-3000.0,4,2,1,0.0,4.0,63,10.5,0,1
CustomerId_7437,-6500.0,-2166.6666666666665,288.67513459481285,-2000.0,-2500.0,3,2,1,0.0,4.0,45,6.666666666666667,0,1
CustomerId_7438,-50000.0,-50000.0,0.0,-50000.0,-50000.0,1,1,1,0.0,4.0,56,4.0,0,1
CustomerId_7439,-24000.0,-1411.764705882353,870.2602720890288,-1000.0,-4000.0,17,2,1,0.0,4.0,8,10.411764705882353,1,0
CustomerId_7440,-33900.0,-33900.0,0.0,-33900.0,-33900.0,1,1,1,0.0,2.0,74,13.0,0,1
CustomerId_7441,-1500.0,-750.0,353.5533905932738,-500.0,-1000.0,2,1,1,0.0,4.0,57,9.5,0,1
CustomerId_7442,-64000.0,-2461.5384615384614,1028.8155998338761,-1000.0,-5000.0,26,2,1,0.0,4.0,8,13.423076923076923,1,0
CustomerId_7443,-16000.0,-2666.6666666666665,516.3977794943222,-2000.0,-3000.0,6,1,1,0.0,4.0,53,16.0,0,1
CustomerId_7444,-20000.0,-20000.0,0.0,-20000.0,-20000.0,1,1,1,0.0,4.0,69,9.0,0,1
CustomerId_7445,-6000.0,-2000.0,0.0,-2000.0,-2000.0,3,1,1,0.0,4.0,79,9.0,0,1
CustomerId_7446,-1000.0,-500.0,0.0,-500.0,-500.0,2,1,1,0.0,4.0,61,10.5,0,1
CustomerId_7447,-54000.0,-13500.0,7681.145747868608,-5000.0,-20000.0,4,1,1,0.0,4.0,6,8.5,1,0
CustomerId_7448,-2000.0,-2000.0,0.0,-2000.0,-2000.0,1,1,1,0.0,4.0,68,19.0,0,1
CustomerId_745,500.0,500.0,0.0,500.0,500.0,1,1,1,0.0,4.0,23,12.0,1,0
CustomerId_7450,-261000.0,-20076.923076923078,7587.945906299219,-3000.0,-25000.0,13,1,1,0.0,4.0,25,7.769230769230769,1,0
CustomerId_7451,-13431.0,-1918.7142857142858,1090.8337353122326,-1000.0,-4000.0,7,1,1,0.0,4.0,39,10.571428571428571,0,1
CustomerId_7452,-285000.0,-31666.666666666668,19364.916731037083,-5000.0,-50000.0,9,3,2,0.0,3.5555555555555554,31,9.444444444444445,1,0
CustomerId_7453,3000.0,500.0,0.0,500.0,500.0,6,1,1,0.0,0.0,69,11.5,0,1
CustomerId_7454,-1600.0,-800.0,282.842712474619,-600.0,-1000.0,2,1,1,0.0,4.0,57,11.5,0,1
CustomerId_7455,-130000.0,-65000.0,7071.067811865475,-60000.0,-70000.0,2,1,1,0.0,4.0,1,11.5,1,0
CustomerId_7456,-70000.0,-35000.0,7071.067811865475,-30000.0,-40000.0,2,1,1,0.0,4.0,1,11.5,1,0
CustomerId_7457,-200000.0,-100000.0,0.0,-100000.0,-100000.0,2,1,1,0.0,4.0,1,11.5,1,0
CustomerId_7458,-120000.0,-40000.0,0.0,-40000.0,-40000.0,3,1,1,0.0,4.0,1,12.0,1,0
CustomerId_7459,-180000.0,-60000.0,0.0,-60000.0,-60000.0,3,1,1,0.0,4.0,1,12.0,1,0
CustomerId_746,1000.0,1000.0,0.0,1000.0,1000.0,1,1,1,0.0,2.0,0,19.0,1,0
CustomerId_7460,-120000.0,-40000.0,10000.0,-30000.0,-50000.0,3,1,1,0.0,4.0,1,12.0,1,0
CustomerId_7461,-180000.0,-60000.0,10000.0,-50000.0,-70000.0,3,1,1,0.0,4.0,1,12.0,1,0
CustomerId_7462,-150000.0,-50000.0,0.0,-50000.0,-50000.0,3,1,1,0.0,4.0,1,12.0,1,0
CustomerId_7463,-150000.0,-50000.0,0.0,-50000.0,-50000.0,3,1,1,0.0,4.0,1,12.0,1,0
CustomerId_7464,-100000.0,-50000.0,0.0,-50000.0,-50000.0,2,1,1,0.0,4.0,1,11.5,1,0
CustomerId_7465,-100000.0,-50000.0,0.0,-50000.0,-50000.0,2,1,1,0.0,4.0,1,11.5,1,0
CustomerId_7466,-46000.0,-9200.0,3563.7059362410923,-4000.0,-13000.0,5,2,1,0.0,4.0,28,11.2,1,0
CustomerId_7467,-11500.0,-1916.6666666666667,1357.0801990548189,-500.0,-4000.0,6,3,1,0.0,4.0,55,14.333333333333334,0,1
CustomerId_7468,-11000.0,-5500.0,2121.3203435596424,-4000.0,-7000.0,2,2,1,0.0,4.0,73,18.0,0,1
CustomerId_7469,-1000.0,-1000.0,0.0,-1000.0,-1000.0,1,1,1,0.0,4.0,75,14.0,0,1
CustomerId_7470,-10000.0,-10000.0,0.0,-10000.0,-10000.0,1,1,1,0.0,4.0,83,16.0,0,1
CustomerId_7471,-10000.0,-10000.0,0.0,-10000.0,-10000.0,1,1,1,0.0,4.0,83,16.0,0,1
CustomerId_7472,-10000.0,-10000.0,0.0,-10000.0,-10000.0,1,1,1,0.0,4.0,83,16.0,0,1
CustomerId_7473,-10000.0,-10000.0,0.0,-10000.0,-10000.0,1,1,1,0.0,4.0,83,16.0,0,1
CustomerId_7474,-10000.0,-10000.0,0.0,-10000.0,-10000.0,1,1,1,0.0,4.0,83,16.0,0,1
CustomerId_7475,-6000.0,-2000.0,2179.449471770337,-500.0,-4500.0,3,2,2,0.0,3.3333333333333335,37,9.666666666666666,0,1
CustomerId_7476,-213400.0,-9278.260869565218,9563.137395120111,-1000.0,-31400.0,23,3,2,0.0,3.9130434782608696,33,10.347826086956522,1,0
CustomerId_7477,-2000.0,-2000.0,0.0,-2000.0,-2000.0,1,1,1,0.0,4.0,55,11.0,0,1
CustomerId_7478,500.0,500.0,0.0,500.0,500.0,1,1,1,0.0,2.0,12,6.0,1,0
CustomerId_7479,500.0,500.0,0.0,500.0,500.0,1,1,1,0.0,2.0,12,8.0,1,0
CustomerId_748,7000.0,2333.3333333333335,6658.328118479393,10000.0,-2000.0,3,2,2,0.0,2.0,45,7.0,0,1
CustomerId_749,3000.0,1500.0,3535.5339059327375,4000.0,-1000.0,2,2,2,0.0,3.0,37,21.0,0,1
CustomerId_753,2000.0,2000.0,0.0,2000.0,2000.0,1,1,1,0.0,2.0,68,22.0,0,1
CustomerId_754,950.0,237.5,962.0940702446928,1000.0,-1000.0,4,3,2,0.0,2.0,13,17.25,1,0
CustomerId_755,500.0,500.0,0.0,500.0,500.0,1,1,1,0.0,4.0,56,18.0,0,1
CustomerId_756,5000.0,5000.0,0.0,5000.0,5000.0,1,1,1,0.0,4.0,63,11.0,0,1
CustomerId_757,-510.0,-170.0,762.6925986267338,500.0,-1000.0,3,2,2,0.0,2.0,69,22.0,0,1
CustomerId_759,876069.5,5840.463333333333,11432.967173174018,70000.0,-5000.0,150,10,5,0.0,2.04,0,13.593333333333334,1,0
CustomerId_760,60000.0,5454.545454545455,8214.665378013111,20000.0,-5000.0,11,4,2,0.0,2.0,11,18.0,1,0
CustomerId_761,291389.0,1776.7621951219512,3681.90646112862,27000.0,-5000.0,164,7,5,0.0,2.8292682926829267,0,11.981707317073171,1,0
CustomerId_764,90000.0,5000.0,5953.150426454887,10000.0,-5000.0,18,3,2,0.0,2.0,19,11.333333333333334,1,0
CustomerId_767,4475.0,1118.75,2661.091176566485,5000.0,-1000.0,4,3,3,0.0,2.5,9,20.25,1,0
CustomerId_768,2000.0,1000.0,0.0,1000.0,1000.0,2,1,1,0.0,1.0,46,14.0,0,1
CustomerId_770,29090.5,1385.2619047619048,1748.1197586195835,5000.0,-1000.0,21,5,3,0.0,2.380952380952381,19,13.095238095238095,1,0
CustomerId_771,2000.0,2000.0,0.0,2000.0,2000.0,1,1,1,0.0,2.0,29,12.0,1,0
CustomerId_773,20000.0,4000.0,6745.368781616021,10000.0,-5000.0,5,3,2,0.0,2.0,4,10.2,1,0
CustomerId_774,32000.0,1333.3333333333333,2680.664123855791,12000.0,-1000.0,24,4,2,0.0,2.1666666666666665,1,13.458333333333334,1,0
CustomerId_775,47205.0,1475.15625,2128.6522634449607,5000.0,-1000.0,32,4,3,0.0,3.0625,23,13.53125,1,0
CustomerId_776,99945.0,1885.754716981132,5039.946046359793,30000.0,-5000.0,53,7,4,0.0,2.0,28,12.88679245283019,1,0
CustomerId_778,10000.0,10000.0,0.0,10000.0,10000.0,1,1,1,0.0,2.0,75,3.0,0,1
CustomerId_779,20000.0,5000.0,7071.067811865475,10000.0,-5000.0,4,3,2,0.0,2.0,46,10.0,0,1
CustomerId_780,5900.0,1475.0,2665.0515942472857,5000.0,-1000.0,4,3,2,0.0,2.0,11,13.25,1,0
CustomerId_781,2000.0,2000.0,0.0,2000.0,2000.0,1,1,1,0.0,2.0,61,4.0,0,1
CustomerId_784,270650.5,1582.751461988304,5184.821579939533,50000.0,-5000.0,171,7,3,0.0,2.0,4,14.602339181286549,1,0
CustomerId_785,50000.0,50000.0,0.0,50000.0,50000.0,1,1,1,0.0,2.0,22,14.0,1,0
CustomerId_786,123923.8,1795.9971014492753,6976.325003517062,39000.0,-6000.0,69,10,5,0.0,2.4057971014492754,11,10.840579710144928,1,0
CustomerId_787,1000.0,1000.0,0.0,1000.0,1000.0,1,1,1,0.0,4.0,45,2.0,0,1
CustomerId_789,10000.0,2500.0,6757.711644237764,10000.0,-5000.0,4,2,2,0.0,2.5,18,16.0,1,0
CustomerId_790,491441.4,3412.7875000000004,6665.834287612663,29000.0,-5000.0,144,9,5,0.0,2.076388888888889,2,11.381944444444445,1,0
CustomerId_791,21105.0,659.53125,640.1541641125558,2000.0,-100.0,32,3,2,0.0,3.125,20,10.65625,1,0
CustomerId_793,29986.0,2498.8333333333335,4498.056344554599,15000.0,-1000.0,12,5,3,0.0,2.8333333333333335,0,11.083333333333334,1,0
CustomerId_794,-20.0,-6.666666666666667,1000.0666644445926,1000.0,-1000.0,3,2,2,0.0,2.6666666666666665,32,14.0,1,0
CustomerId_795,1500.0,750.0,353.5533905932738,1000.0,500.0,2,1,1,0.0,4.0,35,11.5,1,0
CustomerId_797,237693.7,3656.826153846154,12677.393205356202,100000.0,-1000.0,65,9,4,0.0,2.0,32,8.984615384615385,1,0
CustomerId_798,140750.0,14075.0,30411.997358498724,100000.0,-1000.0,10,3,2,0.0,2.4,22,12.0,1,0
CustomerId_799,20000.0,4000.0,6745.368781616021,10000.0,-5000.0,5,3,2,0.0,2.0,32,12.0,1,0
CustomerId_8,-10000.0,-10000.0,0.0,-10000.0,-10000.0,1,1,1,0.0,4.0,83,16.0,0,1
CustomerId_800,338606.5,5643.441666666667,12978.235742016444,60000.0,-5000.0,60,9,5,0.0,1.9833333333333334,1,10.35,1,0
CustomerId_801,9750.0,1625.0,2690.6783531295596,5000.0,-1000.0,6,4,2,0.0,2.0,24,18.666666666666668,1,0
CustomerId_802,-525.0,-175.0,761.1668673819164,500.0,-1000.0,3,2,2,0.0,2.6666666666666665,19,23.0,1,0
CustomerId_804,24000.0,6000.0,2000.0,9000.0,5000.0,4,1,1,0.0,2.0,86,11.25,0,1
CustomerId_806,2002972.8,3596.0014362657093,38535.62191423637,900000.0,-5000.0,557,9,5,0.0017953321364452424,2.0,1,13.18491921005386,1,0
CustomerId_807,3920.0,980.0,1433.2248020925863,3000.0,-60.0,4,2,2,0.0,2.0,78,17.25,0,1
CustomerId_808,31825.0,1060.8333333333333,1107.5813065300051,4000.0,-75.0,30,5,2,0.0,2.0,22,10.5,1,0
CustomerId_810,38882.0,2990.923076923077,3966.8924542505238,10000.0,-622.0,13,4,3,0.0,2.4615384615384617,25,12.615384615384615,1,0
CustomerId_812,1000.0,1000.0,0.0,1000.0,1000.0,1,1,1,0.0,2.0,6,6.0,1,0
CustomerId_813,-50.0,-16.666666666666668,1000.4165798972613,1000.0,-1000.0,3,2,2,0.0,2.6666666666666665,67,5.0,0,1
CustomerId_814,419300.0,6166.176470588235,8833.493137664704,31200.0,-5000.0,68,6,3,0.0,2.0,5,12.735294117647058,1,0
CustomerId_816,1000.0,333.3333333333333,1154.7005383792516,1000.0,-1000.0,3,3,2,0.0,2.0,36,12.333333333333334,0,1
CustomerId_821,26770.8,3824.4,5067.291984219316,10000.0,-1000.0,7,4,3,0.0,2.0,30,18.714285714285715,1,0
CustomerId_823,100000.0,4166.666666666667,5743.856201017833,10000.0,-5000.0,24,4,2,0.0,2.0,19,9.083333333333334,1,0
CustomerId_824,5000.0,5000.0,0.0,5000.0,5000.0,1,1,1,0.0,2.0,75,6.0,0,1
CustomerId_825,33500.0,2093.75,3398.780418522699,10000.0,-1000.0,16,3,2,0.0,2.125,68,11.0625,0,1
CustomerId_826,1500.0,750.0,353.5533905932738,1000.0,500.0,2,1,1,0.0,2.0,56,9.0,0,1
CustomerId_827,1000.0,1000.0,0.0,1000.0,1000.0,1,1,1,0.0,2.0,70,20.0,0,1
CustomerId_828,39863.0,3066.3846153846152,9035.745122737633,33000.0,-462.0,13,3,3,0.0,2.923076923076923,6,10.846153846153847,1,0
CustomerId_829,2850.0,1425.0,2227.3863607376247,3000.0,-150.0,2,2,2,0.0,3.0,72,19.0,0,1
CustomerId_830,40000.0,5714.285714285715,9516.902257112268,20000.0,-5000.0,7,4,2,0.0,2.0,32,10.0,1,0
CustomerId_832,2865.0,358.125,459.7665362519796,1000.0,-50.0,8,3,2,0.0,2.0,76,9.25,0,1
CustomerId_834,300000.0,300000.0,0.0,300000.0,300000.0,1,1,1,0.0,0.0,76,10.0,0,1
CustomerId_838,1000.0,1000.0,0.0,1000.0,1000.0,1,1,1,0.0,4.0,54,20.0,0,1
CustomerId_839,378436.0,4672.049382716049,6994.941972420562,20000.0,-5000.0,81,7,5,0.0,1.4320987654320987,0,10.938271604938272,1,0
CustomerId_840,33430.0,1453.4782608695652,2872.044898192436,10000.0,-1000.0,23,5,3,0.0,2.0,4,8.652173913043478,1,0
CustomerId_841,6250.0,892.8571428571429,902.5097282156073,2000.0,-50.0,7,3,2,0.0,2.0,86,15.428571428571429,0,1
CustomerId_842,4240.0,471.1111111111111,985.7635929121703,2000.0,-1000.0,9,4,3,0.0,2.888888888888889,67,12.88888888888889,0,1
CustomerId_843,27935.0,997.6785714285714,941.5329129618763,3000.0,-50.0,28,5,3,0.0,2.2857142857142856,0,14.25,1,0
CustomerId_844,30000.0,10000.0,0.0,10000.0,10000.0,3,1,1,0.0,1.0,86,16.0,0,1
CustomerId_845,20000.0,4000.0,6745.368781616021,10000.0,-5000.0,5,3,2,0.0,2.0,11,15.0,1,0
CustomerId_846,41000.0,8200.0,23805.461558222305,50000.0,-10000.0,5,3,2,0.0,2.4,34,10.2,1,0
CustomerId_847,19000.0,2714.285714285714,4855.041562276122,10000.0,-5000.0,7,4,2,0.0,2.0,74,17.0,0,1
CustomerId_848,19000.0,3166.6666666666665,7626.707459098367,10000.0,-5000.0,6,3,2,0.0,1.6666666666666667,46,16.0,0,1
CustomerId_851,1500.0,750.0,353.5533905932738,1000.0,500.0,2,1,1,0.0,2.0,25,9.0,1,0
CustomerId_853,100000.0,3571.4285714285716,5304.495447982961,10200.0,-5000.0,28,4,2,0.0,2.0,0,14.535714285714286,1,0
CustomerId_854,5500.0,2750.0,3181.9805153394636,5000.0,500.0,2,2,2,0.0,2.0,33,15.5,1,0
CustomerId_855,40000.0,6666.666666666667,9831.92080250175,20000.0,-5000.0,6,4,2,0.0,2.0,4,10.0,1,0
CustomerId_856,3001000.0,600200.0,334962.9830294685,750000.0,1000.0,5,1,1,0.8,2.0,25,9.4,1,0
CustomerId_857,50000.0,3571.4285714285716,8741.715073003834,20000.0,-5000.0,14,4,3,0.0,2.5714285714285716,0,14.5,1,0
CustomerId_858,24279.0,2023.25,3079.907824033936,10000.0,-1000.0,12,5,3,0.0,2.0,14,8.75,1,0
CustomerId_860,140000.0,3589.74358974359,6794.107155306485,10700.0,-5000.0,39,4,3,0.0,2.5641025641025643,0,10.307692307692308,1,0
CustomerId_861,10000.0,10000.0,0.0,10000.0,10000.0,1,1,1,0.0,2.0,37,6.0,0,1
CustomerId_863,25000.0,25000.0,0.0,25000.0,25000.0,1,1,1,0.0,2.0,71,5.0,0,1
CustomerId_864,20000.0,10000.0,0.0,10000.0,10000.0,2,1,1,0.0,2.0,57,18.0,0,1
CustomerId_865,2278396.0,44674.43137254902,157486.10292305218,1000000.0,-5000.0,51,9,4,0.058823529411764705,2.0,21,15.705882352941176,1,0
CustomerId_867,20000.0,20000.0,0.0,20000.0,20000.0,1,1,1,0.0,2.0,22,16.0,1,0
CustomerId_868,900.0,900.0,0.0,900.0,900.0,1,1,1,0.0,4.0,65,18.0,0,1
CustomerId_870,1000.0,1000.0,0.0,1000.0,1000.0,1,1,1,0.0,4.0,36,19.0,0,1
CustomerId_872,92168.0,1071.7209302325582,1846.5953959917551,10000.0,-1000.0,86,5,3,0.0,2.0,0,10.511627906976743,1,0
CustomerId_873,339205.5,2899.1923076923076,6496.085252781541,28000.0,-14500.0,117,11,4,0.0,2.0854700854700856,0,10.649572649572649,1,0
CustomerId_877,19000.0,3800.0,6685.805860178712,10000.0,-5000.0,5,2,2,0.0,2.8,54,8.8,0,1
CustomerId_880,104000.0,20800.0,44274.145954495834,100000.0,1000.0,5,2,2,0.0,1.4,86,20.0,0,1
CustomerId_881,44000.0,14666.666666666666,9237.604307034013,20000.0,4000.0,3,1,1,0.0,2.0,74,19.0,0,1
CustomerId_882,40000.0,4000.0,6164.414002968976,10000.0,-5000.0,10,3,2,0.0,2.0,11,19.4,1,0
CustomerId_883,20500.0,1576.923076923077,3510.9718137465984,10000.0,-5000.0,13,5,2,0.0,2.0,88,16.53846153846154,0,1
CustomerId_884,19200.0,3840.0,6732.235884162112,10100.0,-5000.0,5,3,2,0.0,2.0,46,13.0,0,1
CustomerId_885,41500.0,8300.0,10680.58987135074,20000.0,500.0,5,2,2,0.0,2.0,67,14.0,0,1
CustomerId_887,7800.0,1300.0,1441.1800720243116,3000.0,-150.0,6,4,2,0.0,2.0,6,6.166666666666667,1,0
CustomerId_888,20000.0,4000.0,6558.963332722634,10000.0,-5000.0,5,3,2,0.0,2.0,88,12.2,0,1
CustomerId_889,22000.0,2750.0,3702.8946206216256,10000.0,-1000.0,8,4,2,0.0,2.0,28,15.25,1,0
CustomerId_89,5000.0,5000.0,0.0,5000.0,5000.0,1,1,1,0.0,2.0,29,20.0,1,0
CustomerId_890,60000.0,60000.0,0.0,60000.0,60000.0,1,1,1,0.0,2.0,53,20.0,0,1
CustomerId_892,40000.0,3333.3333333333335,7270.404932243312,10700.0,-5000.0,12,3,2,0.0,2.6666666666666665,54,11.5,0,1
CustomerId_893,6468.0,1617.0,3421.435761002487,6600.0,-1000.0,4,3,3,0.0,2.0,0,7.0,1,0
CustomerId_894,9353.0,1558.8333333333333,4178.701732197055,10000.0,-1000.0,6,4,3,0.0,2.3333333333333335,5,9.0,1,0
CustomerId_895,19000.0,3166.6666666666665,7626.707459098367,10000.0,-5000.0,6,3,2,0.0,1.6666666666666667,53,19.0,0,1
CustomerId_896,980.0,245.0,959.218431849597,1000.0,-1000.0,4,3,2,0.0,2.0,54,8.5,0,1
CustomerId_898,39000.0,5571.428571428572,9431.456989902512,20000.0,-5000.0,7,4,2,0.0,2.0,47,6.0,0,1
CustomerId_899,10000.0,10000.0,0.0,10000.0,10000.0,1,1,1,0.0,2.0,90,9.0,0,1
CustomerId_9,-10000.0,-10000.0,0.0,-10000.0,-10000.0,1,1,1,0.0,4.0,83,16.0,0,1
CustomerId_900,20529.0,892.5652173913044,961.4305073968476,2000.0,-496.0,23,4,3,0.0,2.6956521739130435,9,16.130434782608695,1,0
CustomerId_903,18500.0,1233.3333333333333,1817.1471623189493,5000.0,-1000.0,15,3,2,0.0,2.0,42,13.866666666666667,0,1
CustomerId_905,920125.0,5444.526627218935,11661.695198110438,90000.0,-5000.0,169,8,5,0.0,2.591715976331361,0,10.70414201183432,1,0
CustomerId_906,78179.2,1532.9254901960783,4296.395989563493,25000.0,-1000.0,51,5,3,0.0,2.0,62,10.666666666666666,0,1
CustomerId_907,1000.0,1000.0,0.0,1000.0,1000.0,1,1,1,0.0,4.0,61,18.0,0,1
CustomerId_908,323413.0,1184.6630036630036,1777.5842341631399,15000.0,-250.0,273,6,2,0.0,2.0073260073260073,5,12.212454212454212,1,0
CustomerId_909,83451240.0,725662.9565217391,1297279.3266347803,7000000.0,-3000.0,115,3,2,0.26956521739130435,1.982608695652174,11,15.060869565217391,1,0
CustomerId_911,20000.0,2857.1428571428573,5580.578567035604,10000.0,-5000.0,7,4,2,0.0,2.0,32,12.857142857142858,1,0
CustomerId_912,51150.0,1420.8333333333333,1536.1070926208238,5000.0,-250.0,36,2,2,0.0,3.0555555555555554,13,16.055555555555557,1,0
CustomerId_913,97100.0,1733.9285714285713,5155.191532839467,34000.0,-75.0,56,5,2,0.0,2.0,18,12.178571428571429,1,0
CustomerId_915,4000.0,2000.0,0.0,2000.0,2000.0,2,2,2,0.0,2.0,39,19.0,0,1
CustomerId_916,181320.0,20146.666666666668,21233.81589587703,46255.0,1000.0,9,2,2,0.0,2.5555555555555554,56,11.11111111111111,0,1
CustomerId_917,5000.0,5000.0,0.0,5000.0,5000.0,1,1,1,0.0,2.0,4,15.0,1,0
CustomerId_919,234000.0,46800.0,45482.96384361952,80000.0,-5000.0,5,2,2,0.0,2.0,59,11.0,0,1
CustomerId_920,56115.0,2004.107142857143,2538.2791828948716,10000.0,-1000.0,28,4,2,0.0,2.0,27,19.107142857142858,1,0
CustomerId_921,60000.0,4000.0,6000.0,10000.0,-5000.0,15,4,2,0.0,2.0,11,9.333333333333334,1,0
CustomerId_922,24340.0,1281.0526315789473,2816.5190192798113,10000.0,-1000.0,19,5,2,0.0,2.0,0,13.31578947368421,1,0
CustomerId_923,33731.0,1686.55,3938.8630001829874,15000.0,-1000.0,20,8,4,0.0,2.0,8,10.05,1,0
CustomerId_924,2800.0,1400.0,565.685424949238,1800.0,1000.0,2,2,2,0.0,3.0,7,4.0,1,0
CustomerId_925,7000.0,2333.3333333333335,2309.401076758503,5000.0,1000.0,3,2,2,0.0,1.3333333333333333,7,18.0,1,0
CustomerId_926,1000.0,1000.0,0.0,1000.0,1000.0,1,1,1,0.0,2.0,22,16.0,1,0
CustomerId_927,70000.0,4117.64705882353,7432.045083127999,11000.0,-5000.0,17,3,2,0.0,2.823529411764706,1,10.823529411764707,1,0
CustomerId_928,-20.0,-6.666666666666667,1000.0666644445926,1000.0,-1000.0,3,2,2,0.0,2.6666666666666665,59,16.0,0,1
CustomerId_929,40000.0,10000.0,0.0,10000.0,10000.0,4,1,1,0.0,2.0,67,16.25,0,1
CustomerId_930,64000.0,3764.705882352941,6639.553936115606,10700.0,-5000.0,17,3,2,0.0,2.1176470588235294,40,15.411764705882353,0,1
CustomerId_931,3747.0,374.7,738.9593358230208,1500.0,-1000.0,10,4,3,0.0,2.8,17,15.4,1,0
CustomerId_932,60825.0,2764.7727272727275,2473.3419060014094,6000.0,-100.0,22,5,3,0.0,2.090909090909091,4,11.863636363636363,1,0
CustomerId_934,25000.0,12500.0,3535.5339059327375,15000.0,10000.0,2,1,1,0.0,2.0,0,21.0,1,0
CustomerId_936,5000.0,5000.0,0.0,5000.0,5000.0,1,1,1,0.0,2.0,0,16.0,1,0
CustomerId_938,475.0,118.75,855.2229241548662,1000.0,-1000.0,4,3,2,0.0,2.5,19,9.0,1,0
CustomerId_940,49750.0,3826.923076923077,6861.262498762387,25000.0,-1000.0,13,3,2,0.0,2.0,15,14.153846153846153,1,0
CustomerId_942,14000.0,7000.0,4242.640687119285,10000.0,4000.0,2,2,2,0.0,3.0,61,10.0,0,1
CustomerId_943,-12700.0,-1411.111111111111,564.4564740625367,-500.0,-2100.0,9,3,2,0.0,3.3333333333333335,4,11.88888888888889,1,0
CustomerId_944,1800.0,900.0,141.4213562373095,1000.0,800.0,2,1,1,0.0,2.0,5,13.0,1,0
CustomerId_945,0.0,0.0,866.0254037844386,500.0,-1000.0,3,3,2,0.0,2.0,35,7.0,1,0
CustomerId_946,500.0,500.0,0.0,500.0,500.0,1,1,1,0.0,2.0,37,11.0,0,1
CustomerId_947,10000.0,10000.0,0.0,10000.0,10000.0,1,1,1,0.0,2.0,30,13.0,1,0
CustomerId_948,500.0,500.0,0.0,500.0,500.0,1,1,1,0.0,4.0,7,14.0,1,0
CustomerId_949,1000.0,1000.0,0.0,1000.0,1000.0,1,1,1,0.0,1.0,74,14.0,0,1
CustomerId_951,90000.0,4285.714285714285,8174.000594218581,20000.0,-5000.0,21,3,2,0.0,2.5714285714285716,0,16.142857142857142,1,0
CustomerId_954,20000.0,4000.0,6745.368781616021,10000.0,-5000.0,5,3,2,0.0,2.0,4,14.0,1,0
CustomerId_957,1000.0,1000.0,0.0,1000.0,1000.0,1,1,1,0.0,4.0,33,14.0,1,0
CustomerId_958,10000.0,10000.0,0.0,10000.0,10000.0,1,1,1,0.0,2.0,47,9.0,0,1
CustomerId_959,58451.5,1359.3372093023256,3693.8845128532084,20000.0,-1000.0,43,5,3,0.0,2.8372093023255816,17,11.813953488372093,1,0
CustomerId_960,120795.0,2745.340909090909,6413.666675928478,24000.0,-5000.0,44,6,3,0.0,1.9545454545454546,0,13.113636363636363,1,0
CustomerId_961,15000.0,15000.0,0.0,15000.0,15000.0,1,1,1,0.0,2.0,36,15.0,0,1
CustomerId_962,9705.0,970.5,1333.575915432722,3000.0,-1000.0,10,4,2,0.0,2.0,28,15.2,1,0
CustomerId_963,2960.0,740.0,1506.784656146989,2000.0,-1000.0,4,3,2,0.0,2.0,56,11.0,0,1
CustomerId_966,1500.0,750.0,353.5533905932738,1000.0,500.0,2,1,1,0.0,2.0,34,11.5,1,0
CustomerId_967,100000.0,100000.0,0.0,100000.0,100000.0,1,1,1,0.0,2.0,64,19.0,0,1
CustomerId_968,27475.0,3434.375,6854.520634223811,20000.0,-1000.0,8,5,4,0.0,2.0,4,18.625,1,0
CustomerId_969,596588.0,4114.4,10334.594199553481,80000.0,-5000.0,145,7,4,0.0,2.0,4,10.565517241379311,1,0
CustomerId_972,20000.0,4000.0,6745.368781616021,10000.0,-5000.0,5,3,2,0.0,2.0,11,18.0,1,0
CustomerId_974,900.0,225.0,838.1527307120105,900.0,-1000.0,4,3,2,0.0,2.0,36,11.0,0,1
CustomerId_975,2000.0,2000.0,0.0,2000.0,2000.0,1,1,1,0.0,2.0,75,12.0,0,1
CustomerId_977,526774.0,8779.566666666668,12810.431109016981,49600.0,-5000.0,60,7,4,0.0,2.0,9,11.533333333333333,1,0
CustomerId_978,40000.0,20000.0,0.0,20000.0,20000.0,2,1,1,0.0,2.0,76,5.0,0,1
CustomerId_979,80000.0,4705.882352941177,6302.427170169769,10000.0,-5000.0,17,3,2,0.0,2.0,11,13.0,1,0
CustomerId_982,20000.0,3333.3333333333335,7814.516406449389,11000.0,-5000.0,6,3,2,0.0,1.6666666666666667,32,15.0,1,0
CustomerId_986,950.0,237.5,962.0940702446928,1000.0,-1000.0,4,3,2,0.0,2.0,5,8.0,1,0
CustomerId_987,12000.0,3000.0,11460.075625114056,20000.0,-5000.0,4,2,2,0.0,2.0,68,11.25,0,1
CustomerId_988,228727.2,6019.136842105264,17169.241609853503,100000.0,-10000.0,38,8,5,0.0,2.5789473684210527,5,13.763157894736842,1,0
CustomerId_989,10000.0,10000.0,0.0,10000.0,10000.0,1,1,1,0.0,4.0,11,14.0,1,0
CustomerId_990,8650.0,961.1111111111111,1356.8754958031745,3000.0,-1000.0,9,3,2,0.0,3.111111111111111,15,11.555555555555555,1,0
CustomerId_991,2000.0,2000.0,0.0,2000.0,2000.0,1,1,1,0.0,2.0,13,18.0,1,0
CustomerId_992,20000.0,3333.3333333333335,6088.2400303098,10000.0,-5000.0,6,3,2,0.0,2.0,4,10.0,1,0
CustomerId_993,20000.0,4000.0,6745.368781616021,10000.0,-5000.0,5,3,2,0.0,2.0,25,15.0,1,0
CustomerId_994,543873.0,5384.881188118812,14800.656784269493,90000.0,-5000.0,101,6,3,0.0,2.0396039603960396,0,13.900990099009901,1,0
CustomerId_996,139000.0,8176.470588235294,4433.329647647001,10000.0,-5000.0,17,3,2,0.0,2.0,67,14.470588235294118,0,1
CustomerId_998,100000.0,4545.454545454545,6775.145563203599,10000.0,-5000.0,22,3,2,0.0,2.8181818181818183,0,13.136363636363637,1,0
